{
	"editor": {
		"allAngles": false,
		"entityTextureMode": false
	},
	"textureWidth": 16,
	"textureHeight": 16,
	"textureSizes": {
	},
	"textures": {
		"leather": "game:item/resource/rot/rot-solids"
	},
	"elements": [
		{
			"name": "origin",
			"from": [ 8.0, 0.0, 8.0 ], 
			"to": [ 8.0, 0.0, 8.0 ], 
			"rotationOrigin": [ 8.0, 0.0, 8.0 ],
			"faces": {
				"north": { "texture": "#null", "uv": [ 12.5, 3.0, 13.0, 3.5 ], "enabled": false },
				"east": { "texture": "#null", "uv": [ 1.5, 1.5, 2.0, 2.0 ], "enabled": false },
				"south": { "texture": "#null", "uv": [ 4.5, 6.5, 5.0, 7.0 ], "enabled": false },
				"west": { "texture": "#null", "uv": [ 7.0, 3.0, 7.5, 3.5 ], "enabled": false },
				"up": { "texture": "#null", "uv": [ 4.0, 0.5, 4.5, 1.0 ], "enabled": false },
				"down": { "texture": "#null", "uv": [ 2.5, 8.0, 3.0, 8.5 ], "enabled": false }
			},
			"children": [
				{
					"name": "leather",
					"from": [ -4.0, 0.0, -5.0 ], 
					"to": [ 4.0, 1.0, 5.0 ], 
					"rotationOrigin": [ 0.0, 0.0, 0.0 ],
					"rotationY": -22.5,
					"faces": {
						"north": { "texture": "#leather", "uv": [ 1.5, 5.5, 9.5, 6.5 ] },
						"east": { "texture": "#leather", "uv": [ 1.0, 9.0, 11.0, 10.0 ] },
						"south": { "texture": "#leather", "uv": [ 6.5, 7.5, 14.5, 8.5 ] },
						"west": { "texture": "#leather", "uv": [ 3.0, 8.0, 13.0, 9.0 ] },
						"up": { "texture": "#leather", "uv": [ 5.5, 1.0, 13.5, 11.0 ] },
						"down": { "texture": "#leather", "uv": [ 7.0, 2.0, 15.0, 12.0 ] }
					},
					"children": [
						{
							"name": "w1",
							"from": [ -1.0, 0.0, 1.0 ], 
							"to": [ 0.0, 1.0, 6.0 ], 
							"rotationOrigin": [ -1.0, 0.0, 1.0 ],
							"faces": {
								"north": { "texture": "#leather", "uv": [ 14.5, 7.0, 15.5, 8.0 ] },
								"east": { "texture": "#leather", "uv": [ 5.0, 9.5, 10.0, 10.5 ], "enabled": false },
								"south": { "texture": "#leather", "uv": [ 13.0, 6.0, 14.0, 7.0 ] },
								"west": { "texture": "#leather", "uv": [ 2.5, 3.0, 7.5, 4.0 ] },
								"up": { "texture": "#leather", "uv": [ 1.5, 8.5, 2.5, 13.5 ] },
								"down": { "texture": "#leather", "uv": [ 4.0, 2.0, 5.0, 7.0 ] }
							}
						},
						{
							"name": "w2",
							"from": [ -2.0, 0.0, 1.5 ], 
							"to": [ -1.0, 1.0, 4.5 ], 
							"rotationOrigin": [ -2.0, 0.0, 1.5 ],
							"faces": {
								"north": { "texture": "#leather", "uv": [ 6.0, 0.0, 7.0, 1.0 ] },
								"east": { "texture": "#leather", "uv": [ 5.5, 11.5, 8.5, 12.5 ], "enabled": false },
								"south": { "texture": "#leather", "uv": [ 2.5, 7.0, 3.5, 8.0 ] },
								"west": { "texture": "#leather", "uv": [ 4.5, 6.0, 7.5, 7.0 ] },
								"up": { "texture": "#leather", "uv": [ 8.0, 1.0, 9.0, 4.0 ] },
								"down": { "texture": "#leather", "uv": [ 9.5, 9.5, 10.5, 12.5 ] }
							}
						},
						{
							"name": "s1",
							"from": [ 2.0, 0.0, 10.0 ], 
							"to": [ 7.0, 1.0, 11.0 ], 
							"rotationOrigin": [ 2.0, 0.0, 10.0 ],
							"faces": {
								"north": { "texture": "#leather", "uv": [ 8.5, 10.5, 13.5, 11.5 ], "enabled": false },
								"east": { "texture": "#leather", "uv": [ 5.5, 4.5, 6.5, 5.5 ] },
								"south": { "texture": "#leather", "uv": [ 9.5, 5.0, 14.5, 6.0 ] },
								"west": { "texture": "#leather", "uv": [ 3.5, 12.0, 4.5, 13.0 ] },
								"up": { "texture": "#leather", "uv": [ 3.5, 14.0, 8.5, 15.0 ] },
								"down": { "texture": "#leather", "uv": [ 8.5, 3.5, 13.5, 4.5 ] }
							}
						},
						{
							"name": "s2",
							"from": [ 3.0, 0.0, 11.0 ], 
							"to": [ 6.0, 1.0, 12.0 ], 
							"rotationOrigin": [ 3.0, 0.0, 11.0 ],
							"faces": {
								"north": { "texture": "#leather", "uv": [ 8.5, 0.5, 11.5, 1.5 ], "enabled": false },
								"east": { "texture": "#leather", "uv": [ 6.0, 2.5, 7.0, 3.5 ] },
								"south": { "texture": "#leather", "uv": [ 2.5, 3.5, 5.5, 4.5 ] },
								"west": { "texture": "#leather", "uv": [ 5.0, 10.0, 6.0, 11.0 ] },
								"up": { "texture": "#leather", "uv": [ 2.0, 13.0, 5.0, 14.0 ] },
								"down": { "texture": "#leather", "uv": [ 9.0, 6.5, 12.0, 7.5 ] }
							}
						},
						{
							"name": "e1",
							"from": [ 8.0, 0.0, 1.0 ], 
							"to": [ 9.0, 1.0, 8.0 ], 
							"rotationOrigin": [ 8.0, 0.0, 1.0 ],
							"faces": {
								"north": { "texture": "#leather", "uv": [ 7.5, 14.5, 8.5, 15.5 ] },
								"east": { "texture": "#leather", "uv": [ 3.5, 12.5, 10.5, 13.5 ] },
								"south": { "texture": "#leather", "uv": [ 6.0, 5.5, 7.0, 6.5 ] },
								"west": { "texture": "#leather", "uv": [ 5.5, 6.5, 12.5, 7.5 ], "enabled": false },
								"up": { "texture": "#leather", "uv": [ 8.5, 2.5, 9.5, 9.5 ] },
								"down": { "texture": "#leather", "uv": [ 5.0, 2.0, 6.0, 9.0 ] }
							}
						},
						{
							"name": "n1",
							"from": [ 1.0, 0.0, -1.0 ], 
							"to": [ 5.0, 1.0, 0.0 ], 
							"rotationOrigin": [ 1.0, 0.0, -1.0 ],
							"faces": {
								"north": { "texture": "#leather", "uv": [ 6.5, 8.5, 10.5, 9.5 ] },
								"east": { "texture": "#leather", "uv": [ 1.0, 8.0, 2.0, 9.0 ] },
								"south": { "texture": "#leather", "uv": [ 9.5, 9.0, 13.5, 10.0 ], "enabled": false, "autoUv": false },
								"west": { "texture": "#leather", "uv": [ 14.0, 5.5, 15.0, 6.5 ] },
								"up": { "texture": "#leather", "uv": [ 11.5, 13.5, 15.5, 14.5 ] },
								"down": { "texture": "#leather", "uv": [ 11.0, 4.5, 15.0, 5.5 ] }
							}
						}
					]
				}
			]
		}
	]}