{
	"editor": {
		"collapsedPaths": "Root/LowerTorso/UpperTorso/Neck/Head/mouth,Root/LowerTorso/UpperTorso/Neck/Head/R eyebrow 1,Root/bandN/toothR1,Root/bandN/toothL1,Root/LowerTorso/UpperTorso/Neck/Head/L eyebrow 1,Root/LowerTorso/UpperTorso/Neck/Head/L eye2,Root/LowerTorso/UpperTorso/Neck/Head/R eye",
		"allAngles": true,
		"entityTextureMode": true
	},
	"textureWidth": 64,
	"textureHeight": 64,
	"textureSizes": {
		"seraph": [64,64]
	},
	"textures": {
	},
	"elements": [
		{
			"name": "LowerTorso",
			"from": [ 6.0, 14.6, 5.2 ],
			"to": [ 11.0, 19.6, 11.2 ],
			"unwrapMode": 1,
			"autoUnwrap": false,
			"uv": [ 40.0, 6.5 ],
			"rotationOrigin": [ 8.0, 14.6, 8.2 ],
			"rotationZ": 14.0,
			"faces": {
				"north": { "texture": "#seraph", "uv": [ 46.5, 12.5, 51.5, 17.5 ] },
				"east": { "texture": "#seraph", "uv": [ 41.0, 12.5, 47.0, 17.5 ], "windMode": [-1,-1,-1,-1], "windData": [0,1,1,0] },
				"south": { "texture": "#seraph", "uv": [ 57.5, 12.5, 62.5, 17.5 ] },
				"west": { "texture": "#seraph", "uv": [ 52.0, 12.5, 58.0, 17.5 ], "windMode": [-1,-1,-1,-1], "windData": [0,0,1,1] },
				"up": { "texture": "#seraph", "uv": [ 34.0, 7.0, 39.0, 13.0 ], "rotation": 180 },
				"down": { "texture": "#seraph", "uv": [ 34.0, 11.0, 39.0, 17.0 ] }
			},
			"children": [
				{
					"name": "UpperTorso",
					"from": [ 0.0, 3.3, -0.1 ],
					"to": [ 5.2, 8.3, 6.1 ],
					"unwrapMode": 1,
					"autoUnwrap": false,
					"uv": [ 34.0, -1.0 ],
					"rotationOrigin": [ 2.0, 4.0, 3.0 ],
					"rotationZ": 36.0,
					"faces": {
						"north": { "texture": "#seraph", "uv": [ 41.5, 7.0, 46.5, 12.0 ] },
						"east": { "texture": "#seraph", "uv": [ 56.0, 7.0, 62.0, 12.0 ] },
						"south": { "texture": "#seraph", "uv": [ 52.0, 7.0, 57.0, 12.0 ] },
						"west": { "texture": "#seraph", "uv": [ 46.0, 7.0, 52.0, 12.0 ] },
						"up": { "texture": "#seraph", "uv": [ 46.0, 2.0, 52.0, 7.0 ], "rotation": 90 },
						"down": { "texture": "#seraph", "uv": [ 34.0, 7.0, 39.0, 13.0 ] }
					},
					"children": [
						{
							"name": "UpperArmR",
							"from": [ 1.0, -2.1, -1.2 ],
							"to": [ 4.0, 4.9, 0.8 ],
							"unwrapMode": 2,
							"autoUnwrap": false,
							"uv": [ 30.5, 40.5 ],
							"rotationOrigin": [ 2.0, 4.7, 0.8 ],
							"rotationX": 10.0,
							"rotationY": -14.0,
							"rotationZ": -39.0,
							"faces": {
								"north": { "texture": "#seraph", "uv": [ 35.5, 43.5, 38.5, 50.5 ] },
								"east": { "texture": "#seraph", "uv": [ 33.5, 43.5, 35.5, 50.5 ] },
								"south": { "texture": "#seraph", "uv": [ 30.5, 43.5, 33.5, 50.5 ] },
								"west": { "texture": "#seraph", "uv": [ 38.5, 43.5, 40.5, 50.5 ] },
								"up": { "texture": "#seraph", "uv": [ 36.0, 40.5, 38.0, 43.5 ], "rotation": 270 },
								"down": { "texture": "#seraph", "uv": [ 36.0, 50.5, 38.0, 53.5 ], "rotation": 270 }
							},
							"children": [
								{
									"name": "LowerArmR",
									"from": [ 0.1, -7.3, 0.1 ],
									"to": [ 2.6, 0.7, 2.1 ],
									"unwrapMode": 4,
									"autoUnwrap": false,
									"uv": [ 31.5, 51.0 ],
									"rotationOrigin": [ 1.3, 0.7, 1.1 ],
									"rotationX": -8.0,
									"rotationZ": -25.0,
									"faces": {
										"north": { "texture": "#seraph", "uv": [ 31.5, 53.5, 34.0, 61.5 ] },
										"east": { "texture": "#seraph", "uv": [ 38.5, 53.5, 40.5, 61.5 ] },
										"south": { "texture": "#seraph", "uv": [ 36.0, 53.5, 38.5, 61.5 ] },
										"west": { "texture": "#seraph", "uv": [ 34.0, 53.5, 36.0, 61.5 ] },
										"up": { "texture": "#seraph", "uv": [ 36.5, 51.0, 38.5, 53.5 ], "rotation": 90 },
										"down": { "texture": "#seraph", "uv": [ 34.0, 61.5, 36.0, 64.0 ], "rotation": 90 }
									},
									"attachmentpoints": [
										{
											"code": "RightHand",
											"posX": "1.0","posY": "1.0","posZ": "1.0",
											"rotationX": "0.0","rotationY": "-180.0","rotationZ": "0.0"
										}
									]
								}
							]
						},
						{
							"name": "UpperArmL",
							"from": [ 1.0, -2.1, 5.4 ],
							"to": [ 4.0, 4.9, 7.4 ],
							"unwrapMode": 4,
							"uv": [ 42.0, 40.5 ],
							"rotationOrigin": [ 2.0, 4.7, 5.2 ],
							"rotationX": -25.0,
							"rotationY": 3.0,
							"rotationZ": -6.0,
							"faces": {
								"north": { "texture": "#seraph", "uv": [ 42.0, 43.5, 45.0, 50.5 ] },
								"east": { "texture": "#seraph", "uv": [ 50.0, 43.5, 52.0, 50.5 ] },
								"south": { "texture": "#seraph", "uv": [ 47.0, 43.5, 50.0, 50.5 ] },
								"west": { "texture": "#seraph", "uv": [ 45.0, 43.5, 47.0, 50.5 ] },
								"up": { "texture": "#seraph", "uv": [ 45.0, 40.5, 47.0, 43.5 ], "rotation": 90 },
								"down": { "texture": "#seraph", "uv": [ 45.0, 50.5, 47.0, 53.5 ], "rotation": 90 }
							},
							"children": [
								{
									"name": "LowerArmL",
									"from": [ 0.2, -7.3, -0.1 ],
									"to": [ 2.7, 0.7, 1.9 ],
									"unwrapMode": 4,
									"uv": [ 42.5, 51.0 ],
									"rotationOrigin": [ 1.4, 0.7, 0.9 ],
									"rotationX": -14.0,
									"rotationZ": -83.0,
									"faces": {
										"north": { "texture": "#seraph", "uv": [ 42.5, 53.5, 45.0, 61.5 ] },
										"east": { "texture": "#seraph", "uv": [ 49.5, 53.5, 51.5, 61.5 ] },
										"south": { "texture": "#seraph", "uv": [ 47.0, 53.5, 49.5, 61.5 ] },
										"west": { "texture": "#seraph", "uv": [ 45.0, 53.5, 47.0, 61.5 ] },
										"up": { "texture": "#seraph", "uv": [ 45.0, 51.0, 47.0, 53.5 ], "rotation": 90 },
										"down": { "texture": "#seraph", "uv": [ 45.0, 61.5, 47.0, 64.0 ], "rotation": 90 }
									},
									"attachmentpoints": [
										{
											"code": "LeftHand",
											"posX": "1.0","posY": "1.0","posZ": "1.0",
											"rotationX": "0.0","rotationY": "-180.0","rotationZ": "0.0"
										}
									]
								}
							]
						},
						{
							"name": "Neck",
							"from": [ 0.5, 3.9, 1.6 ],
							"to": [ 3.5, 7.9, 4.6 ],
							"unwrapMode": 4,
							"uv": [ 51.0, 34.5 ],
							"rotationOrigin": [ 1.2, 3.6, 3.1 ],
							"rotationZ": -33.0,
							"faces": {
								"north": { "texture": "#seraph", "uv": [ 51.0, 34.5, 54.0, 38.5 ] },
								"east": { "texture": "#seraph", "uv": [ 60.0, 34.5, 63.0, 38.5 ] },
								"south": { "texture": "#seraph", "uv": [ 57.0, 34.5, 60.0, 38.5 ] },
								"west": { "texture": "#seraph", "uv": [ 54.0, 34.5, 57.0, 38.5 ] }
							},
							"children": [
								{
									"name": "R eye",
									"from": [ -1.4571, 4.285, -0.15 ],
									"to": [ -1.3571, 5.235, 1.05 ],
									"unwrapMode": 4,
									"uv": [ 55.5, 0.0 ],
									"rotationOrigin": [ -1.5471, 4.335, -0.5 ],
									"rotationZ": -7.0,
									"faces": {
										"north": { "texture": "#seraph", "uv": [ 55.5, 0.5, 56.0, 1.0 ] },
										"south": { "texture": "#seraph", "uv": [ 57.0, 0.5, 57.5, 1.0 ] },
										"west": { "texture": "#seraph", "uv": [ 56.0, 0.5, 57.0, 1.0 ] },
										"up": { "texture": "#seraph", "uv": [ 56.0, 0.0, 57.0, 0.5 ], "rotation": 90 },
										"down": { "texture": "#seraph", "uv": [ 56.0, 1.0, 57.0, 1.5 ], "rotation": 90 }
									},
									"children": [
										{
											"name": "R pupil",
											"from": [ -0.03, 0.15, 0.15 ],
											"to": [ 0.07, 0.85, 1.05 ],
											"unwrapMode": 4,
											"uv": [ 61.5, 1.0 ],
											"rotationOrigin": [ -0.1, 0.2, 0.2 ],
											"faces": {
												"north": { "texture": "#seraph", "uv": [ 61.5, 1.5, 62.0, 2.0 ], "glow": 255 },
												"south": { "texture": "#seraph", "uv": [ 62.5, 1.5, 63.0, 2.0 ] },
												"west": { "texture": "#seraph", "uv": [ 62.0, 1.5, 62.5, 2.0 ], "glow": 255, "windMode": [-1,-1,-1,-1], "windData": [1,1,1,1] },
												"up": { "texture": "#seraph", "uv": [ 62.0, 1.0, 62.5, 1.5 ], "rotation": 90 },
												"down": { "texture": "#seraph", "uv": [ 62.0, 2.0, 62.5, 2.5 ], "rotation": 90 }
											}
										}
									]
								},
								{
									"name": "L eye2",
									"from": [ -1.4693, 4.2857, 1.95 ],
									"to": [ -1.3693, 5.2357, 3.15 ],
									"unwrapMode": 4,
									"uv": [ 54.5, 2.0 ],
									"rotationOrigin": [ -1.5593, 4.2357, 2.1 ],
									"rotationZ": -7.0,
									"faces": {
										"north": { "texture": "#seraph", "uv": [ 54.5, 2.5, 55.0, 3.0 ] },
										"south": { "texture": "#seraph", "uv": [ 56.0, 2.5, 56.5, 3.0 ] },
										"west": { "texture": "#seraph", "uv": [ 55.0, 2.5, 56.0, 3.0 ] },
										"up": { "texture": "#seraph", "uv": [ 55.0, 2.0, 56.0, 2.5 ], "rotation": 90 },
										"down": { "texture": "#seraph", "uv": [ 55.0, 3.0, 56.0, 3.5 ], "rotation": 90 }
									},
									"children": [
										{
											"name": "L pupil",
											"from": [ -0.03, 0.15, 0.15 ],
											"to": [ 0.07, 0.85, 1.05 ],
											"unwrapMode": 4,
											"uv": [ 61.0, 1.5 ],
											"rotationOrigin": [ -0.1, 0.3, 0.2 ],
											"faces": {
												"north": { "texture": "#seraph", "uv": [ 61.0, 2.0, 61.5, 2.5 ] },
												"south": { "texture": "#seraph", "uv": [ 62.0, 2.0, 62.5, 2.5 ] },
												"west": { "texture": "#seraph", "uv": [ 61.5, 2.0, 62.0, 2.5 ], "glow": 255, "windMode": [-1,-1,-1,-1], "windData": [1,1,1,1] },
												"up": { "texture": "#seraph", "uv": [ 61.5, 1.5, 62.0, 2.0 ], "rotation": 90 },
												"down": { "texture": "#seraph", "uv": [ 61.5, 2.5, 62.0, 3.0 ], "rotation": 90 }
											}
										}
									]
								},
								{
									"name": "Head3",
									"from": [ -1.2, 1.1, -0.7 ],
									"to": [ 4.1, 1.8, 3.6 ],
									"unwrapMode": 5,
									"uv": [ 52.0, 32.0 ],
									"rotationOrigin": [ 3.2, 1.1, 1.8 ],
									"rotationZ": -7.0,
									"faces": {
										"north": { "texture": "#seraph", "uv": [ 52.5, 32.0, 57.5, 32.5 ], "rotation": 180 },
										"east": { "texture": "#seraph", "uv": [ 57.5, 32.5, 58.0, 36.5 ], "rotation": 90 },
										"south": { "texture": "#seraph", "uv": [ 52.5, 36.5, 57.5, 37.0 ] },
										"west": { "texture": "#seraph", "uv": [ 52.0, 32.5, 52.5, 36.5 ], "rotation": 270 },
										"up": { "texture": "#seraph", "uv": [ 52.5, 32.5, 57.5, 36.5 ] },
										"down": { "texture": "#seraph", "uv": [ 58.0, 32.5, 63.0, 36.5 ] }
									}
								},
								{
									"name": "Head4",
									"from": [ -1.2, 1.7, 0.3 ],
									"to": [ -0.6, 2.4, 2.6 ],
									"unwrapMode": 4,
									"uv": [ 55.0, 35.5 ],
									"rotationOrigin": [ -0.8, 1.7, 1.5 ],
									"rotationZ": 22.0,
									"faces": {
										"north": { "texture": "#seraph", "uv": [ 55.0, 36.0, 55.5, 36.5 ] },
										"east": { "texture": "#seraph", "uv": [ 58.0, 36.0, 60.0, 36.5 ] },
										"south": { "texture": "#seraph", "uv": [ 57.5, 36.0, 58.0, 36.5 ] },
										"west": { "texture": "#seraph", "uv": [ 55.5, 36.0, 57.5, 36.5 ] },
										"up": { "texture": "#seraph", "uv": [ 55.5, 35.5, 57.5, 36.0 ], "rotation": 90 },
										"down": { "texture": "#seraph", "uv": [ 55.5, 36.5, 57.5, 37.0 ], "rotation": 90 }
									}
								},
								{
									"name": "Head5",
									"from": [ -1.5, 2.8, 0.2 ],
									"to": [ -0.9, 3.5, 2.5 ],
									"unwrapMode": 4,
									"uv": [ 54.0, 34.0 ],
									"rotationOrigin": [ -1.1, 2.8, 1.4 ],
									"rotationZ": -25.0,
									"faces": {
										"north": { "texture": "#seraph", "uv": [ 54.0, 34.5, 54.5, 35.0 ] },
										"east": { "texture": "#seraph", "uv": [ 57.0, 34.5, 59.0, 35.0 ] },
										"south": { "texture": "#seraph", "uv": [ 56.5, 34.5, 57.0, 35.0 ] },
										"west": { "texture": "#seraph", "uv": [ 54.5, 34.5, 56.5, 35.0 ] },
										"up": { "texture": "#seraph", "uv": [ 54.5, 34.0, 56.5, 34.5 ], "rotation": 90 },
										"down": { "texture": "#seraph", "uv": [ 54.5, 35.0, 56.5, 35.5 ], "rotation": 90 }
									}
								},
								{
									"name": "Skull",
									"from": [ -1.2, 2.6, -0.7 ],
									"to": [ 4.1, 6.3, 3.6 ],
									"unwrapMode": 1,
									"autoUnwrap": false,
									"uv": [ 48.0, 26.0 ],
									"rotationOrigin": [ 3.2, 2.6, 1.8 ],
									"rotationZ": -7.0,
									"faces": {
										"north": { "texture": "#seraph", "uv": [ 52.0, 30.0, 57.0, 33.5 ] },
										"east": { "texture": "#seraph", "uv": [ 50.5, 31.5, 54.5, 35.0 ] },
										"south": { "texture": "#seraph", "uv": [ 57.0, 33.5, 62.0, 37.0 ] },
										"west": { "texture": "#seraph", "uv": [ 57.0, 30.0, 61.0, 33.5 ] },
										"up": { "texture": "#seraph", "uv": [ 53.5, 31.0, 58.5, 35.0 ], "rotation": 180 },
										"down": { "texture": "#seraph", "uv": [ 52.0, 33.5, 57.0, 37.5 ] }
									},
									"children": [
										{
											"name": "Overhead",
											"from": [ -0.296, -1.43, -0.3 ],
											"to": [ 5.704, 3.87, 4.4 ],
											"unwrapMode": 4,
											"uv": [ 0.0, 0.5 ],
											"renderInEditor": false,
											"rotationOrigin": [ 4.104, -1.4303, 2.2 ],
											"faces": {
												"north": { "texture": "#face", "uv": [ 0.0, 6.5, 6.0, 11.5 ] },
												"east": { "texture": "#face", "uv": [ 16.5, 6.5, 21.0, 11.5 ] },
												"south": { "texture": "#face", "uv": [ 10.5, 6.5, 16.5, 11.5 ] },
												"west": { "texture": "#face", "uv": [ 6.0, 6.5, 10.5, 11.5 ] },
												"up": { "texture": "#face", "uv": [ 6.0, 0.5, 10.5, 6.5 ], "rotation": 90 },
												"down": { "texture": "#face", "uv": [ 6.0, 11.5, 10.5, 17.5 ], "rotation": 90 }
											},
											"children": [
												{
													"name": "Hair",
													"from": [ -0.3, -2.8, -0.2 ],
													"to": [ 6.2, 5.6, 5.2 ],
													"unwrapMode": 4,
													"autoUnwrap": false,
													"uv": [ 4.8333, 8.0 ],
													"renderInEditor": false,
													"rotationOrigin": [ 1.8, 2.2997, 1.9 ],
													"faces": {
														"north": { "texture": "#hair", "uv": [ 4.6667, 14.0, 10.6667, 22.0 ] },
														"east": { "texture": "#hair", "uv": [ 26.6667, 33.3333, 32.0, 41.3333 ] },
														"south": { "texture": "#hair", "uv": [ 17.3333, 14.0, 23.3333, 22.0 ] },
														"west": { "texture": "#hair", "uv": [ 12.0, 14.0, 17.3333, 22.0 ] },
														"up": { "texture": "#hair", "uv": [ 36.5, 15.5, 41.5, 22.0 ], "rotation": 90 }
													}
												}
											],
											"attachmentpoints": [
												{
													"code": "Eyes",
													"posX": "1.3","posY": "3.5","posZ": "2.5",
													"rotationX": "0.0","rotationY": "-90.0","rotationZ": "0.0"
												}
											]
										}
									]
								},
								{
									"name": "Ponytail1",
									"from": [ 4.67, -1.68, 0.0 ],
									"to": [ 6.67, 5.32, 3.0 ],
									"unwrapMode": 2,
									"uv": [ 51.6667, 21.0 ],
									"rotationOrigin": [ 5.1728, 3.3245, 1.0 ],
									"faces": {
										"north": { "texture": "#hair", "uv": [ 56.0, 23.3333, 58.0, 30.0 ] },
										"east": { "texture": "#hair", "uv": [ 54.0, 23.3333, 56.6667, 30.0 ] },
										"south": { "texture": "#hair", "uv": [ 52.0, 23.3333, 54.0, 30.0 ] },
										"west": { "texture": "#hair", "uv": [ 58.0, 23.3333, 60.6667, 30.0 ] },
										"up": { "texture": "#hair", "uv": [ 54.0, 21.5, 57.0, 23.5 ], "rotation": 270 }
									}
								}
							]
						}
					],
					"attachmentpoints": [
						{
							"code": "Back",
							"posX": "5.0","posY": "3.0","posZ": "3.0",
							"rotationX": "0.0","rotationY": "0.0","rotationZ": "0.0"
						}
					]
				},
				{
					"name": "UpperFootL",
					"from": [ 0.4, -6.0, 3.0 ],
					"to": [ 4.6, 3.0, 6.2 ],
					"unwrapMode": 4,
					"uv": [ 16.0, 35.0 ],
					"rotationOrigin": [ 1.5, 0.5, 4.3 ],
					"rotationX": -14.0,
					"rotationY": 14.0,
					"rotationZ": -8.0,
					"faces": {
						"north": { "texture": "#seraph", "uv": [ 16.0, 39.0, 20.0, 48.0 ] },
						"east": { "texture": "#seraph", "uv": [ 27.0, 39.0, 30.0, 48.0 ] },
						"south": { "texture": "#seraph", "uv": [ 23.0, 39.0, 27.0, 48.0 ] },
						"west": { "texture": "#seraph", "uv": [ 20.0, 39.0, 23.0, 48.0 ] },
						"up": { "texture": "#seraph", "uv": [ 20.0, 35.0, 23.0, 39.0 ], "rotation": 90 },
						"down": { "texture": "#seraph", "uv": [ 20.0, 48.0, 23.0, 52.0 ], "rotation": 90 }
					},
					"children": [
						{
							"name": "LowerFootL",
							"from": [ 0.1, -9.0, 0.1 ],
							"to": [ 4.1, 1.0, 3.1 ],
							"unwrapMode": 4,
							"autoUnwrap": false,
							"uv": [ 15.0, 48.5 ],
							"rotationOrigin": [ 2.1, 0.5, 1.4 ],
							"rotationX": 2.0,
							"rotationY": -3.0,
							"rotationZ": 17.0,
							"faces": {
								"north": { "texture": "#seraph", "uv": [ 15.5, 52.5, 19.5, 62.5 ] },
								"east": { "texture": "#seraph", "uv": [ 26.0, 52.5, 29.0, 62.5 ] },
								"south": { "texture": "#seraph", "uv": [ 22.0, 52.5, 26.0, 62.5 ] },
								"west": { "texture": "#seraph", "uv": [ 19.0, 52.5, 22.0, 62.5 ] },
								"up": { "texture": "#seraph", "uv": [ 20.0, 48.5, 23.0, 52.5 ], "rotation": 90 },
								"down": { "texture": "#seraph", "uv": [ 19.0, 58.5, 22.0, 62.5 ], "rotation": 90 }
							}
						}
					]
				},
				{
					"name": "UpperFootR",
					"from": [ 0.4, -6.0, -0.2 ],
					"to": [ 4.6, 3.0, 3.0 ],
					"unwrapMode": 4,
					"autoUnwrap": false,
					"uv": [ 4.0, 35.0 ],
					"rotationOrigin": [ 1.5, 0.5, 1.3 ],
					"rotationY": -11.0,
					"rotationZ": -50.0,
					"faces": {
						"north": { "texture": "#seraph", "uv": [ 1.5, 39.0, 5.5, 48.0 ] },
						"east": { "texture": "#seraph", "uv": [ 12.0, 39.0, 15.0, 48.0 ] },
						"south": { "texture": "#seraph", "uv": [ 8.5, 39.0, 12.5, 48.0 ] },
						"west": { "texture": "#seraph", "uv": [ 6.0, 39.0, 9.0, 48.0 ] },
						"up": { "texture": "#seraph", "uv": [ 8.0, 35.0, 11.0, 39.0 ], "rotation": 90 },
						"down": { "texture": "#seraph", "uv": [ 8.0, 48.0, 11.0, 52.0 ], "rotation": 90 }
					},
					"children": [
						{
							"name": "LowerFootR",
							"from": [ 0.1, -9.0, 0.1 ],
							"to": [ 4.1, 1.0, 3.1 ],
							"unwrapMode": 4,
							"autoUnwrap": false,
							"uv": [ 0.5, 48.5 ],
							"rotationOrigin": [ 2.1, 0.5, 1.4 ],
							"rotationX": -2.0,
							"rotationZ": 33.0,
							"faces": {
								"north": { "texture": "#seraph", "uv": [ 2.0, 52.5, 6.0, 62.5 ] },
								"east": { "texture": "#seraph", "uv": [ 11.5, 52.5, 14.5, 62.5 ] },
								"south": { "texture": "#seraph", "uv": [ 7.5, 52.5, 11.5, 62.5 ] },
								"west": { "texture": "#seraph", "uv": [ 4.5, 52.5, 7.5, 62.5 ] },
								"up": { "texture": "#seraph", "uv": [ 8.0, 48.0, 11.0, 52.0 ], "rotation": 90 },
								"down": { "texture": "#seraph", "uv": [ 8.0, 58.0, 11.0, 62.0 ], "rotation": 90 }
							}
						}
					]
				}
			]
		}
	],
	"animations": [
		{
			"name": "Idle",
			"code": "idle",
			"quantityframes": 30,
			"onActivityStopped": "EaseOut",
			"onAnimationEnd": "Repeat",
			"keyframes": [
				{
					"frame": 0,
					"elements": {
						"LowerTorso": { "rotationX": 0.0, "rotationY": 0.0, "rotationZ": 0.0 },
						"UpperTorso": { "rotationX": 0.0, "rotationY": 0.0, "rotationZ": 0.0 },
						"Neck": { "rotationX": 0.0, "rotationY": 0.0, "rotationZ": 0.0 }
					}
				},
				{
					"frame": 22,
					"elements": {
						"LowerTorso": { "rotationX": 0.0, "rotationY": 0.0, "rotationZ": 0.0 },
						"UpperTorso": { "rotationX": 0.0, "rotationY": 0.0, "rotationZ": 2.0 },
						"Neck": { "rotationX": 0.0, "rotationY": 0.0, "rotationZ": -2.0 }
					}
				}
			]
		},

		{
			"name": "Walk",
			"code": "walk",
			"quantityframes": 30,
			"onActivityStopped": "EaseOut",
			"onAnimationEnd": "Repeat",
			"keyframes": [
				{
					"frame": 0,
					"elements": {
						"LowerTorso": { "offsetX": -1.0, "offsetY": 0.1, "offsetZ": 0.0, "rotationX": 0.0, "rotationY": 8.0, "rotationZ": 6.0 },
						"UpperTorso": { "rotationX": 0.0, "rotationY": 0.0, "rotationZ": 8.0 },
						"UpperArmR": { "rotationX": 0.0, "rotationY": -3.0, "rotationZ": 25.0 },
						"LowerArmR": { "rotationX": 0.0, "rotationY": 0.0, "rotationZ": -25.0 },
						"UpperArmL": { "rotationX": 0.0, "rotationY": 0.0, "rotationZ": -17.0 },
						"LowerArmL": { "rotationX": 0.0, "rotationY": 0.0, "rotationZ": 0.0 },
						"UpperFootL": { "rotationX": 0.0, "rotationY": 0.0, "rotationZ": 0.0 },
						"LowerFootL": { "rotationX": 0.0, "rotationY": 0.0, "rotationZ": 0.0 },
						"UpperFootR": { "rotationX": 0.0, "rotationY": 0.0, "rotationZ": 0.0 },
						"LowerFootR": { "rotationX": 0.0, "rotationY": 0.0, "rotationZ": 0.0 }
					}
				},
				{
					"frame": 7,
					"elements": {
						"LowerTorso": { "offsetX": 0.5, "offsetY": -1.3, "offsetZ": 0.0, "rotationX": 0.0, "rotationY": -3.0, "rotationZ": 6.0 },
						"UpperTorso": { "rotationX": 0.0, "rotationY": 0.0, "rotationZ": 8.0 },
						"UpperArmR": { "rotationX": 0.0, "rotationY": 0.0, "rotationZ": -11.0 },
						"LowerArmR": { "rotationX": 0.0, "rotationY": 0.0, "rotationZ": -3.0 },
						"UpperArmL": { "rotationX": 0.0, "rotationY": 0.0, "rotationZ": 8.0 },
						"LowerArmL": { "rotationX": 0.0, "rotationY": 0.0, "rotationZ": 14.0 },
						"UpperFootL": { "rotationX": 17.0, "rotationY": 14.0, "rotationZ": -53.0 },
						"LowerFootL": { "rotationX": 0.0, "rotationY": 0.0, "rotationZ": 25.0 },
						"UpperFootR": { "rotationX": 0.0, "rotationY": -6.0, "rotationZ": 33.0 },
						"LowerFootR": { "rotationX": 0.0, "rotationY": 0.0, "rotationZ": -19.0 }
					}
				},
				{
					"frame": 15,
					"elements": {
						"LowerTorso": { "offsetX": 0.0, "offsetY": 0.0, "offsetZ": 0.0 },
						"UpperFootL": { "rotationX": 0.0, "rotationY": 0.0, "rotationZ": -39.0 },
						"LowerFootL": { "rotationX": 0.0, "rotationY": 0.0, "rotationZ": 30.0 }
					}
				},
				{
					"frame": 22,
					"elements": {
						"LowerTorso": { "offsetX": 0.0, "offsetY": 0.0, "offsetZ": 0.0, "rotationX": 3.0, "rotationY": 19.0, "rotationZ": 17.0 },
						"UpperFootR": { "rotationX": 0.0, "rotationY": 0.0, "rotationZ": -33.0 },
						"LowerFootR": { "rotationX": 0.0, "rotationY": 0.0, "rotationZ": 11.0 }
					}
				}
			]
		},

		{
			"name": "Run",
			"code": "run",
			"quantityframes": 24,
			"onActivityStopped": "EaseOut",
			"onAnimationEnd": "Repeat",
			"keyframes": [
				{
					"frame": 0,
					"elements": {
						"LowerTorso": { "offsetX": -1.0, "offsetY": -2.6, "offsetZ": 0.0, "rotationX": -3.0, "rotationY": 6.0, "rotationZ": 0.0 },
						"UpperTorso": { "rotationX": 0.0, "rotationY": 0.0, "rotationZ": 8.0 },
						"UpperArmR": { "rotationX": 22.0, "rotationY": 11.0, "rotationZ": 80.0 },
						"LowerArmR": { "rotationX": 0.0, "rotationY": 0.0, "rotationZ": -25.0 },
						"UpperArmL": { "rotationX": 0.0, "rotationY": 17.0, "rotationZ": -61.0 },
						"LowerArmL": { "rotationX": -3.0, "rotationY": -17.0, "rotationZ": -11.0 },
						"UpperFootL": { "rotationX": 0.0, "rotationY": 0.0, "rotationZ": 22.0 },
						"LowerFootL": { "rotationX": 0.0, "rotationY": 0.0, "rotationZ": 61.0 },
						"UpperFootR": { "rotationX": 0.0, "rotationY": 0.0, "rotationZ": -25.0 },
						"LowerFootR": { "rotationX": 0.0, "rotationY": 0.0, "rotationZ": -11.0 }
					}
				},
				{
					"frame": 2,
					"elements": {
						"LowerTorso": { "offsetX": 0.0, "offsetY": -3.0, "offsetZ": 0.0 },
						"UpperFootR": { "rotationX": 0.0, "rotationY": 0.0, "rotationZ": -36.0 },
						"LowerFootR": { "rotationX": 0.0, "rotationY": 0.0, "rotationZ": 47.0 },
						"UpperFootL": { "rotationX": 0.0, "rotationY": 0.0, "rotationZ": -19.0 },
						"LowerFootL": { "rotationX": 0.0, "rotationY": 0.0, "rotationZ": 86.0 }
					}
				},
				{
					"frame": 4,
					"elements": {
						"LowerTorso": { "offsetX": 0.0, "offsetY": -1.2, "offsetZ": 0.0 }
					}
				},
				{
					"frame": 6,
					"elements": {
						"LowerTorso": { "offsetX": 0.0, "offsetY": -1.4, "offsetZ": 0.0 }
					}
				},
				{
					"frame": 10,
					"elements": {
						"LowerTorso": { "offsetX": 0.0, "offsetY": -0.9, "offsetZ": 0.0, "rotationX": 3.0, "rotationY": -6.0, "rotationZ": 0.0 },
						"UpperFootR": { "rotationX": 0.0, "rotationY": 0.0, "rotationZ": 50.0 },
						"LowerFootR": { "rotationX": 0.0, "rotationY": 0.0, "rotationZ": 47.0 },
						"UpperFootL": { "rotationX": 0.0, "rotationY": 0.0, "rotationZ": -69.0 },
						"LowerFootL": { "rotationX": 0.0, "rotationY": 0.0, "rotationZ": 6.0 },
						"UpperArmR": { "rotationX": 0.0, "rotationY": 0.0, "rotationZ": -30.0 },
						"LowerArmR": { "rotationX": 0.0, "rotationY": 0.0, "rotationZ": -53.0 },
						"UpperArmL": { "rotationX": -8.0, "rotationY": 19.0, "rotationZ": 50.0 },
						"LowerArmL": { "rotationX": 44.0, "rotationY": -8.0, "rotationZ": -25.0 }
					}
				},
				{
					"frame": 12,
					"elements": {
						"LowerTorso": { "offsetX": 0.0, "offsetY": -3.0, "offsetZ": 0.0 }
					}
				},
				{
					"frame": 14,
					"elements": {
						"LowerTorso": { "offsetX": 0.0, "offsetY": -3.0, "offsetZ": 0.0 },
						"UpperFootL": { "rotationX": 0.0, "rotationY": 0.0, "rotationZ": -66.0 },
						"LowerFootL": { "rotationX": 0.0, "rotationY": 8.0, "rotationZ": 64.0 },
						"UpperFootR": { "rotationX": 0.0, "rotationY": 0.0, "rotationZ": 42.0 },
						"LowerFootR": { "rotationX": 0.0, "rotationY": 0.0, "rotationZ": 58.0 }
					}
				},
				{
					"frame": 16,
					"elements": {
						"LowerTorso": { "offsetX": 0.0, "offsetY": -2.4, "offsetZ": 0.0 }
					}
				},
				{
					"frame": 20,
					"elements": {
						"LowerTorso": { "offsetX": 0.0, "offsetY": 0.0, "offsetZ": 0.0 }
					}
				},
				{
					"frame": 22,
					"elements": {
						"LowerTorso": { "offsetX": -1.0, "offsetY": -1.9, "offsetZ": 0.0, "rotationX": -3.0, "rotationY": 6.0, "rotationZ": 0.0 },
						"UpperTorso": { "rotationX": 0.0, "rotationY": 0.0, "rotationZ": 8.0 },
						"UpperArmR": { "rotationX": 22.0, "rotationY": 11.0, "rotationZ": 58.0 },
						"LowerArmR": { "rotationX": 0.0, "rotationY": 0.0, "rotationZ": -39.0 },
						"UpperArmL": { "rotationX": 0.0, "rotationY": 17.0, "rotationZ": -44.0 },
						"LowerArmL": { "rotationX": -3.0, "rotationY": -17.0, "rotationZ": -36.0 },
						"UpperFootL": { "rotationX": 0.0, "rotationY": 0.0, "rotationZ": -6.0 },
						"LowerFootL": { "rotationX": 0.0, "rotationY": 0.0, "rotationZ": 72.0 },
						"UpperFootR": { "rotationX": 0.0, "rotationY": 0.0, "rotationZ": -14.0 },
						"LowerFootR": { "rotationX": 0.0, "rotationY": 0.0, "rotationZ": 14.0 }
					}
				}
			]
		},

		{
			"name": "Attack1",
			"code": "attack1",
			"quantityframes": 30,
			"onActivityStopped": "Rewind",
			"onAnimationEnd": "Repeat",
			"keyframes": [
				{
					"frame": 0,
					"elements": {
						"LowerTorso": { "offsetX": 0.0, "offsetY": 0.0, "offsetZ": 0.0, "rotationX": 0.0, "rotationY": 0.0, "rotationZ": 0.0 },
						"UpperTorso": { "rotationX": 0.0, "rotationY": 0.0, "rotationZ": 0.0 },
						"UpperArmR": { "rotationX": 0.0, "rotationY": 0.0, "rotationZ": 0.0 },
						"UpperArmL": { "rotationX": 0.0, "rotationY": 0.0, "rotationZ": 0.0 },
						"LowerArmL": { "rotationX": 0.0, "rotationY": 0.0, "rotationZ": 0.0 },
						"UpperFootL": { "rotationX": 0.0, "rotationY": 0.0, "rotationZ": 0.0 },
						"UpperFootR": { "rotationX": 0.0, "rotationY": 0.0, "rotationZ": 0.0 }
					}
				},
				{
					"frame": 7,
					"elements": {
						"LowerTorso": { "offsetX": 0.0, "offsetY": 0.0, "offsetZ": 0.0, "rotationX": 0.0, "rotationY": 0.0, "rotationZ": -6.0 },
						"UpperTorso": { "rotationX": 0.0, "rotationY": 0.0, "rotationZ": -44.0 },
						"UpperArmR": { "rotationX": -30.0, "rotationY": -3.0, "rotationZ": -130.0 },
						"UpperArmL": { "rotationX": 47.0, "rotationY": 6.0, "rotationZ": -180.0 },
						"LowerArmL": { "rotationX": 14.0, "rotationY": 3.0, "rotationZ": 58.0 },
						"UpperFootL": { "rotationX": 0.0, "rotationY": 0.0, "rotationZ": 0.0 },
						"UpperFootR": { "rotationX": 0.0, "rotationY": 0.0, "rotationZ": 0.0 }
					}
				},
				{
					"frame": 13,
					"elements": {
						"LowerTorso": { "offsetX": -1.0, "offsetY": 1.0, "offsetZ": 0.0, "rotationX": 0.0, "rotationY": 0.0, "rotationZ": 33.0 },
						"UpperTorso": { "rotationX": 0.0, "rotationY": 0.0, "rotationZ": -3.0 },
						"UpperArmR": { "rotationX": 0.0, "rotationY": 0.0, "rotationZ": -66.0 },
						"UpperArmL": { "rotationX": 0.0, "rotationY": 0.0, "rotationZ": -94.0 },
						"LowerArmL": { "rotationX": 0.0, "rotationY": 0.0, "rotationZ": 44.0 },
						"UpperFootL": { "rotationX": 0.0, "rotationY": 0.0, "rotationZ": -42.0 },
						"UpperFootR": { "rotationX": 0.0, "rotationY": 0.0, "rotationZ": -30.0 }
					}
				}
			]
		},

		{
			"name": "Attack2",
			"code": "attack2",
			"quantityframes": 30,
			"onActivityStopped": "Rewind",
			"onAnimationEnd": "Repeat",
			"keyframes": [
				{
					"frame": 0,
					"elements": {
						"LowerTorso": { "rotationX": 0.0, "rotationY": 0.0, "rotationZ": 0.0 },
						"UpperArmL": { "offsetX": 0.0, "offsetY": 0.0, "offsetZ": 0.0, "rotationX": 0.0, "rotationY": 0.0, "rotationZ": 0.0 },
						"LowerArmL": { "rotationX": 0.0, "rotationY": 0.0, "rotationZ": 0.0 },
						"UpperArmR": { "rotationX": 0.0, "rotationY": 0.0, "rotationZ": 0.0 },
						"LowerArmR": { "rotationX": 0.0, "rotationY": 0.0, "rotationZ": 0.0 },
						"Neck": { "rotationX": 0.0, "rotationY": 0.0, "rotationZ": 0.0 }
					}
				},
				{
					"frame": 7,
					"elements": {
						"LowerTorso": { "rotationX": 0.0, "rotationY": 25.0, "rotationZ": 0.0 },
						"UpperTorso": { "rotationX": 0.0, "rotationY": 0.0, "rotationZ": -28.0 },
						"UpperArmL": { "offsetX": -0.0, "offsetY": -1.0, "offsetZ": 0.0, "rotationX": 6.0, "rotationY": 130.0, "rotationZ": -66.0 },
						"LowerArmL": { "rotationX": 0.0, "rotationY": 3.0, "rotationZ": 39.0 },
						"UpperArmR": { "rotationX": 0.0, "rotationY": 0.0, "rotationZ": 44.0 },
						"Neck": { "rotationX": -6.0, "rotationY": -14.0, "rotationZ": 17.0 }
					}
				},
				{
					"frame": 12,
					"elements": {
						"LowerTorso": { "rotationX": 0.0, "rotationY": -28.0, "rotationZ": 3.0 },
						"UpperTorso": { "rotationX": 0.0, "rotationY": 3.0, "rotationZ": 8.0 },
						"UpperArmL": { "offsetX": 2.0, "offsetY": -1.0, "offsetZ": 0.0, "rotationX": -36.0, "rotationY": 8.0, "rotationZ": -86.0 },
						"LowerArmL": { "rotationX": 0.0, "rotationY": 0.0, "rotationZ": 61.0 },
						"UpperArmR": { "rotationX": 0.0, "rotationY": 0.0, "rotationZ": 28.0 },
						"LowerArmR": { "rotationX": 0.0, "rotationY": 0.0, "rotationZ": -25.0 },
						"Neck": { "rotationX": 22.0, "rotationY": 11.0, "rotationZ": -3.0 }
					}
				}
			]
		},

		{
			"name": "Die",
			"code": "die",
			"quantityframes": 30,
			"onActivityStopped": "PlayTillEnd",
			"onAnimationEnd": "Hold",
			"keyframes": [
				{
					"frame": 0,
					"elements": {
						"LowerTorso": { "offsetX": 0.0, "offsetY": 0.0, "offsetZ": 0.0, "rotationX": 0.0, "rotationY": 0.0, "rotationZ": 0.0 },
						"UpperTorso": { "rotationX": 0.0, "rotationY": 0.0, "rotationZ": 0.0 },
						"UpperArmR": { "rotationX": 0.0, "rotationY": 0.0, "rotationZ": 0.0 },
						"LowerArmR": { "rotationX": 0.0, "rotationY": 0.0, "rotationZ": 0.0 },
						"UpperArmL": { "rotationX": 0.0, "rotationY": 0.0, "rotationZ": 0.0 },
						"LowerArmL": { "rotationX": 0.0, "rotationY": 0.0, "rotationZ": 0.0 },
						"UpperFootL": { "rotationX": 0.0, "rotationY": 0.0, "rotationZ": 0.0 },
						"LowerFootL": { "rotationX": 0.0, "rotationY": 0.0, "rotationZ": 0.0 },
						"UpperFootR": { "rotationX": 0.0, "rotationY": 0.0, "rotationZ": 0.0 },
						"LowerFootR": { "rotationX": 0.0, "rotationY": 0.0, "rotationZ": 0.0 }
					}
				},
				{
					"frame": 7,
					"elements": {
						"LowerTorso": { "offsetX": -9.0, "offsetY": 1.0, "offsetZ": 0.0, "rotationX": 0.0, "rotationY": 0.0, "rotationZ": 69.0 },
						"UpperTorso": { "rotationX": 0.0, "rotationY": 0.0, "rotationZ": -58.0 },
						"UpperArmR": { "rotationX": 0.0, "rotationY": -64.0, "rotationZ": 0.0 },
						"UpperArmL": { "rotationX": 0.0, "rotationY": 58.0, "rotationZ": -36.0 },
						"LowerArmL": { "rotationX": 0.0, "rotationY": 0.0, "rotationZ": 30.0 },
						"UpperFootL": { "rotationX": 0.0, "rotationY": 0.0, "rotationZ": -53.0 },
						"LowerFootL": { "rotationX": 0.0, "rotationY": 0.0, "rotationZ": 50.0 },
						"UpperFootR": { "rotationX": 0.0, "rotationY": 0.0, "rotationZ": 0.0 },
						"LowerFootR": { "rotationX": 0.0, "rotationY": 0.0, "rotationZ": 25.0 }
					}
				},
				{
					"frame": 15,
					"elements": {
						"LowerTorso": { "offsetX": -9.0, "offsetY": 0.0, "offsetZ": 0.0, "rotationX": 0.0, "rotationY": 0.0, "rotationZ": 58.0 },
						"UpperTorso": { "rotationX": 0.0, "rotationY": 0.0, "rotationZ": -91.0 },
						"UpperFootL": { "rotationX": 0.0, "rotationY": 0.0, "rotationZ": 0.0 },
						"LowerFootL": { "rotationX": 0.0, "rotationY": 0.0, "rotationZ": 19.0 },
						"UpperFootR": { "rotationX": 0.0, "rotationY": 0.0, "rotationZ": 39.0 }
					}
				},
				{
					"frame": 29,
					"elements": {
						"LowerTorso": { "offsetX": -13.0, "offsetY": 3.0, "offsetZ": 0.0, "rotationX": 0.0, "rotationY": 0.0, "rotationZ": 80.0 },
						"UpperTorso": { "rotationX": 0.0, "rotationY": 0.0, "rotationZ": -50.0 },
						"UpperArmR": { "rotationX": 0.0, "rotationY": -80.0, "rotationZ": 0.0 },
						"LowerArmR": { "rotationX": 0.0, "rotationY": 0.0, "rotationZ": 0.0 },
						"UpperArmL": { "rotationX": 0.0, "rotationY": 72.0, "rotationZ": -36.0 },
						"LowerArmL": { "rotationX": 0.0, "rotationY": 0.0, "rotationZ": 30.0 },
						"UpperFootL": { "rotationX": 0.0, "rotationY": 0.0, "rotationZ": 0.0 },
						"LowerFootL": { "rotationX": 0.0, "rotationY": 0.0, "rotationZ": -17.0 },
						"UpperFootR": { "rotationX": 0.0, "rotationY": 0.0, "rotationZ": 42.0 },
						"LowerFootR": { "rotationX": 0.0, "rotationY": 0.0, "rotationZ": -33.0 }
					}
				}
			]
		},

		{
			"name": "Jump",
			"code": "jump",
			"quantityframes": 50,
			"onActivityStopped": "EaseOut",
			"onAnimationEnd": "Stop",
			"keyframes": [
				{
					"frame": 0,
					"elements": {
						"LowerTorso": { "offsetX": 2.0, "offsetY": -2.0, "offsetZ": 0.0, "rotationX": 0.0, "rotationY": 0.0, "rotationZ": 0.0 },
						"UpperTorso": { "rotationX": 0.0, "rotationY": 0.0, "rotationZ": 0.0 },
						"UpperArmR": { "rotationX": 0.0, "rotationY": 0.0, "rotationZ": 0.0 },
						"LowerArmR": { "rotationX": 0.0, "rotationY": 0.0, "rotationZ": 0.0 },
						"UpperArmL": { "rotationX": 0.0, "rotationY": 0.0, "rotationZ": 0.0 },
						"LowerArmL": { "rotationX": 0.0, "rotationY": 0.0, "rotationZ": 0.0 },
						"UpperFootR": { "rotationX": 0.0, "rotationY": 0.0, "rotationZ": 0.0 },
						"LowerFootR": { "rotationX": 0.0, "rotationY": 0.0, "rotationZ": 0.0 },
						"UpperFootL": { "rotationX": 0.0, "rotationY": 0.0, "rotationZ": 0.0 },
						"LowerFootL": { "rotationX": 0.0, "rotationY": 0.0, "rotationZ": 0.0 }
					}
				},
				{
					"frame": 10,
					"elements": {
						"LowerTorso": { "offsetX": 2.0, "offsetY": 6.0, "offsetZ": 0.0, "rotationX": 0.0, "rotationY": 0.0, "rotationZ": 53.0 },
						"UpperTorso": { "rotationX": 0.0, "rotationY": 0.0, "rotationZ": 0.0 },
						"UpperArmR": { "rotationX": -33.0, "rotationY": -42.0, "rotationZ": -130.0 },
						"LowerArmR": { "rotationX": 0.0, "rotationY": 0.0, "rotationZ": -8.0 },
						"UpperArmL": { "rotationX": 17.0, "rotationY": 47.0, "rotationZ": -111.0 },
						"LowerArmL": { "rotationX": 0.0, "rotationY": 8.0, "rotationZ": 19.0 },
						"UpperFootR": { "rotationX": 0.0, "rotationY": 0.0, "rotationZ": 30.0 },
						"LowerFootR": { "rotationX": 0.0, "rotationY": 0.0, "rotationZ": 0.0 },
						"UpperFootL": { "rotationX": 0.0, "rotationY": 0.0, "rotationZ": 0.0 },
						"LowerFootL": { "rotationX": 0.0, "rotationY": 0.0, "rotationZ": 0.0 }
					}
				},
				{
					"frame": 20,
					"elements": {
						"LowerTorso": { "offsetX": 0.0, "offsetY": 7.0, "offsetZ": 0.0, "rotationX": 0.0, "rotationY": -3.0, "rotationZ": 130.0 },
						"UpperFootR": { "rotationX": 0.0, "rotationY": 0.0, "rotationZ": 64.0 },
						"LowerFootR": { "rotationX": 0.0, "rotationY": 0.0, "rotationZ": 0.0 },
						"UpperFootL": { "rotationX": 0.0, "rotationY": 0.0, "rotationZ": 17.0 },
						"LowerFootL": { "rotationX": 0.0, "rotationY": 0.0, "rotationZ": 0.0 },
						"UpperTorso": { "rotationX": 0.0, "rotationY": 0.0, "rotationZ": -53.0 },
						"LowerArmR": { "rotationX": 0.0, "rotationY": 0.0, "rotationZ": -89.0 },
						"LowerArmL": { "rotationX": 25.0, "rotationY": 11.0, "rotationZ": -47.0 }
					}
				},
				{
					"frame": 30,
					"elements": {
						"LowerTorso": { "offsetX": -3.0, "offsetY": -2.0, "offsetZ": 0.0, "rotationX": 0.0, "rotationY": -3.0, "rotationZ": 94.0 },
						"UpperTorso": { "rotationX": 0.0, "rotationY": 0.0, "rotationZ": 0.0 },
						"UpperArmR": { "rotationX": -24.75, "rotationY": -31.5, "rotationZ": -97.5 },
						"LowerArmR": { "rotationX": 0.0, "rotationY": 0.0, "rotationZ": -89.0 },
						"UpperArmL": { "rotationX": 12.75, "rotationY": 35.25, "rotationZ": -83.25 },
						"LowerArmL": { "rotationX": 25.0, "rotationY": 11.0, "rotationZ": -47.0 },
						"UpperFootL": { "rotationX": 0.0, "rotationY": 0.0, "rotationZ": -89.0 },
						"LowerFootL": { "rotationX": 0.0, "rotationY": 0.0, "rotationZ": 28.0 },
						"UpperFootR": { "rotationX": 0.0, "rotationY": 0.0, "rotationZ": -78.0 },
						"LowerFootR": { "rotationX": 0.0, "rotationY": 0.0, "rotationZ": 42.0 }
					}
				}
			]
		}
	]
}