{
	code: "mimic",
	class: "EntityAgent",
	hitboxSize: { x: 1.2, y: 1 },
	deadHitboxSize: { x: 1.5, y: 1 },
	eyeHeight: 1.5,
	drops: [],
	client: {
		renderer: "Shape",
		shape: { base: "rustandrotalathra:entity/land/rust/mimic" },
		textures: {
		"accessories": { base: "entity/rust/mimic/aged-accessories"},
		"lid": { base: "entity/rust/mimic/aged-lid"},
		"floor": { base: "entity/rust/mimic/aged-lid"},
		"sides2": { base: "entity/rust/mimic/aged-sides"}
		},


		behaviors: [
			{ code: "repulseagents" }, 
			{ code: "controlledphysics", stepHeight: 1.1251 }, 
			{ code: "floatupwhenstuck", onlyWhenDead: true },
			{ code: "interpolateposition" },
			{ code: "harvestable" },
			{ code: "despawn", minPlayerDistance: 16, minSeconds: 300, afterDays: 14 },
		],
		animations: [
			{
				"code": "hurt",
				"animation": "hurt", 
				"animationSpeed": 2.2,
				"weight": 10,
				"blendMode": "AddAverage" 
			},
			{
				"code": "walk",
				"animation": "walk", 
				"animationSpeed": 1,
				"weight": 10,
				"blendMode": "Average" 
			},
			{
				"code": "die",
				"animation": "die", 
				"animationSpeed": 1.25,
				"weight": 10,
				"blendMode": "AddAverage",
				"triggeredBy": { "onControls": ["dead"] }
			},
			{ 
				"code": "idle", 
				"animation": "idle",
				"easeOutSpeed": 4,
				"triggeredBy": { "defaultAnim": true }
			}
		]
	},
	server: {
		behaviors: [
			{ code: "repulseagents" }, 
			{ code: "controlledphysics", stepHeight: 1.1251 },
			{ code: "despawn", minPlayerDistance: 8, belowLightLevel: 8, minSeconds: 300 },
			{ code: "health", currenthealth: 40, maxhealth: 40 },
			{ code: "deaddecay", hoursToDecay: 3, decayedBlock: "metalpartpile-large"},
			{ code: "floatupwhenstuck", onlyWhenDead: true },
			{ code: "breathe" },
			{ 
				code: "emotionstates",
				states: [
					{ code: "aggressiveondamage", duration: 30, chance: 1, slot: 2, priority: 2, accumType: "noaccum" },
				]
			},
			{
				code: "taskai",
				aitasks: [
					{
						code: "meleeattack",
						entityCodes: ["player"],
						priority: 2,
						damage: 7,
						damageTier: 2,
						damageType: "SlashingAttack",
						slot: 1,
						mincooldown: 1500, 
						maxcooldown: 1500, 
						attackDurationMs: 800,
						damagePlayerAtMs: 500,
						animation: "Attack",
						animationSpeed: 1,
						"sound": "rustandrotalathra:creature/mimic/hurt*"
					},
					{
						code: "seekentity",
						entityCodes: ["player"],
						priority: 1.49,
						movespeed: 0.03,
						seekingRange: 20,
						animation: "Walk",
						animationSpeed: 2,
					},
					{
						"code": "seekentity",
						"entityCodes": ["player"],
						"priority": 1.49,
						"movespeed": 0.03,
						"seekingRange": 20,
						"animation": "Walk",
						"animationSpeed": 2,
						"whenInEmotionState": "aggressiveondamage",
					},
					{
						code: "idle",
						priority: 1.3,
						priorityForCancel: 1.35,
						minduration: 2500,
						maxduration: 2500,
						mincooldown: 6000,
						maxcooldown: 20000,
						animation: "Idle",
						animationSpeed: 1.25,
						stopOnNearbyEntityCodes: ["player"],
						whenNotInEmotionState: "aggressiveondamage"
					},
					{
						"code": "getoutofwater",
						"priority": 1.4,
						"movespeed": 0.015,
						"animation": "Walk",
						"animationSpeed": 2.2
					},
				]
			},
			{ "code":
				"harvestable",
				"duration": 2,
				"drops": [
			{ type: "item", code: "game:metalbit-gold", quantity: { avg: 5, var: 0.5 }   },
			{ type: "item", code: "game:metalbit-iron", quantity: { avg: 5, var: 0.25 }   },
			{ type: "item", code: "game:metalbit-platinum", quantity: { avg:4, var: 0.5 }   },
			{ type: "item", code: "game:metalbit-meteoriciron", quantity: { avg: 7, var: 0.25 }   },
			{ type: "item", code: "game:metalbit-steel", quantity: { avg: 3, var: 0.5 }   },
			{ type: "item", code: "game:metalbit-uranium", quantity: { avg: 1, var: 0.25 }   },
			{ type: "item", code: "game:ingot-gold", quantity: { avg: 1, var: 0.05 }   },
			{ type: "block", code: "game:metal-parts", quantity: { avg: 6, var: 0.5 }   },
			{ type: "item", code: "game:salt", quantity: { avg: 15, var: 0.25 }   },
			{ type: "item", code: "game:stone-limestone", quantity: { avg: 10, var: 0.5}   },
			]
			}
		],
		
		"spawnconditions": {
			"runtime": {
				"group": "hostile",
				"maxQuantity": 1,
				"chance": 0.0001,
				"maxLightLevel": 32,
				"minLightLevel": 0,
				"lightLevelType": "onlyBlockLight",
				"groupSize": { "avg": 2, "var": 1 },
				"insideBlockCodes": ["game:air"],
				"minY":0.52,
				"maxY": 0.89
				}
			},
	sounds: {
		hurt: "rustandrotalathra:creature/mimic/hurt",
		death: "rustandrotalathra:creature/mimic/death"
	},
	idleSoundChance: 0.05
}
}