{
	"editor": {
		"collapsedPaths": "Root/LowerTorso/UpperTorso/Neck/Head/mouth,Root/ArmorLowerArmL,Root/LowerTorso/UpperTorso/Neck/Head/Ponytail1,Root/origin,Root/LowerTorso/UpperTorso/Neck/Head/L eyebrow 1,Root/LowerTorso/UpperTorso/Neck/Head/L eye2,Root/LowerTorso/UpperTorso/UpperArmR/LowerArmR/blade1,Root/LowerTorso/UpperTorso/UpperArmL/ArmorUpperArmL,Root/LowerTorso/UpperTorso/UpperArmL/shield,Root/LowerTorso/UpperTorso/Neck/Head/R eye,Root/ArmorHead,Root/LowerTorso/UpperTorso/Neck/Head/R eyebrow 1,Root/LowerTorso/UpperTorso/UpperArmR/LowerArmR/origin/handle/hilt,Root/LowerTorso/UpperTorso/UpperArmL/LowerArmL2/shield,Root/LowerTorso/UpperTorso/Neck/L eyebrow 1,Root/ArmorLowerArmR,Root/ArmorUpperArmL",
		"allAngles": true,
		"entityTextureMode": true
	},
	"textureWidth": 64,
	"textureHeight": 64,
	"textureSizes": {
		"seraph": [64,64]
	},
	"textures": {
	},
	"elements": [
		{
			"name": "LowerTorso",
			"from": [ 6.0, 14.6, 5.2 ],
			"to": [ 11.0, 19.6, 11.2 ],
			"unwrapMode": 1,
			"autoUnwrap": false,
			"uv": [ 40.0, 6.5 ],
			"rotationOrigin": [ 8.0, 14.6, 8.2 ],
			"rotationZ": 14.0,
			"faces": {
				"north": { "texture": "#seraph", "uv": [ 46.0, 12.5, 51.0, 17.5 ] },
				"east": { "texture": "#seraph", "uv": [ 40.0, 12.5, 46.0, 17.5 ], "windMode": [-1,-1,-1,-1], "windData": [0,1,1,0] },
				"south": { "texture": "#seraph", "uv": [ 57.0, 12.5, 62.0, 17.5 ] },
				"west": { "texture": "#seraph", "uv": [ 51.0, 12.5, 57.0, 17.5 ], "windMode": [-1,-1,-1,-1], "windData": [0,0,1,1] },
				"up": { "texture": "#seraph", "uv": [ 33.5, 5.0, 38.5, 11.0 ], "rotation": 180 },
				"down": { "texture": "#seraph", "uv": [ 33.5, 9.0, 38.5, 15.0 ] }
			},
			"children": [
				{
					"name": "UpperTorso",
					"from": [ 0.0, 3.3, -0.1 ],
					"to": [ 5.9, 8.3, 6.1 ],
					"unwrapMode": 1,
					"autoUnwrap": false,
					"uv": [ 34.0, -1.0 ],
					"rotationOrigin": [ 2.0, 4.0, 3.0 ],
					"rotationZ": 36.0,
					"faces": {
						"north": { "texture": "#seraph", "uv": [ 40.0, 5.5, 45.5, 10.5 ] },
						"east": { "texture": "#seraph", "uv": [ 56.0, 5.5, 62.0, 10.5 ] },
						"south": { "texture": "#seraph", "uv": [ 51.0, 5.5, 56.5, 10.5 ] },
						"west": { "texture": "#seraph", "uv": [ 45.0, 5.5, 51.0, 10.5 ] },
						"up": { "texture": "#seraph", "uv": [ 45.0, 0.0, 51.0, 5.5 ], "rotation": 90 },
						"down": { "texture": "#seraph", "uv": [ 33.5, 5.0, 39.0, 11.0 ] }
					},
					"children": [
						{
							"name": "UpperArmR",
							"from": [ 1.0, -2.1, -1.2 ],
							"to": [ 4.0, 4.9, 0.8 ],
							"unwrapMode": 2,
							"autoUnwrap": false,
							"uv": [ 32.0, 38.5 ],
							"rotationOrigin": [ 2.0, 4.7, 0.8 ],
							"rotationX": 10.0,
							"rotationY": -14.0,
							"rotationZ": -39.0,
							"faces": {
								"north": { "texture": "#seraph", "uv": [ 37.0, 43.5, 40.0, 50.5 ] },
								"east": { "texture": "#seraph", "uv": [ 35.0, 42.5, 37.0, 49.5 ] },
								"south": { "texture": "#seraph", "uv": [ 32.0, 43.0, 35.0, 50.0 ] },
								"west": { "texture": "#seraph", "uv": [ 30.0, 43.0, 32.0, 50.0 ] },
								"up": { "texture": "#seraph", "uv": [ 35.0, 39.5, 37.0, 42.5 ], "rotation": 270 },
								"down": { "texture": "#seraph", "uv": [ 35.0, 48.5, 37.0, 51.5 ], "rotation": 270 }
							},
							"children": [
								{
									"name": "LowerArmR",
									"from": [ 0.1, -7.3, 0.1 ],
									"to": [ 2.6, 0.7, 2.1 ],
									"unwrapMode": 4,
									"uv": [ 1.0, 17.5 ],
									"rotationOrigin": [ 1.3, 0.7, 1.1 ],
									"rotationX": -8.0,
									"rotationZ": -25.0,
									"faces": {
										"north": { "texture": "#seraph", "uv": [ 1.0, 20.0, 3.5, 28.0 ] },
										"east": { "texture": "#seraph", "uv": [ 8.0, 20.0, 10.0, 28.0 ] },
										"south": { "texture": "#seraph", "uv": [ 5.5, 20.0, 8.0, 28.0 ] },
										"west": { "texture": "#seraph", "uv": [ 3.5, 20.0, 5.5, 28.0 ] },
										"up": { "texture": "#seraph", "uv": [ 3.5, 17.5, 5.5, 20.0 ], "rotation": 90 },
										"down": { "texture": "#seraph", "uv": [ 3.5, 28.0, 5.5, 30.5 ], "rotation": 90 }
									},
									"children": [
										{
											"name": "origin",
											"from": [ -5.53, 1.85, -0.33 ],
											"to": [ -5.53, 1.85, -0.33 ],
											"uv": [ 0.0, 0.0 ],
											"rotationOrigin": [ -5.5265, 1.1485, -0.0331 ],
											"rotationX": -91.0,
											"rotationZ": 180.0,
											"faces": {
											},
											"children": [
												{
													"name": "handle",
													"from": [ -8.0, -0.5, -0.5 ],
													"to": [ -5.0, 1.0, 1.1 ],
													"autoUnwrap": false,
													"uv": [ 0.0, 5.0 ],
													"rotationOrigin": [ -9.5, -8.0, 0.0 ],
													"faces": {
														"north": { "texture": "#handle", "uv": [ 0.0, 5.0, 3.0, 6.5 ] },
														"south": { "texture": "#handle", "uv": [ 0.0, 2.0, 3.0, 3.5 ] },
														"up": { "texture": "#handle", "uv": [ 0.0, 6.5, 3.0, 8.0 ] },
														"down": { "texture": "#handle", "uv": [ 0.0, 3.5, 3.0, 5.0 ] }
													},
													"children": [
														{
															"name": "hilt",
															"from": [ 3.0, -0.2, -0.2 ],
															"to": [ 4.0, 1.8, 1.8 ],
															"autoUnwrap": false,
															"uv": [ 8.0, 1.0 ],
															"rotationOrigin": [ 3.0, -0.2, -0.2 ],
															"faces": {
																"north": { "texture": "#handle", "uv": [ 7.0, 4.0, 8.0, 6.0 ] },
																"east": { "texture": "#handle", "uv": [ 5.0, 4.0, 7.0, 6.0 ] },
																"south": { "texture": "#handle", "uv": [ 9.0, 4.0, 10.0, 6.0 ] },
																"west": { "texture": "#handle", "uv": [ 3.0, 4.0, 5.0, 6.0 ] },
																"up": { "texture": "#handle", "uv": [ 8.0, 4.0, 9.0, 6.0 ] },
																"down": { "texture": "#handle", "uv": [ 10.0, 4.0, 11.0, 6.0 ] }
															},
															"children": [
																{
																	"name": "symbolbase",
																	"from": [ 1.0, 0.7, 0.25 ],
																	"to": [ 2.5, 1.3, 1.75 ],
																	"autoUnwrap": false,
																	"uv": [ 3.5, 2.0 ],
																	"rotationOrigin": [ 1.0, 0.7, 0.3 ],
																	"faces": {
																		"north": { "texture": "#handle", "uv": [ 3.0, 10.0, 4.5, 10.5 ] },
																		"east": { "texture": "#handle", "uv": [ 3.0, 10.5, 4.5, 11.0 ] },
																		"south": { "texture": "#handle", "uv": [ 3.0, 9.5, 4.5, 10.0 ] },
																		"up": { "texture": "#handle", "uv": [ 1.5, 9.5, 3.0, 11.0 ] },
																		"down": { "texture": "#handle", "uv": [ 0.0, 9.5, 1.5, 11.0 ] }
																	},
																	"children": [
																		{
																			"name": "symbolledge",
																			"from": [ 1.5, 0.0, -0.26 ],
																			"to": [ 2.0, 0.6, 1.76 ],
																			"autoUnwrap": false,
																			"uv": [ 10.5, 8.5 ],
																			"rotationOrigin": [ 1.5, 0.0, -0.3 ],
																			"faces": {
																				"north": { "texture": "#handle", "uv": [ 0.0, 9.0, 0.5, 9.5 ] },
																				"east": { "texture": "#handle", "uv": [ 0.5, 9.0, 2.5, 9.5 ] },
																				"south": { "texture": "#handle", "uv": [ 2.5, 9.0, 3.0, 9.5 ] },
																				"west": { "texture": "#handle", "uv": [ 3.0, 9.0, 5.0, 9.5 ] },
																				"up": { "texture": "#handle", "uv": [ 5.0, 9.0, 7.0, 9.5 ], "rotation": 90 },
																				"down": { "texture": "#handle", "uv": [ 7.0, 9.0, 9.0, 9.5 ], "rotation": 90 }
																			}
																		},
																		{
																			"name": "symboledge1",
																			"from": [ 2.0, 0.0, -0.26 ],
																			"to": [ 2.5, 0.6, 0.24 ],
																			"uv": [ 0.0, 8.0 ],
																			"rotationOrigin": [ 2.0, 0.0, -0.3 ],
																			"faces": {
																				"north": { "texture": "#handle", "uv": [ 0.0, 8.5, 0.5, 9.0 ] },
																				"east": { "texture": "#handle", "uv": [ 0.5, 8.5, 1.0, 9.0 ] },
																				"south": { "texture": "#handle", "uv": [ 1.0, 8.5, 1.5, 9.0 ] },
																				"up": { "texture": "#handle", "uv": [ 0.0, 8.0, 0.5, 8.5 ] },
																				"down": { "texture": "#handle", "uv": [ 0.5, 8.0, 1.0, 8.5 ] }
																			}
																		},
																		{
																			"name": "symboledge2",
																			"from": [ 2.0, 0.0, 0.5 ],
																			"to": [ 2.5, 0.6, 1.0 ],
																			"uv": [ 1.5, 8.0 ],
																			"rotationOrigin": [ 2.0, 0.0, 0.5 ],
																			"faces": {
																				"north": { "texture": "#handle", "uv": [ 1.5, 8.5, 2.0, 9.0 ] },
																				"east": { "texture": "#handle", "uv": [ 2.0, 8.5, 2.5, 9.0 ] },
																				"south": { "texture": "#handle", "uv": [ 2.5, 8.5, 3.0, 9.0 ] },
																				"up": { "texture": "#handle", "uv": [ 1.5, 8.0, 2.0, 8.5 ] },
																				"down": { "texture": "#handle", "uv": [ 2.0, 8.0, 2.5, 8.5 ] }
																			}
																		},
																		{
																			"name": "symboledge3",
																			"from": [ 2.0, 0.0, 1.26 ],
																			"to": [ 2.5, 0.6, 1.76 ],
																			"uv": [ 3.5, 8.0 ],
																			"rotationOrigin": [ 2.0, 0.0, 1.2 ],
																			"faces": {
																				"north": { "texture": "#handle", "uv": [ 3.5, 8.5, 4.0, 9.0 ] },
																				"east": { "texture": "#handle", "uv": [ 4.0, 8.5, 4.5, 9.0 ] },
																				"south": { "texture": "#handle", "uv": [ 4.5, 8.5, 5.0, 9.0 ] },
																				"up": { "texture": "#handle", "uv": [ 3.5, 8.0, 4.0, 8.5 ] },
																				"down": { "texture": "#handle", "uv": [ 4.0, 8.0, 4.5, 8.5 ] }
																			}
																		}
																	]
																},
																{
																	"name": "blademid1",
																	"from": [ 1.0, 0.8, 0.2 ],
																	"to": [ 6.7, 1.2, 1.8 ],
																	"uv": [ 0.0, 0.0 ],
																	"rotationOrigin": [ 1.0, 0.8, 0.2 ],
																	"faces": {
																		"north": { "texture": "#metal", "uv": [ 0.0, 1.5, 5.5, 2.0 ] },
																		"east": { "texture": "#metal", "uv": [ 5.5, 1.5, 7.0, 2.0 ] },
																		"south": { "texture": "#metal", "uv": [ 7.0, 1.5, 12.5, 2.0 ] },
																		"up": { "texture": "#metal", "uv": [ 0.0, 0.0, 5.5, 1.5 ] },
																		"down": { "texture": "#metal", "uv": [ 5.5, 0.0, 11.0, 1.5 ] }
																	},
																	"children": [
																		{
																			"name": "blademid2",
																			"from": [ 5.7, 0.0, 0.2 ],
																			"to": [ 10.2, 0.4, 1.4 ],
																			"uv": [ 3.0, 2.0 ],
																			"rotationOrigin": [ 5.7, 0.0, 0.2 ],
																			"faces": {
																				"north": { "texture": "#metal", "uv": [ 3.0, 3.0, 7.5, 3.5 ] },
																				"east": { "texture": "#metal", "uv": [ 7.5, 3.0, 8.5, 3.5 ] },
																				"south": { "texture": "#metal", "uv": [ 8.5, 3.0, 13.0, 3.5 ] },
																				"up": { "texture": "#metal", "uv": [ 3.0, 2.0, 7.5, 3.0 ] },
																				"down": { "texture": "#metal", "uv": [ 7.5, 2.0, 12.0, 3.0 ] }
																			}
																		},
																		{
																			"name": "blademid3",
																			"from": [ 10.2, 0.0, 0.5 ],
																			"to": [ 14.2, 0.4, 1.1 ],
																			"uv": [ 5.0, 8.0 ],
																			"rotationOrigin": [ 10.2, 0.0, 0.5 ],
																			"faces": {
																				"north": { "texture": "#metal", "uv": [ 5.0, 8.5, 9.0, 9.0 ] },
																				"east": { "texture": "#metal", "uv": [ 9.0, 8.5, 9.5, 9.0 ] },
																				"south": { "texture": "#metal", "uv": [ 9.5, 8.5, 13.5, 9.0 ] },
																				"up": { "texture": "#metal", "uv": [ 5.0, 8.0, 9.0, 8.5 ] },
																				"down": { "texture": "#metal", "uv": [ 9.0, 8.0, 13.0, 8.5 ] }
																			}
																		}
																	]
																}
															]
														},
														{
															"name": "pommel",
															"from": [ -1.0, -0.2, -0.2 ],
															"to": [ 0.0, 1.8, 1.8 ],
															"autoUnwrap": false,
															"uv": [ 4.5, 3.5 ],
															"rotationOrigin": [ -1.0, -0.2, -0.2 ],
															"faces": {
																"north": { "texture": "#handle", "uv": [ 7.0, 6.0, 8.0, 8.0 ] },
																"east": { "texture": "#handle", "uv": [ 5.0, 6.0, 7.0, 8.0 ] },
																"south": { "texture": "#handle", "uv": [ 9.0, 6.0, 10.0, 8.0 ] },
																"west": { "texture": "#handle", "uv": [ 3.0, 6.0, 5.0, 8.0 ] },
																"up": { "texture": "#handle", "uv": [ 8.0, 6.0, 9.0, 8.0 ] },
																"down": { "texture": "#handle", "uv": [ 10.0, 6.0, 11.0, 8.0 ] }
															}
														}
													]
												},
												{
													"name": "blade1",
													"from": [ -4.0, 0.2, -0.7 ],
													"to": [ 2.0, 0.4, 1.3 ],
													"autoUnwrap": false,
													"uv": [ 0.0, 6.0 ],
													"rotationOrigin": [ -3.0, 0.2, 0.8 ],
													"rotationX": -0.088,
													"rotationY": -0.317,
													"faces": {
														"north": { "texture": "#metal", "uv": [ 0.0, 11.5, 6.0, 12.0 ] },
														"east": { "texture": "#metal", "uv": [ 6.0, 11.5, 8.0, 12.0 ] },
														"south": { "texture": "#metal", "uv": [ 0.0, 11.0, 6.0, 11.5 ] },
														"up": { "texture": "#metal", "uv": [ 0.0, 12.0, 6.0, 14.0 ] },
														"down": { "texture": "#metal", "uv": [ 0.0, 14.0, 6.0, 16.0 ] }
													},
													"children": [
														{
															"name": "blade2",
															"from": [ 6.0, 0.0, 0.2 ],
															"to": [ 10.5, 0.2, 1.8 ],
															"autoUnwrap": false,
															"uv": [ 3.0, 6.5 ],
															"rotationOrigin": [ 6.0, 0.0, 1.5 ],
															"faces": {
																"north": { "texture": "#metal", "uv": [ 6.0, 12.0, 10.5, 12.5 ] },
																"east": { "texture": "#metal", "uv": [ 6.0, 11.0, 7.5, 11.5 ] },
																"south": { "texture": "#metal", "uv": [ 6.0, 12.5, 10.5, 13.0 ] },
																"up": { "texture": "#metal", "uv": [ 6.0, 13.0, 10.5, 14.5 ] },
																"down": { "texture": "#metal", "uv": [ 6.0, 14.5, 10.5, 16.0 ] }
															},
															"children": [
																{
																	"name": "blade3",
																	"from": [ 4.5, 0.0, 0.3 ],
																	"to": [ 8.5, 0.2, 1.3 ],
																	"autoUnwrap": false,
																	"uv": [ 7.5, 9.5 ],
																	"rotationOrigin": [ 4.5, 0.0, 0.3 ],
																	"faces": {
																		"north": { "texture": "#metal", "uv": [ 10.5, 13.0, 14.5, 13.5 ] },
																		"east": { "texture": "#metal", "uv": [ 10.5, 12.5, 11.5, 13.0 ] },
																		"south": { "texture": "#metal", "uv": [ 10.5, 13.5, 14.5, 14.0 ] },
																		"up": { "texture": "#metal", "uv": [ 10.5, 14.0, 14.5, 15.0 ] },
																		"down": { "texture": "#metal", "uv": [ 10.5, 15.0, 14.5, 16.0 ] }
																	}
																},
																{
																	"name": "bladetip",
																	"from": [ 8.5, 0.0, 0.5 ],
																	"to": [ 9.5, 0.2, 1.1 ],
																	"uv": [ 5.0, 9.5 ],
																	"rotationOrigin": [ 8.5, 0.0, 0.5 ],
																	"faces": {
																		"north": { "texture": "#metal", "uv": [ 5.0, 10.0, 6.0, 10.5 ] },
																		"east": { "texture": "#metal", "uv": [ 6.0, 10.0, 6.5, 10.5 ] },
																		"south": { "texture": "#metal", "uv": [ 6.5, 10.0, 7.5, 10.5 ] },
																		"up": { "texture": "#metal", "uv": [ 5.0, 9.5, 6.0, 10.0 ] },
																		"down": { "texture": "#metal", "uv": [ 6.0, 9.5, 7.0, 10.0 ] }
																	}
																}
															]
														}
													]
												}
											]
										},
										{
											"name": "ArmorLowerArmBand",
											"from": [ -0.39, 5.9, -0.6 ],
											"to": [ 3.01, 6.9, 2.5 ],
											"autoUnwrap": false,
											"uv": [ 44.0, 33.5 ],
											"rotationOrigin": [ 1.31, 5.9, 0.7 ],
											"rotationX": -8.0,
											"rotationY": 11.0,
											"faces": {
												"north": { "texture": "#blackguard-damaged", "uv": [ 51.0, 61.5, 54.0, 62.5 ] },
												"east": { "texture": "#blackguard-damaged", "uv": [ 48.0, 61.5, 51.0, 62.5 ] },
												"south": { "texture": "#blackguard-damaged", "uv": [ 57.0, 61.5, 60.0, 62.5 ] },
												"west": { "texture": "#blackguard-damaged", "uv": [ 54.0, 61.5, 57.0, 62.5 ] },
												"up": { "texture": "#blackguard-damaged", "uv": [ 53.0, 58.5, 56.0, 61.5 ] },
												"down": { "texture": "#blackguard-damaged", "uv": [ 56.0, 58.5, 59.0, 61.5 ] }
											}
										},
										{
											"name": "ArmorLowerArmBand2",
											"from": [ -0.39, 2.6, -0.5 ],
											"to": [ 3.01, 3.6, 2.6 ],
											"autoUnwrap": false,
											"uv": [ 44.0, 33.5 ],
											"rotationOrigin": [ 1.31, 2.6, 0.8 ],
											"rotationX": -8.0,
											"rotationY": -3.0,
											"faces": {
												"north": { "texture": "#blackguard-damaged", "uv": [ 51.0, 61.5, 54.0, 62.5 ] },
												"east": { "texture": "#blackguard-damaged", "uv": [ 48.0, 61.5, 51.0, 62.5 ] },
												"south": { "texture": "#blackguard-damaged", "uv": [ 57.0, 61.5, 60.0, 62.5 ] },
												"west": { "texture": "#blackguard-damaged", "uv": [ 54.0, 61.5, 57.0, 62.5 ] },
												"up": { "texture": "#blackguard-damaged", "uv": [ 53.0, 58.5, 56.0, 61.5 ] },
												"down": { "texture": "#blackguard-damaged", "uv": [ 56.0, 58.5, 59.0, 61.5 ] }
											}
										}
									],
									"attachmentpoints": [
										{
											"code": "RightHand",
											"posX": "1.0","posY": "1.0","posZ": "1.0",
											"rotationX": "0.0","rotationY": "-180.0","rotationZ": "0.0"
										}
									]
								},
								{
									"name": "ArmorUpperArmR",
									"stepParentName": "UpperArmR",
									"from": [ -0.1, 0.0, -0.3 ],
									"to": [ 3.2, 7.4, 2.1 ],
									"autoUnwrap": false,
									"uv": [ 47.0, 34.5 ],
									"rotationOrigin": [ -7.0378, 2.8219, 3.326 ],
									"faces": {
										"north": { "texture": "#blackguard-damaged", "uv": [ 45.0, 44.0, 48.0, 51.0 ] },
										"east": { "texture": "#blackguard-damaged", "uv": [ 43.0, 44.0, 45.0, 51.0 ] },
										"south": { "texture": "#blackguard-damaged", "uv": [ 50.0, 44.0, 53.0, 51.0 ] },
										"west": { "texture": "#blackguard-damaged", "uv": [ 48.0, 44.0, 50.0, 51.0 ] },
										"up": { "texture": "#blackguard-damaged", "uv": [ 45.0, 42.0, 48.0, 44.0 ] },
										"down": { "texture": "#blackguard-damaged", "uv": [ 48.0, 51.0, 51.0, 53.0 ] }
									}
								}
							]
						},
						{
							"name": "UpperArmL",
							"from": [ 1.0, -2.1, 5.4 ],
							"to": [ 2.8, 4.9, 7.2 ],
							"unwrapMode": 4,
							"uv": [ 10.5, 2.0 ],
							"rotationOrigin": [ 2.0, 4.7, 5.2 ],
							"rotationX": -25.0,
							"rotationY": 3.0,
							"rotationZ": -6.0,
							"faces": {
								"north": { "texture": "#seraph", "uv": [ 10.5, 3.5, 12.0, 10.5 ] },
								"east": { "texture": "#seraph", "uv": [ 15.0, 3.5, 16.5, 10.5 ] },
								"south": { "texture": "#seraph", "uv": [ 13.5, 3.5, 15.0, 10.5 ] },
								"west": { "texture": "#seraph", "uv": [ 12.0, 3.5, 13.5, 10.5 ] },
								"up": { "texture": "#seraph", "uv": [ 12.0, 2.0, 13.5, 3.5 ], "rotation": 90 },
								"down": { "texture": "#seraph", "uv": [ 12.0, 10.5, 13.5, 12.0 ], "rotation": 90 }
							},
							"children": [
								{
									"name": "LowerArmL2",
									"from": [ 0.2, -8.9, 0.7 ],
									"to": [ 1.1, -0.9, 1.8 ],
									"unwrapMode": 4,
									"uv": [ 14.5, 4.5 ],
									"rotationOrigin": [ 1.4, -0.9, 1.7 ],
									"rotationX": -14.0,
									"rotationZ": -83.0,
									"faces": {
										"north": { "texture": "#seraph", "uv": [ 14.5, 5.0, 15.0, 13.0 ] },
										"east": { "texture": "#seraph", "uv": [ 16.5, 5.0, 17.5, 13.0 ] },
										"south": { "texture": "#seraph", "uv": [ 16.0, 5.0, 16.5, 13.0 ] },
										"west": { "texture": "#seraph", "uv": [ 15.0, 5.0, 16.0, 13.0 ] },
										"up": { "texture": "#seraph", "uv": [ 15.0, 4.5, 16.0, 5.0 ], "rotation": 90 },
										"down": { "texture": "#seraph", "uv": [ 15.0, 13.0, 16.0, 13.5 ], "rotation": 90 }
									},
									"children": [
										{
											"name": "shield",
											"stepParentName": "LowerArmL",
											"from": [ 1.85, -1.16, 1.68 ],
											"to": [ 1.85, -1.16, 1.68 ],
											"uv": [ 999.0, 999.0 ],
											"rotationOrigin": [ 0.8491, -1.1635, 1.6809 ],
											"rotationX": -5.942,
											"rotationZ": 11.0,
											"faces": {
											},
											"children": [
												{
													"name": "METAL",
													"from": [ 0.0, 1.0, 0.0 ],
													"to": [ 0.0, 1.0, 0.0 ],
													"uv": [ 999.0, 999.0 ],
													"rotationOrigin": [ 0.0, 1.0, 0.0 ],
													"faces": {
													},
													"children": [
														{
															"name": "boss",
															"from": [ -2.0, -2.0, -0.4 ],
															"to": [ 2.0, 2.0, 1.1 ],
															"uv": [ 2.0, 3.5 ],
															"rotationOrigin": [ 0.0, 0.0, 0.6 ],
															"faces": {
																"north": { "texture": "#blackbronze5", "uv": [ 2.0, 8.0, 6.0, 12.0 ] },
																"east": { "texture": "#blackbronze5", "uv": [ 9.0, 7.5, 10.5, 11.5 ] },
																"south": { "texture": "#blackbronze5", "uv": [ 6.0, 9.0, 10.0, 13.0 ] },
																"west": { "texture": "#blackbronze5", "uv": [ 10.5, 3.5, 12.0, 7.5 ], "rotation": 180 },
																"up": { "texture": "#blackbronze5", "uv": [ 10.0, 7.5, 11.5, 11.5 ], "rotation": 270 },
																"down": { "texture": "#blackbronze5", "uv": [ 8.0, 5.5, 9.5, 9.5 ], "rotation": 270 }
															},
															"children": [
																{
																	"name": "boss-out",
																	"from": [ 0.5, 0.5, 1.5 ],
																	"to": [ 3.5, 3.5, 1.9 ],
																	"uv": [ 0.0, 0.0 ],
																	"rotationOrigin": [ 2.0, 2.0, 1.5 ],
																	"faces": {
																		"east": { "texture": "#blackbronze5", "uv": [ 15.5, 11.5, 16.0, 14.5 ] },
																		"south": { "texture": "#blackbronze5", "uv": [ 6.0, 5.5, 9.0, 8.5 ] },
																		"west": { "texture": "#blackbronze5", "uv": [ 0.0, 7.0, 0.5, 10.0 ] },
																		"up": { "texture": "#blackbronze5", "uv": [ 6.0, 15.5, 9.0, 16.0 ] },
																		"down": { "texture": "#blackbronze5", "uv": [ 4.5, 0.0, 7.5, 0.5 ] }
																	}
																},
																{
																	"name": "edge-w",
																	"from": [ -3.0, -2.5, 0.1 ],
																	"to": [ -2.5, 6.5, 1.1 ],
																	"uv": [ 0.0, 0.0 ],
																	"rotationOrigin": [ -3.0, -2.5, 0.4 ],
																	"faces": {
																		"north": { "texture": "#blackbronze5", "uv": [ 0.0, 1.5, 0.5, 10.5 ], "rotation": 180 },
																		"east": { "texture": "#blackbronze5", "uv": [ 0.0, 0.0, 1.0, 9.0 ], "windMode": [-1,-1,-1,-1] },
																		"south": { "texture": "#blackbronze5", "uv": [ 10.5, 2.0, 11.0, 11.0 ] },
																		"west": { "texture": "#blackbronze5", "uv": [ 0.0, 3.5, 1.0, 12.5 ] },
																		"up": { "texture": "#blackbronze5", "uv": [ 5.5, 0.0, 6.0, 1.0 ] },
																		"down": { "texture": "#blackbronze5", "uv": [ 8.5, 0.0, 9.0, 1.0 ] }
																	}
																},
																{
																	"name": "edge-e",
																	"from": [ 6.5, -2.5, 0.1 ],
																	"to": [ 7.0, 6.5, 1.1 ],
																	"uv": [ 5.0, 0.0 ],
																	"rotationOrigin": [ 6.5, -2.5, 0.4 ],
																	"faces": {
																		"north": { "texture": "#blackbronze5", "uv": [ 15.5, 2.0, 16.0, 11.0 ], "rotation": 180 },
																		"east": { "texture": "#blackbronze5", "uv": [ 15.0, 2.0, 16.0, 11.0 ] },
																		"south": { "texture": "#blackbronze5", "uv": [ 8.5, 3.0, 9.0, 12.0 ] },
																		"west": { "texture": "#blackbronze5", "uv": [ 5.5, 5.5, 6.5, 14.5 ], "windMode": [-1,-1,-1,-1] },
																		"up": { "texture": "#blackbronze5", "uv": [ 5.0, 0.0, 5.5, 1.0 ] },
																		"down": { "texture": "#blackbronze5", "uv": [ 5.0, 0.0, 5.5, 1.0 ] }
																	}
																},
																{
																	"name": "edge-down",
																	"from": [ -3.0, -3.0, 0.1 ],
																	"to": [ 7.0, -2.5, 1.1 ],
																	"uv": [ 2.5, 0.0 ],
																	"rotationOrigin": [ -3.0, -3.0, 0.4 ],
																	"faces": {
																		"north": { "texture": "#blackbronze5", "uv": [ 2.5, 0.5, 12.5, 1.0 ] },
																		"east": { "texture": "#blackbronze5", "uv": [ 15.0, 5.0, 16.0, 5.5 ] },
																		"south": { "texture": "#blackbronze5", "uv": [ 5.0, 8.0, 15.0, 8.5 ] },
																		"west": { "texture": "#blackbronze5", "uv": [ 15.0, 4.0, 16.0, 4.5 ] },
																		"up": { "texture": "#blackbronze5", "uv": [ 2.5, 5.5, 12.5, 6.5 ], "windMode": [-1,-1,-1,-1] },
																		"down": { "texture": "#blackbronze5", "uv": [ 6.0, 0.0, 16.0, 1.0 ] }
																	}
																},
																{
																	"name": "edge-up",
																	"from": [ -3.0, 6.5, 0.1 ],
																	"to": [ 7.0, 7.0, 1.1 ],
																	"uv": [ 0.0, 0.0 ],
																	"rotationOrigin": [ -2.0, 6.5, 0.4 ],
																	"faces": {
																		"north": { "texture": "#blackbronze5", "uv": [ 3.5, 15.5, 13.5, 16.0 ] },
																		"east": { "texture": "#blackbronze5", "uv": [ 15.0, 7.0, 16.0, 7.5 ] },
																		"south": { "texture": "#blackbronze5", "uv": [ 4.5, 10.0, 14.5, 10.5 ] },
																		"west": { "texture": "#blackbronze5", "uv": [ 0.0, 5.0, 1.0, 5.5 ] },
																		"up": { "texture": "#blackbronze5", "uv": [ 6.0, 0.0, 16.0, 1.0 ] },
																		"down": { "texture": "#blackbronze5", "uv": [ 3.0, 7.5, 13.0, 8.5 ], "windMode": [-1,-1,-1,-1] }
																	}
																},
																{
																	"name": "NAILS",
																	"from": [ 2.0, 2.0, 1.0 ],
																	"to": [ 2.0, 2.0, 1.0 ],
																	"uv": [ 999.0, 999.0 ],
																	"rotationOrigin": [ 2.0, 2.0, 1.0 ],
																	"faces": {
																	},
																	"children": [
																		{
																			"name": "nail1",
																			"from": [ -0.2, -4.2, -0.7 ],
																			"to": [ 0.2, -3.8, 0.0 ],
																			"uv": [ 3.5, 0.5 ],
																			"rotationOrigin": [ 0.0, -4.0, -0.6 ],
																			"rotationZ": -45.0,
																			"faces": {
																				"north": { "texture": "#blackbronze5", "uv": [ 11.5, 7.5, 12.0, 8.0 ] },
																				"east": { "texture": "#blackbronze5", "uv": [ 3.5, 0.5, 4.0, 1.0 ] },
																				"south": { "texture": "#blackbronze5", "uv": [ 5.5, 7.0, 6.0, 7.5 ] },
																				"west": { "texture": "#blackbronze5", "uv": [ 15.0, 10.0, 15.5, 10.5 ] },
																				"up": { "texture": "#blackbronze5", "uv": [ 8.0, 1.0, 8.5, 1.5 ] },
																				"down": { "texture": "#blackbronze5", "uv": [ 8.0, 15.0, 8.5, 15.5 ] }
																			}
																		},
																		{
																			"name": "nail3",
																			"from": [ 1.8, -4.2, -0.7 ],
																			"to": [ 2.2, -3.8, 0.0 ],
																			"uv": [ 4.0, 5.5 ],
																			"rotationOrigin": [ 2.0, -4.0, -0.6 ],
																			"rotationZ": -45.0,
																			"faces": {
																				"north": { "texture": "#blackbronze5", "uv": [ 11.0, 15.0, 11.5, 15.5 ] },
																				"east": { "texture": "#blackbronze5", "uv": [ 5.5, 11.5, 6.0, 12.0 ] },
																				"south": { "texture": "#blackbronze5", "uv": [ 9.5, 15.0, 10.0, 15.5 ] },
																				"west": { "texture": "#blackbronze5", "uv": [ 9.5, 5.5, 10.0, 6.0 ] },
																				"up": { "texture": "#blackbronze5", "uv": [ 9.0, 14.5, 9.5, 15.0 ] },
																				"down": { "texture": "#blackbronze5", "uv": [ 4.0, 6.0, 4.5, 6.5 ] }
																			}
																		},
																		{
																			"name": "nail5",
																			"from": [ 3.8, -4.2, -0.7 ],
																			"to": [ 4.2, -3.8, 0.0 ],
																			"uv": [ 1.0, 2.0 ],
																			"rotationOrigin": [ 4.0, -4.0, -0.6 ],
																			"rotationZ": -45.0,
																			"faces": {
																				"north": { "texture": "#blackbronze5", "uv": [ 4.5, 2.0, 5.0, 2.5 ] },
																				"east": { "texture": "#blackbronze5", "uv": [ 2.0, 3.5, 2.5, 4.0 ] },
																				"south": { "texture": "#blackbronze5", "uv": [ 1.5, 11.0, 2.0, 11.5 ] },
																				"west": { "texture": "#blackbronze5", "uv": [ 7.0, 10.0, 7.5, 10.5 ] },
																				"up": { "texture": "#blackbronze5", "uv": [ 15.0, 10.0, 15.5, 10.5 ] },
																				"down": { "texture": "#blackbronze5", "uv": [ 1.0, 4.5, 1.5, 5.0 ] }
																			}
																		},
																		{
																			"name": "nail7",
																			"from": [ 3.8, -2.2, -0.7 ],
																			"to": [ 4.2, -1.8, 0.0 ],
																			"uv": [ 1.5, 3.0 ],
																			"rotationOrigin": [ 4.0, -2.0, -0.6 ],
																			"rotationZ": -45.0,
																			"faces": {
																				"north": { "texture": "#blackbronze5", "uv": [ 15.0, 12.0, 15.5, 12.5 ] },
																				"east": { "texture": "#blackbronze5", "uv": [ 2.0, 8.0, 2.5, 8.5 ] },
																				"south": { "texture": "#blackbronze5", "uv": [ 12.0, 8.0, 12.5, 8.5 ] },
																				"west": { "texture": "#blackbronze5", "uv": [ 11.0, 3.5, 11.5, 4.0 ] },
																				"up": { "texture": "#blackbronze5", "uv": [ 10.5, 3.0, 11.0, 3.5 ] },
																				"down": { "texture": "#blackbronze5", "uv": [ 1.5, 8.0, 2.0, 8.5 ] }
																			}
																		},
																		{
																			"name": "nail9",
																			"from": [ 3.8, -0.2, -0.7 ],
																			"to": [ 4.2, 0.2, 0.0 ],
																			"uv": [ 1.0, 1.5 ],
																			"rotationOrigin": [ 4.0, 0.0, -0.6 ],
																			"rotationZ": -45.0,
																			"faces": {
																				"north": { "texture": "#blackbronze5", "uv": [ 1.0, 8.0, 1.5, 8.5 ] },
																				"east": { "texture": "#blackbronze5", "uv": [ 1.0, 2.5, 1.5, 3.0 ] },
																				"south": { "texture": "#blackbronze5", "uv": [ 14.0, 3.5, 14.5, 4.0 ] },
																				"west": { "texture": "#blackbronze5", "uv": [ 14.0, 12.0, 14.5, 12.5 ] },
																				"up": { "texture": "#blackbronze5", "uv": [ 9.0, 3.5, 9.5, 4.0 ] },
																				"down": { "texture": "#blackbronze5", "uv": [ 13.5, 1.5, 14.0, 2.0 ] }
																			}
																		},
																		{
																			"name": "nail11",
																			"from": [ 3.8, 1.8, -0.7 ],
																			"to": [ 4.2, 2.2, 0.0 ],
																			"uv": [ 2.0, 1.0 ],
																			"rotationOrigin": [ 4.0, 2.0, -0.6 ],
																			"rotationZ": -45.0,
																			"faces": {
																				"north": { "texture": "#blackbronze5", "uv": [ 11.5, 6.5, 12.0, 7.0 ] },
																				"east": { "texture": "#blackbronze5", "uv": [ 15.0, 1.0, 15.5, 1.5 ] },
																				"south": { "texture": "#blackbronze5", "uv": [ 3.0, 5.5, 3.5, 6.0 ] },
																				"west": { "texture": "#blackbronze5", "uv": [ 10.0, 6.5, 10.5, 7.0 ] },
																				"up": { "texture": "#blackbronze5", "uv": [ 2.0, 2.5, 2.5, 3.0 ] },
																				"down": { "texture": "#blackbronze5", "uv": [ 6.0, 3.0, 6.5, 3.5 ] }
																			}
																		},
																		{
																			"name": "nail13",
																			"from": [ 3.8, 3.8, -0.7 ],
																			"to": [ 4.2, 4.2, 0.0 ],
																			"uv": [ 2.0, 0.5 ],
																			"rotationOrigin": [ 4.0, 4.0, -0.6 ],
																			"rotationZ": -45.0,
																			"faces": {
																				"north": { "texture": "#blackbronze5", "uv": [ 12.5, 2.5, 13.0, 3.0 ] },
																				"east": { "texture": "#blackbronze5", "uv": [ 12.5, 11.0, 13.0, 11.5 ] },
																				"south": { "texture": "#blackbronze5", "uv": [ 2.0, 3.5, 2.5, 4.0 ] },
																				"west": { "texture": "#blackbronze5", "uv": [ 4.5, 0.5, 5.0, 1.0 ] },
																				"up": { "texture": "#blackbronze5", "uv": [ 14.5, 12.5, 15.0, 13.0 ] },
																				"down": { "texture": "#blackbronze5", "uv": [ 8.5, 8.5, 9.0, 9.0 ] }
																			}
																		},
																		{
																			"name": "nail15",
																			"from": [ 1.8, 3.8, -0.7 ],
																			"to": [ 2.2, 4.2, 0.0 ],
																			"uv": [ 2.5, 1.0 ],
																			"rotationOrigin": [ 2.0, 4.0, -0.6 ],
																			"rotationZ": -45.0,
																			"faces": {
																				"north": { "texture": "#blackbronze5", "uv": [ 2.5, 7.0, 3.0, 7.5 ] },
																				"east": { "texture": "#blackbronze5", "uv": [ 10.0, 15.0, 10.5, 15.5 ] },
																				"south": { "texture": "#blackbronze5", "uv": [ 11.5, 8.0, 12.0, 8.5 ] },
																				"west": { "texture": "#blackbronze5", "uv": [ 11.0, 1.0, 11.5, 1.5 ] },
																				"up": { "texture": "#blackbronze5", "uv": [ 9.5, 1.0, 10.0, 1.5 ] },
																				"down": { "texture": "#blackbronze5", "uv": [ 4.5, 8.5, 5.0, 9.0 ] }
																			}
																		},
																		{
																			"name": "nail17",
																			"from": [ -0.2, 3.8, -0.7 ],
																			"to": [ 0.2, 4.2, 0.0 ],
																			"uv": [ 1.5, 5.0 ],
																			"rotationOrigin": [ 0.0, 4.0, -0.6 ],
																			"rotationZ": -45.0,
																			"faces": {
																				"north": { "texture": "#blackbronze5", "uv": [ 2.0, 13.0, 2.5, 13.5 ] },
																				"east": { "texture": "#blackbronze5", "uv": [ 1.5, 11.0, 2.0, 11.5 ] },
																				"south": { "texture": "#blackbronze5", "uv": [ 6.0, 5.0, 6.5, 5.5 ] },
																				"west": { "texture": "#blackbronze5", "uv": [ 9.5, 6.0, 10.0, 6.5 ] },
																				"up": { "texture": "#blackbronze5", "uv": [ 14.0, 12.0, 14.5, 12.5 ] },
																				"down": { "texture": "#blackbronze5", "uv": [ 2.0, 11.5, 2.5, 12.0 ] }
																			}
																		},
																		{
																			"name": "nail19",
																			"from": [ -2.2, 3.8, -0.7 ],
																			"to": [ -1.8, 4.2, 0.0 ],
																			"uv": [ 3.5, 0.5 ],
																			"rotationOrigin": [ -2.0, 4.0, -0.6 ],
																			"rotationZ": -45.0,
																			"faces": {
																				"north": { "texture": "#blackbronze5", "uv": [ 10.0, 14.0, 10.5, 14.5 ] },
																				"east": { "texture": "#blackbronze5", "uv": [ 9.5, 2.0, 10.0, 2.5 ] },
																				"south": { "texture": "#blackbronze5", "uv": [ 9.5, 0.5, 10.0, 1.0 ] },
																				"west": { "texture": "#blackbronze5", "uv": [ 5.5, 10.5, 6.0, 11.0 ] },
																				"up": { "texture": "#blackbronze5", "uv": [ 8.0, 5.0, 8.5, 5.5 ] },
																				"down": { "texture": "#blackbronze5", "uv": [ 3.5, 14.5, 4.0, 15.0 ] }
																			}
																		},
																		{
																			"name": "nail21",
																			"from": [ -4.2, 3.8, -0.7 ],
																			"to": [ -3.8, 4.2, 0.0 ],
																			"uv": [ 1.5, 3.0 ],
																			"rotationOrigin": [ -4.0, 4.0, -0.6 ],
																			"rotationZ": -45.0,
																			"faces": {
																				"north": { "texture": "#blackbronze5", "uv": [ 2.0, 4.0, 2.5, 4.5 ] },
																				"east": { "texture": "#blackbronze5", "uv": [ 1.5, 12.0, 2.0, 12.5 ] },
																				"south": { "texture": "#blackbronze5", "uv": [ 4.5, 10.0, 5.0, 10.5 ] },
																				"west": { "texture": "#blackbronze5", "uv": [ 7.0, 11.5, 7.5, 12.0 ] },
																				"up": { "texture": "#blackbronze5", "uv": [ 4.0, 3.0, 4.5, 3.5 ] },
																				"down": { "texture": "#blackbronze5", "uv": [ 6.5, 8.0, 7.0, 8.5 ] }
																			}
																		},
																		{
																			"name": "nail23",
																			"from": [ -4.2, 1.8, -0.7 ],
																			"to": [ -3.8, 2.2, 0.0 ],
																			"uv": [ 0.5, 4.5 ],
																			"rotationOrigin": [ -4.0, 2.0, -0.6 ],
																			"rotationZ": -45.0,
																			"faces": {
																				"north": { "texture": "#blackbronze5", "uv": [ 4.0, 6.0, 4.5, 6.5 ] },
																				"east": { "texture": "#blackbronze5", "uv": [ 0.5, 10.0, 1.0, 10.5 ] },
																				"south": { "texture": "#blackbronze5", "uv": [ 3.0, 7.5, 3.5, 8.0 ] },
																				"west": { "texture": "#blackbronze5", "uv": [ 11.5, 4.5, 12.0, 5.0 ] },
																				"up": { "texture": "#blackbronze5", "uv": [ 9.0, 7.0, 9.5, 7.5 ] },
																				"down": { "texture": "#blackbronze5", "uv": [ 7.0, 9.0, 7.5, 9.5 ] }
																			}
																		},
																		{
																			"name": "nail25",
																			"from": [ -4.2, -0.2, -0.7 ],
																			"to": [ -3.8, 0.2, 0.0 ],
																			"uv": [ 0.0, 1.0 ],
																			"rotationOrigin": [ -4.0, 0.0, -0.6 ],
																			"rotationZ": -45.0,
																			"faces": {
																				"north": { "texture": "#blackbronze5", "uv": [ 0.0, 1.0, 0.5, 1.5 ] },
																				"east": { "texture": "#blackbronze5", "uv": [ 3.5, 7.5, 4.0, 8.0 ] },
																				"south": { "texture": "#blackbronze5", "uv": [ 6.0, 12.5, 6.5, 13.0 ] },
																				"west": { "texture": "#blackbronze5", "uv": [ 4.0, 14.5, 4.5, 15.0 ] },
																				"up": { "texture": "#blackbronze5", "uv": [ 5.0, 5.0, 5.5, 5.5 ] },
																				"down": { "texture": "#blackbronze5", "uv": [ 11.5, 1.0, 12.0, 1.5 ] }
																			}
																		},
																		{
																			"name": "nail27",
																			"from": [ -4.2, -2.2, -0.7 ],
																			"to": [ -3.8, -1.8, 0.0 ],
																			"uv": [ 3.5, 0.5 ],
																			"rotationOrigin": [ -4.0, -2.0, -0.6 ],
																			"rotationZ": -45.0,
																			"faces": {
																				"north": { "texture": "#blackbronze5", "uv": [ 4.0, 6.0, 4.5, 6.5 ] },
																				"east": { "texture": "#blackbronze5", "uv": [ 9.0, 3.5, 9.5, 4.0 ] },
																				"south": { "texture": "#blackbronze5", "uv": [ 6.5, 0.5, 7.0, 1.0 ] },
																				"west": { "texture": "#blackbronze5", "uv": [ 9.5, 12.5, 10.0, 13.0 ] },
																				"up": { "texture": "#blackbronze5", "uv": [ 4.0, 0.5, 4.5, 1.0 ] },
																				"down": { "texture": "#blackbronze5", "uv": [ 3.5, 0.5, 4.0, 1.0 ] }
																			}
																		},
																		{
																			"name": "nail29",
																			"from": [ -4.2, -4.1, -0.7 ],
																			"to": [ -3.8, -3.7, 0.0 ],
																			"uv": [ 0.5, 1.0 ],
																			"rotationOrigin": [ -4.0, -4.0, -0.6 ],
																			"rotationZ": -45.0,
																			"faces": {
																				"north": { "texture": "#blackbronze5", "uv": [ 12.5, 5.0, 13.0, 5.5 ] },
																				"east": { "texture": "#blackbronze5", "uv": [ 13.5, 14.5, 14.0, 15.0 ] },
																				"south": { "texture": "#blackbronze5", "uv": [ 0.5, 1.0, 1.0, 1.5 ] },
																				"west": { "texture": "#blackbronze5", "uv": [ 5.5, 1.0, 6.0, 1.5 ] },
																				"up": { "texture": "#blackbronze5", "uv": [ 7.0, 7.5, 7.5, 8.0 ] },
																				"down": { "texture": "#blackbronze5", "uv": [ 0.5, 9.5, 1.0, 10.0 ] }
																			}
																		},
																		{
																			"name": "nail31",
																			"from": [ -2.2, -4.2, -0.7 ],
																			"to": [ -1.8, -3.8, 0.0 ],
																			"uv": [ 3.0, 4.5 ],
																			"rotationOrigin": [ -2.0, -4.0, -0.6 ],
																			"rotationZ": -45.0,
																			"faces": {
																				"north": { "texture": "#blackbronze5", "uv": [ 5.5, 9.0, 6.0, 9.5 ] },
																				"east": { "texture": "#blackbronze5", "uv": [ 14.5, 7.5, 15.0, 8.0 ] },
																				"south": { "texture": "#blackbronze5", "uv": [ 14.0, 4.5, 14.5, 5.0 ] },
																				"west": { "texture": "#blackbronze5", "uv": [ 3.0, 7.5, 3.5, 8.0 ] },
																				"up": { "texture": "#blackbronze5", "uv": [ 6.5, 9.0, 7.0, 9.5 ] },
																				"down": { "texture": "#blackbronze5", "uv": [ 11.0, 5.0, 11.5, 5.5 ] }
																			}
																		}
																	]
																},
																{
																	"name": "tower-base",
																	"from": [ 1.2, 0.8, 2.0 ],
																	"to": [ 2.8, 1.3, 2.2 ],
																	"uv": [ 3.0, 1.0 ],
																	"rotationOrigin": [ 2.0, 0.8, 2.0 ],
																	"faces": {
																		"east": { "texture": "#blackbronze", "uv": [ 8.5, 1.5, 9.0, 2.0 ] },
																		"south": { "texture": "#blackbronze", "uv": [ 3.5, 12.5, 5.0, 13.0 ] },
																		"west": { "texture": "#blackbronze", "uv": [ 3.0, 15.0, 3.5, 15.5 ] },
																		"up": { "texture": "#blackbronze", "uv": [ 5.0, 1.5, 6.5, 2.0 ] },
																		"down": { "texture": "#blackbronze", "uv": [ 3.0, 1.0, 4.5, 1.5 ] }
																	},
																	"children": [
																		{
																			"name": "tower-body",
																			"from": [ 0.3, 0.5, 0.0 ],
																			"to": [ 1.3, 1.7, 0.2 ],
																			"uv": [ 0.0, 6.5 ],
																			"rotationOrigin": [ 0.8, 0.5, 0.0 ],
																			"faces": {
																				"east": { "texture": "#blackbronze", "uv": [ 0.0, 11.0, 0.5, 12.0 ] },
																				"south": { "texture": "#blackbronze", "uv": [ 2.0, 6.5, 3.0, 7.5 ] },
																				"west": { "texture": "#blackbronze", "uv": [ 2.0, 9.0, 2.5, 10.0 ] }
																			}
																		},
																		{
																			"name": "tower-top",
																			"from": [ 0.0, 1.7, 0.0 ],
																			"to": [ 1.6, 2.1, 0.2 ],
																			"uv": [ 3.0, 12.5 ],
																			"rotationOrigin": [ 0.9, 1.7, 0.0 ],
																			"faces": {
																				"east": { "texture": "#blackbronze", "uv": [ 3.0, 14.0, 3.5, 14.5 ] },
																				"south": { "texture": "#blackbronze", "uv": [ 9.0, 14.5, 10.5, 15.0 ] },
																				"west": { "texture": "#blackbronze", "uv": [ 7.0, 13.0, 7.5, 13.5 ] },
																				"up": { "texture": "#blackbronze", "uv": [ 14.0, 13.0, 15.5, 13.5 ] },
																				"down": { "texture": "#blackbronze", "uv": [ 13.5, 12.5, 15.0, 13.0 ] }
																			}
																		},
																		{
																			"name": "tower-tip1",
																			"from": [ 0.0, 2.1, 0.0 ],
																			"to": [ 0.4, 2.5, 0.2 ],
																			"uv": [ 0.0, 3.5 ],
																			"rotationOrigin": [ 0.2, 2.1, 0.0 ],
																			"faces": {
																				"east": { "texture": "#blackbronze", "uv": [ 5.0, 4.5, 5.5, 5.0 ] },
																				"south": { "texture": "#blackbronze", "uv": [ 13.0, 12.5, 13.5, 13.0 ] },
																				"west": { "texture": "#blackbronze", "uv": [ 0.0, 15.0, 0.5, 15.5 ] },
																				"up": { "texture": "#blackbronze", "uv": [ 14.0, 3.5, 14.5, 4.0 ] }
																			}
																		},
																		{
																			"name": "tower-tip2",
																			"from": [ 0.6, 2.1, 0.0 ],
																			"to": [ 1.0, 2.5, 0.2 ],
																			"uv": [ 6.0, 0.0 ],
																			"rotationOrigin": [ 0.8, 2.1, 0.0 ],
																			"faces": {
																				"east": { "texture": "#blackbronze", "uv": [ 13.0, 12.5, 13.5, 13.0 ] },
																				"south": { "texture": "#blackbronze", "uv": [ 6.0, 0.5, 6.5, 1.0 ] },
																				"west": { "texture": "#blackbronze", "uv": [ 15.0, 0.0, 15.5, 0.5 ] },
																				"up": { "texture": "#blackbronze", "uv": [ 7.5, 2.5, 8.0, 3.0 ] }
																			}
																		},
																		{
																			"name": "tower-tip3",
																			"from": [ 1.2, 2.1, 0.0 ],
																			"to": [ 1.6, 2.5, 0.2 ],
																			"uv": [ 3.5, 0.5 ],
																			"rotationOrigin": [ 1.4, 2.1, 0.0 ],
																			"faces": {
																				"east": { "texture": "#blackbronze", "uv": [ 3.5, 13.0, 4.0, 13.5 ] },
																				"south": { "texture": "#blackbronze", "uv": [ 7.0, 0.5, 7.5, 1.0 ] },
																				"west": { "texture": "#blackbronze", "uv": [ 6.5, 0.5, 7.0, 1.0 ] },
																				"up": { "texture": "#blackbronze", "uv": [ 4.0, 11.5, 4.5, 12.0 ] }
																			}
																		}
																	]
																}
															]
														}
													]
												},
												{
													"name": "WOOD",
													"from": [ 0.0, 1.0, 0.0 ],
													"to": [ 0.0, 1.0, 0.0 ],
													"uv": [ 999.0, 999.0 ],
													"rotationOrigin": [ 0.0, 1.0, 0.0 ],
													"faces": {
													},
													"children": [
														{
															"name": "handle",
															"from": [ -1.5, -0.5, -1.0 ],
															"to": [ 1.5, 0.5, 0.0 ],
															"uv": [ 1.0, 1.5 ],
															"faces": {
																"north": { "texture": "#aged", "uv": [ 5.0, 2.0, 8.0, 3.0 ] },
																"east": { "texture": "#aged", "uv": [ 4.0, 1.5, 5.0, 2.5 ] },
																"west": { "texture": "#aged", "uv": [ 7.5, 2.0, 8.5, 3.0 ] },
																"up": { "texture": "#aged", "uv": [ 1.0, 2.5, 4.0, 3.5 ] },
																"down": { "texture": "#aged", "uv": [ 3.5, 3.0, 6.5, 4.0 ] }
															},
															"children": [
																{
																	"name": "main",
																	"from": [ -3.0, -4.0, 1.0 ],
																	"to": [ 6.0, 5.0, 1.5 ],
																	"uv": [ 3.0, 3.5 ],
																	"rotationOrigin": [ 1.5, 0.5, 1.0 ],
																	"faces": {
																		"north": { "texture": "#aged", "uv": [ 3.0, 4.5, 12.0, 13.5 ], "rotation": 90, "windMode": [-1,-1,-1,-1] },
																		"east": { "texture": "#aged", "uv": [ 4.5, 8.0, 13.5, 8.5 ], "rotation": 90 },
																		"south": { "texture": "#pattern-blackguard", "uv": [ 3.5, 3.5, 12.5, 12.5 ], "rotation": 90 },
																		"west": { "texture": "#aged", "uv": [ 7.0, 8.0, 16.0, 8.5 ], "rotation": 90 },
																		"up": { "texture": "#aged", "uv": [ 5.5, 7.5, 14.5, 8.0 ] },
																		"down": { "texture": "#aged", "uv": [ 4.5, 13.5, 13.5, 14.0 ] }
																	}
																}
															]
														}
													]
												}
											]
										},
										{
											"name": "LowerArmL",
											"from": [ -1.661, 0.2039, -0.0981 ],
											"to": [ -0.661, 8.1039, 1.1019 ],
											"unwrapMode": 4,
											"uv": [ 11.5, 7.5 ],
											"rotationOrigin": [ -0.461, 8.2039, 0.9019 ],
											"faces": {
												"north": { "texture": "#seraph", "uv": [ 11.5, 8.5, 12.5, 16.0 ] },
												"east": { "texture": "#seraph", "uv": [ 14.5, 8.5, 15.5, 16.0 ] },
												"south": { "texture": "#seraph", "uv": [ 13.5, 8.5, 14.5, 16.0 ] },
												"west": { "texture": "#seraph", "uv": [ 12.5, 8.5, 13.5, 16.0 ] },
												"up": { "texture": "#seraph", "uv": [ 12.5, 7.5, 13.5, 8.5 ], "rotation": 90 },
												"down": { "texture": "#seraph", "uv": [ 12.5, 16.0, 13.5, 17.0 ], "rotation": 90 }
											},
											"attachmentpoints": [
												{
													"code": "LeftHand",
													"posX": "1.0","posY": "1.0","posZ": "1.0",
													"rotationX": "0.0","rotationY": "-180.0","rotationZ": "0.0"
												}
											]
										}
									]
								}
							]
						},
						{
							"name": "Neck",
							"from": [ 0.5, 3.9, 1.6 ],
							"to": [ 3.5, 7.9, 4.6 ],
							"unwrapMode": 4,
							"uv": [ 52.0, 36.5 ],
							"rotationOrigin": [ 1.2, 3.6, 3.1 ],
							"rotationZ": -33.0,
							"faces": {
								"north": { "texture": "#seraph", "uv": [ 52.0, 36.5, 55.0, 40.5 ] },
								"east": { "texture": "#seraph", "uv": [ 61.0, 36.5, 64.0, 40.5 ] },
								"south": { "texture": "#seraph", "uv": [ 58.0, 36.5, 61.0, 40.5 ] },
								"west": { "texture": "#seraph", "uv": [ 55.0, 36.5, 58.0, 40.5 ] }
							},
							"children": [
								{
									"name": "R eye",
									"from": [ -1.4571, 4.285, -0.15 ],
									"to": [ -1.3571, 5.235, 1.05 ],
									"unwrapMode": 4,
									"uv": [ 55.5, 0.0 ],
									"rotationOrigin": [ -1.5471, 4.335, -0.5 ],
									"rotationZ": -7.0,
									"faces": {
										"north": { "texture": "#seraph", "uv": [ 55.5, 0.5, 56.0, 1.0 ] },
										"south": { "texture": "#seraph", "uv": [ 57.0, 0.5, 57.5, 1.0 ] },
										"west": { "texture": "#seraph", "uv": [ 56.0, 0.5, 57.0, 1.0 ] },
										"up": { "texture": "#seraph", "uv": [ 56.0, 0.0, 57.0, 0.5 ], "rotation": 90 },
										"down": { "texture": "#seraph", "uv": [ 56.0, 1.0, 57.0, 1.5 ], "rotation": 90 }
									},
									"children": [
										{
											"name": "R pupil",
											"from": [ -0.03, 0.15, 0.15 ],
											"to": [ 0.07, 0.85, 1.05 ],
											"unwrapMode": 4,
											"uv": [ 60.5, 0.0 ],
											"rotationOrigin": [ -0.1, 0.2, 0.2 ],
											"faces": {
												"north": { "texture": "#seraph", "uv": [ 60.5, 0.5, 61.0, 1.0 ] },
												"south": { "texture": "#seraph", "uv": [ 61.5, 0.5, 62.0, 1.0 ] },
												"west": { "texture": "#seraph", "uv": [ 61.0, 0.5, 61.5, 1.0 ] },
												"up": { "texture": "#seraph", "uv": [ 61.0, 0.0, 61.5, 0.5 ], "rotation": 90 },
												"down": { "texture": "#seraph", "uv": [ 61.0, 1.0, 61.5, 1.5 ], "rotation": 90 }
											}
										}
									]
								},
								{
									"name": "L eye2",
									"from": [ -1.4693, 4.2857, 1.95 ],
									"to": [ -1.3693, 5.2357, 3.15 ],
									"unwrapMode": 4,
									"uv": [ 54.5, 2.0 ],
									"rotationOrigin": [ -1.5593, 4.2357, 2.1 ],
									"rotationZ": -7.0,
									"faces": {
										"north": { "texture": "#seraph", "uv": [ 54.5, 2.5, 55.0, 3.0 ] },
										"south": { "texture": "#seraph", "uv": [ 56.0, 2.5, 56.5, 3.0 ] },
										"west": { "texture": "#seraph", "uv": [ 55.0, 2.5, 56.0, 3.0 ] },
										"up": { "texture": "#seraph", "uv": [ 55.0, 2.0, 56.0, 2.5 ], "rotation": 90 },
										"down": { "texture": "#seraph", "uv": [ 55.0, 3.0, 56.0, 3.5 ], "rotation": 90 }
									},
									"children": [
										{
											"name": "L pupil",
											"from": [ -0.03, 0.15, 0.15 ],
											"to": [ 0.07, 0.85, 1.05 ],
											"unwrapMode": 4,
											"uv": [ 54.0, 0.5 ],
											"rotationOrigin": [ -0.1, 0.3, 0.2 ],
											"faces": {
												"north": { "texture": "#seraph", "uv": [ 54.0, 1.0, 54.5, 1.5 ] },
												"south": { "texture": "#seraph", "uv": [ 55.0, 1.0, 55.5, 1.5 ] },
												"west": { "texture": "#seraph", "uv": [ 54.5, 1.0, 55.0, 1.5 ] },
												"up": { "texture": "#seraph", "uv": [ 54.5, 0.5, 55.0, 1.0 ], "rotation": 90 },
												"down": { "texture": "#seraph", "uv": [ 54.5, 1.5, 55.0, 2.0 ], "rotation": 90 }
											}
										}
									]
								},
								{
									"name": "eyelid r",
									"from": [ -1.4232, 4.5427, -0.1 ],
									"to": [ -1.3632, 4.6927, 1.25 ],
									"unwrapMode": 4,
									"uv": [ 54.0, 1.0 ],
									"rotationOrigin": [ -1.5732, 4.9427, 0.5 ],
									"rotationX": -180.0,
									"rotationZ": 7.0,
									"faces": {
										"north": { "texture": "#seraph", "uv": [ 54.0, 1.5, 54.5, 2.0 ] },
										"south": { "texture": "#seraph", "uv": [ 55.5, 1.5, 56.0, 2.0 ] },
										"west": { "texture": "#seraph", "uv": [ 54.5, 1.5, 55.5, 2.0 ] },
										"up": { "texture": "#seraph", "uv": [ 54.5, 1.0, 55.5, 1.5 ], "rotation": 90 },
										"down": { "texture": "#seraph", "uv": [ 54.5, 2.0, 55.5, 2.5 ], "rotation": 90 }
									}
								},
								{
									"name": "Head3",
									"from": [ -1.2, 1.1, -0.7 ],
									"to": [ 4.1, 1.8, 3.6 ],
									"unwrapMode": 5,
									"uv": [ 53.0, 26.0 ],
									"rotationOrigin": [ 3.2, 1.1, 1.8 ],
									"rotationZ": -7.0,
									"faces": {
										"north": { "texture": "#seraph", "uv": [ 53.5, 26.0, 58.5, 26.5 ], "rotation": 180 },
										"east": { "texture": "#seraph", "uv": [ 58.5, 26.5, 59.0, 30.5 ], "rotation": 90 },
										"south": { "texture": "#seraph", "uv": [ 53.5, 30.5, 58.5, 31.0 ] },
										"west": { "texture": "#seraph", "uv": [ 53.0, 26.5, 53.5, 30.5 ], "rotation": 270 },
										"up": { "texture": "#seraph", "uv": [ 53.5, 26.5, 58.5, 30.5 ] },
										"down": { "texture": "#seraph", "uv": [ 59.0, 26.5, 64.0, 30.5 ] }
									}
								},
								{
									"name": "Head4",
									"from": [ -1.2, 1.7, 0.3 ],
									"to": [ -0.6, 2.4, 2.6 ],
									"unwrapMode": 4,
									"uv": [ 48.5, 35.0 ],
									"rotationOrigin": [ -0.8, 1.7, 1.5 ],
									"rotationZ": 22.0,
									"faces": {
										"north": { "texture": "#seraph", "uv": [ 48.5, 35.5, 49.0, 36.0 ] },
										"east": { "texture": "#seraph", "uv": [ 51.5, 35.5, 53.5, 36.0 ] },
										"south": { "texture": "#seraph", "uv": [ 51.0, 35.5, 51.5, 36.0 ] },
										"west": { "texture": "#seraph", "uv": [ 49.0, 35.5, 51.0, 36.0 ] },
										"up": { "texture": "#seraph", "uv": [ 49.0, 35.0, 51.0, 35.5 ], "rotation": 90 },
										"down": { "texture": "#seraph", "uv": [ 49.0, 36.0, 51.0, 36.5 ], "rotation": 90 }
									}
								},
								{
									"name": "Head5",
									"from": [ -1.5, 2.8, 0.2 ],
									"to": [ -0.9, 3.5, 2.5 ],
									"unwrapMode": 4,
									"uv": [ 48.0, 26.5 ],
									"rotationOrigin": [ -1.1, 2.8, 1.4 ],
									"rotationZ": -25.0,
									"faces": {
										"north": { "texture": "#seraph", "uv": [ 48.0, 27.0, 48.5, 27.5 ] },
										"east": { "texture": "#seraph", "uv": [ 51.0, 27.0, 53.0, 27.5 ] },
										"south": { "texture": "#seraph", "uv": [ 50.5, 27.0, 51.0, 27.5 ] },
										"west": { "texture": "#seraph", "uv": [ 48.5, 27.0, 50.5, 27.5 ] },
										"up": { "texture": "#seraph", "uv": [ 48.5, 26.5, 50.5, 27.0 ], "rotation": 90 },
										"down": { "texture": "#seraph", "uv": [ 48.5, 27.5, 50.5, 28.0 ], "rotation": 90 }
									}
								},
								{
									"name": "Head2",
									"from": [ -1.2, 2.6, -0.7 ],
									"to": [ 4.1, 6.3, 3.6 ],
									"unwrapMode": 1,
									"autoUnwrap": false,
									"uv": [ 48.0, 26.0 ],
									"rotationOrigin": [ 3.2, 2.6, 1.8 ],
									"rotationZ": -7.0,
									"faces": {
										"north": { "texture": "#seraph", "uv": [ 52.0, 30.0, 57.0, 33.5 ] },
										"east": { "texture": "#seraph", "uv": [ 48.0, 30.0, 52.0, 33.5 ] },
										"south": { "texture": "#seraph", "uv": [ 57.0, 33.5, 62.0, 37.0 ] },
										"west": { "texture": "#seraph", "uv": [ 57.0, 30.0, 61.0, 33.5 ] },
										"up": { "texture": "#seraph", "uv": [ 52.0, 26.0, 57.0, 30.0 ], "rotation": 180 },
										"down": { "texture": "#seraph", "uv": [ 52.0, 33.5, 57.0, 37.5 ] }
									},
									"children": [
										{
											"name": "ArmorHead",
											"from": [ -0.78, -2.52, -0.62 ],
											"to": [ 6.04, 3.82, 5.32 ],
											"autoUnwrap": false,
											"uv": [ 7.0, 0.0 ],
											"rotationOrigin": [ -0.7761, -2.5171, 2.46 ],
											"faces": {
												"north": { "texture": "#blackguard-damaged", "uv": [ 0.0, 6.0, 6.5, 12.0 ] },
												"east": { "texture": "#blackguard-damaged", "uv": [ 17.0, 6.0, 22.5, 12.0 ] },
												"south": { "texture": "#blackguard-damaged", "uv": [ 11.0, 6.0, 17.5, 12.0 ] },
												"west": { "texture": "#blackguard-damaged", "uv": [ 6.0, 6.0, 11.5, 12.0 ] },
												"up": { "texture": "#blackguard-damaged", "uv": [ 6.0, 0.0, 11.5, 6.5 ], "rotation": 90 },
												"down": { "texture": "#blackguard-damaged", "uv": [ 0.5, 0.0, 6.0, 6.5 ], "rotation": 90 }
											},
											"children": [
												{
													"name": "ArmorNeck",
													"stepParentName": "Neck",
													"from": [ -0.11, 0.88, -0.11 ],
													"to": [ 3.41, 2.64, 3.41 ],
													"autoUnwrap": false,
													"uv": [ 11.5, 3.0 ],
													"rotationOrigin": [ -0.11, 0.88, 1.65 ],
													"faces": {
														"north": { "texture": "#blackguard-damaged", "uv": [ 11.0, 0.0, 14.3, 1.65 ] },
														"east": { "texture": "#blackguard-damaged", "uv": [ 20.0, 0.0, 23.3, 1.65 ] },
														"south": { "texture": "#blackguard-damaged", "uv": [ 17.0, 0.0, 20.3, 1.65 ] },
														"west": { "texture": "#blackguard-damaged", "uv": [ 14.0, 0.0, 17.3, 1.65 ] }
													}
												},
												{
													"name": "ArmorVisor",
													"from": [ -1.65, 1.65, 0.11 ],
													"to": [ 1.65, 4.95, 5.83 ],
													"autoUnwrap": false,
													"uv": [ 16.0, -0.5 ],
													"rotationOrigin": [ 0.0, 3.3, 2.86 ],
													"rotationX": 6.0,
													"rotationY": 2.0,
													"rotationZ": -45.0,
													"faces": {
														"north": { "texture": "#blackguard-damaged", "uv": [ 22.5, 2.0, 25.8, 5.3 ] },
														"south": { "texture": "#blackguard-damaged", "uv": [ 30.5, 2.0, 33.8, 5.3 ] },
														"west": { "texture": "#blackguard-damaged", "uv": [ 25.5, 0.5, 31.0, 3.8 ] },
														"down": { "texture": "#blackguard-damaged", "uv": [ 25.5, 3.5, 31.0, 6.5 ], "rotation": 90 }
													}
												},
												{
													"name": "ArmorHeadCrest1",
													"from": [ -0.22, 5.39, 2.75 ],
													"to": [ 0.44, 6.49, 3.3 ],
													"uv": [ 12.5, 1.5 ],
													"rotationOrigin": [ -0.22, 5.39, 3.08 ],
													"rotationX": 1.0,
													"rotationZ": 5.0,
													"faces": {
														"north": { "texture": "#blackguard-damaged", "uv": [ 12.5, 2.0, 13.05, 3.1 ] },
														"east": { "texture": "#blackguard-damaged", "uv": [ 13.0, 2.0, 13.55, 3.1 ] },
														"south": { "texture": "#blackguard-damaged", "uv": [ 13.5, 2.0, 14.0, 3.0 ], "rotation": 180 },
														"west": { "texture": "#blackguard-damaged", "uv": [ 14.0, 2.0, 14.55, 3.1 ] },
														"up": { "texture": "#blackguard-damaged", "uv": [ 12.5, 1.5, 13.05, 2.05 ] }
													}
												},
												{
													"name": "ArmorHeadCrest2",
													"from": [ 0.88, 5.39, 2.75 ],
													"to": [ 1.54, 6.49, 3.3 ],
													"uv": [ 12.5, 3.0 ],
													"rotationOrigin": [ 0.88, 5.39, 3.08 ],
													"faces": {
														"north": { "texture": "#blackguard-damaged", "uv": [ 12.5, 3.5, 13.05, 4.6 ] },
														"east": { "texture": "#blackguard-damaged", "uv": [ 13.0, 3.5, 13.55, 4.6 ] },
														"south": { "texture": "#blackguard-damaged", "uv": [ 13.5, 3.5, 14.0, 4.5 ], "rotation": 180 },
														"west": { "texture": "#blackguard-damaged", "uv": [ 14.0, 3.5, 14.55, 4.6 ] },
														"up": { "texture": "#blackguard-damaged", "uv": [ 12.5, 3.0, 13.05, 3.55 ] }
													}
												},
												{
													"name": "ArmorHeadCrest3",
													"from": [ 1.98, 5.39, 2.75 ],
													"to": [ 2.64, 6.49, 3.3 ],
													"uv": [ 14.5, 1.5 ],
													"rotationOrigin": [ 1.98, 5.39, 3.08 ],
													"rotationX": 4.0,
													"faces": {
														"north": { "texture": "#blackguard-damaged", "uv": [ 14.5, 2.0, 15.05, 3.1 ] },
														"east": { "texture": "#blackguard-damaged", "uv": [ 15.0, 2.0, 15.55, 3.1 ] },
														"south": { "texture": "#blackguard-damaged", "uv": [ 15.5, 2.0, 16.0, 3.0 ], "rotation": 180 },
														"west": { "texture": "#blackguard-damaged", "uv": [ 16.0, 2.0, 16.55, 3.1 ] },
														"up": { "texture": "#blackguard-damaged", "uv": [ 14.5, 1.5, 15.05, 2.05 ] }
													}
												},
												{
													"name": "ArmorHeadCrest5",
													"from": [ 4.18, 5.06, 2.75 ],
													"to": [ 4.84, 6.16, 3.3 ],
													"uv": [ 16.5, 3.0 ],
													"rotationOrigin": [ 4.18, 5.06, 3.08 ],
													"faces": {
														"north": { "texture": "#blackguard-damaged", "uv": [ 16.5, 3.5, 17.05, 4.6 ] },
														"east": { "texture": "#blackguard-damaged", "uv": [ 17.0, 3.5, 17.55, 4.6 ] },
														"south": { "texture": "#blackguard-damaged", "uv": [ 17.5, 3.5, 18.0, 4.5 ], "rotation": 180 },
														"west": { "texture": "#blackguard-damaged", "uv": [ 18.0, 3.5, 18.55, 4.6 ] },
														"up": { "texture": "#blackguard-damaged", "uv": [ 16.5, 3.0, 17.05, 3.55 ] }
													}
												},
												{
													"name": "ArmorHeadCrest7",
													"from": [ 6.38, 5.39, 2.75 ],
													"to": [ 7.04, 6.49, 3.3 ],
													"uv": [ 18.5, 1.5 ],
													"rotationOrigin": [ 6.38, 5.39, 3.08 ],
													"rotationZ": -9.0,
													"faces": {
														"north": { "texture": "#blackguard-damaged", "uv": [ 18.5, 2.0, 19.05, 3.1 ] },
														"east": { "texture": "#blackguard-damaged", "uv": [ 19.0, 2.0, 19.55, 3.1 ] },
														"south": { "texture": "#blackguard-damaged", "uv": [ 19.5, 2.0, 20.0, 3.0 ], "rotation": 180 },
														"west": { "texture": "#blackguard-damaged", "uv": [ 20.0, 2.0, 20.55, 3.1 ] },
														"up": { "texture": "#blackguard-damaged", "uv": [ 18.5, 1.5, 19.05, 2.05 ] },
														"down": { "texture": "#blackguard-damaged", "uv": [ 19.0, 1.5, 19.55, 2.05 ] }
													}
												}
											]
										}
									]
								}
							]
						},
						{
							"name": "ArmorUpperTorso",
							"stepParentName": "UpperTorso",
							"from": [ -0.45, -0.04, -0.4 ],
							"to": [ 6.35, 5.36, 6.6 ],
							"autoUnwrap": false,
							"uv": [ 35.0, 0.0 ],
							"rotationOrigin": [ -0.4523, -0.0379, -0.4 ],
							"faces": {
								"north": { "texture": "#blackguard-damaged", "uv": [ 38.0, 6.0, 44.5, 11.0 ] },
								"east": { "texture": "#blackguard-damaged", "uv": [ 57.0, 6.0, 64.0, 11.0 ] },
								"south": { "texture": "#blackguard-damaged", "uv": [ 51.0, 6.0, 57.5, 11.0 ] },
								"west": { "texture": "#blackguard-damaged", "uv": [ 44.0, 6.0, 51.0, 11.0 ] },
								"up": { "texture": "#blackguard-damaged", "uv": [ 44.0, 0.0, 51.0, 6.5 ], "rotation": 90 },
								"down": { "texture": "#blackguard-damaged", "uv": [ 51.0, 0.0, 58.0, 6.5 ], "rotation": 90 }
							},
							"children": [
								{
									"name": "ArmorCollarL",
									"from": [ 1.2, 4.4, 6.0 ],
									"to": [ 5.2, 7.7, 6.8 ],
									"autoUnwrap": false,
									"uv": [ 30.0, -0.5 ],
									"rotationOrigin": [ 2.9, 4.4, 6.4 ],
									"rotationX": 22.5,
									"faces": {
										"north": { "texture": "#blackguard-damaged", "uv": [ 35.5, 0.0, 39.5, 3.0 ], "rotation": 180 },
										"south": { "texture": "#blackguard-damaged", "uv": [ 40.0, 0.0, 44.0, 3.0 ] },
										"west": { "texture": "#blackguard-damaged", "uv": [ 39.5, 0.0, 40.0, 3.0 ], "rotation": 180 },
										"up": { "texture": "#blackguard-damaged", "uv": [ 31.5, 0.0, 35.5, 0.5 ] }
									}
								},
								{
									"name": "ArmorCollarRear",
									"from": [ 5.2, 2.4, 0.2 ],
									"to": [ 6.0, 5.7, 6.8 ],
									"autoUnwrap": false,
									"uv": [ 22.0, 0.5 ],
									"rotationOrigin": [ 5.2, 2.4, 3.1 ],
									"rotationZ": -61.0,
									"faces": {
										"north": { "texture": "#blackguard-damaged", "uv": [ 37.5, 7.5, 38.0, 10.5 ], "rotation": 180 },
										"east": { "texture": "#blackguard-damaged", "uv": [ 31.0, 7.5, 37.5, 10.5 ] },
										"south": { "texture": "#blackguard-damaged", "uv": [ 30.5, 7.5, 31.0, 10.5 ] },
										"west": { "texture": "#blackguard-damaged", "uv": [ 24.0, 7.5, 30.5, 10.5 ] },
										"up": { "texture": "#blackguard-damaged", "uv": [ 31.0, 7.0, 37.5, 7.5 ], "rotation": 90 }
									}
								}
							]
						}
					],
					"attachmentpoints": [
						{
							"code": "Back",
							"posX": "5.0","posY": "3.0","posZ": "3.0",
							"rotationX": "0.0","rotationY": "0.0","rotationZ": "0.0"
						}
					]
				},
				{
					"name": "UpperFootL",
					"from": [ 0.4, -6.0, 3.0 ],
					"to": [ 4.6, 3.0, 6.2 ],
					"unwrapMode": 4,
					"uv": [ 15.0, 35.0 ],
					"rotationOrigin": [ 1.5, 0.5, 4.3 ],
					"rotationX": -14.0,
					"rotationY": 14.0,
					"rotationZ": -8.0,
					"faces": {
						"north": { "texture": "#seraph", "uv": [ 15.0, 39.0, 19.0, 48.0 ] },
						"east": { "texture": "#seraph", "uv": [ 26.0, 39.0, 29.0, 48.0 ] },
						"south": { "texture": "#seraph", "uv": [ 22.0, 39.0, 26.0, 48.0 ] },
						"west": { "texture": "#seraph", "uv": [ 19.0, 39.0, 22.0, 48.0 ] },
						"up": { "texture": "#seraph", "uv": [ 19.0, 35.0, 22.0, 39.0 ], "rotation": 90 },
						"down": { "texture": "#seraph", "uv": [ 19.0, 48.0, 22.0, 52.0 ], "rotation": 90 }
					},
					"children": [
						{
							"name": "LowerFootL",
							"from": [ 0.1, -9.0, 0.1 ],
							"to": [ 4.1, 1.0, 3.1 ],
							"unwrapMode": 4,
							"uv": [ 0.0, 17.0 ],
							"rotationOrigin": [ 2.1, 0.5, 1.4 ],
							"rotationX": 2.0,
							"rotationY": -3.0,
							"rotationZ": 17.0,
							"faces": {
								"north": { "texture": "#seraph", "uv": [ 0.0, 21.0, 4.0, 31.0 ] },
								"east": { "texture": "#seraph", "uv": [ 11.0, 21.0, 14.0, 31.0 ] },
								"south": { "texture": "#seraph", "uv": [ 7.0, 21.0, 11.0, 31.0 ] },
								"west": { "texture": "#seraph", "uv": [ 4.0, 21.0, 7.0, 31.0 ] },
								"up": { "texture": "#seraph", "uv": [ 4.0, 17.0, 7.0, 21.0 ], "rotation": 90 },
								"down": { "texture": "#seraph", "uv": [ 4.0, 31.0, 7.0, 35.0 ], "rotation": 90 }
							}
						},
						{
							"name": "ArmorUpperLegL",
							"stepParentName": "UpperFootL",
							"from": [ -0.09, -0.88, -0.4 ],
							"to": [ 4.51, 6.62, 3.4 ],
							"autoUnwrap": false,
							"uv": [ 0.0, 33.0 ],
							"rotationOrigin": [ -0.0852, -0.8773, -0.405 ],
							"faces": {
								"north": { "texture": "#blackguard-damaged", "uv": [ 0.0, 36.5, 4.5, 44.0 ] },
								"east": { "texture": "#blackguard-damaged", "uv": [ 12.5, 36.5, 16.0, 44.0 ] },
								"south": { "texture": "#blackguard-damaged", "uv": [ 8.0, 36.5, 12.5, 44.0 ] },
								"west": { "texture": "#blackguard-damaged", "uv": [ 4.5, 36.5, 8.0, 44.0 ] },
								"up": { "texture": "#blackguard-damaged", "uv": [ 0.0, 33.0, 4.5, 36.5 ] },
								"down": { "texture": "#blackguard-damaged", "uv": [ 8.0, 33.0, 12.5, 36.5 ] }
							}
						}
					]
				},
				{
					"name": "UpperFootR",
					"from": [ 0.4, -6.0, -0.2 ],
					"to": [ 4.6, 3.0, 3.0 ],
					"unwrapMode": 4,
					"autoUnwrap": false,
					"uv": [ 3.0, 35.0 ],
					"rotationOrigin": [ 1.5, 0.5, 1.3 ],
					"rotationY": -11.0,
					"rotationZ": -50.0,
					"faces": {
						"north": { "texture": "#seraph", "uv": [ 3.0, 39.0, 7.0, 48.0 ] },
						"east": { "texture": "#seraph", "uv": [ 0.5, 39.0, 3.5, 48.0 ] },
						"south": { "texture": "#seraph", "uv": [ 10.0, 39.0, 14.0, 48.0 ] },
						"west": { "texture": "#seraph", "uv": [ 7.0, 39.0, 10.0, 48.0 ] },
						"up": { "texture": "#seraph", "uv": [ 7.0, 35.0, 10.0, 39.0 ], "rotation": 90 },
						"down": { "texture": "#seraph", "uv": [ 7.0, 48.0, 10.0, 52.0 ], "rotation": 90 }
					},
					"children": [
						{
							"name": "LowerFootR",
							"from": [ 0.1, -9.0, 0.1 ],
							"to": [ 4.1, 1.0, 3.1 ],
							"unwrapMode": 4,
							"uv": [ 1.5, 17.5 ],
							"rotationOrigin": [ 2.1, 0.5, 1.4 ],
							"rotationX": -2.0,
							"rotationZ": 33.0,
							"faces": {
								"north": { "texture": "#seraph", "uv": [ 1.5, 21.5, 5.5, 31.5 ] },
								"east": { "texture": "#seraph", "uv": [ 12.5, 21.5, 15.5, 31.5 ] },
								"south": { "texture": "#seraph", "uv": [ 8.5, 21.5, 12.5, 31.5 ] },
								"west": { "texture": "#seraph", "uv": [ 5.5, 21.5, 8.5, 31.5 ] },
								"up": { "texture": "#seraph", "uv": [ 5.5, 17.5, 8.5, 21.5 ], "rotation": 90 },
								"down": { "texture": "#seraph", "uv": [ 5.5, 31.5, 8.5, 35.5 ], "rotation": 90 }
							}
						},
						{
							"name": "ArmorCoatR",
							"stepParentName": "UpperFootR",
							"from": [ -1.0, 1.03, -0.3 ],
							"to": [ 4.6, 9.03, 3.2 ],
							"autoUnwrap": false,
							"uv": [ 26.0, 21.5 ],
							"rotationOrigin": [ -1.0029, 1.0301, -0.4452 ],
							"faces": {
								"north": { "texture": "#blackguard-damaged", "uv": [ 18.5, 25.0, 24.0, 33.0 ] },
								"east": { "texture": "#blackguard-damaged", "uv": [ 33.0, 25.0, 36.5, 33.0 ] },
								"south": { "texture": "#blackguard-damaged", "uv": [ 27.5, 25.0, 33.0, 33.0 ] },
								"west": { "texture": "#blackguard-damaged", "uv": [ 24.0, 25.0, 27.5, 33.0 ] },
								"up": { "texture": "#blackguard-damaged", "uv": [ 24.0, 19.5, 27.5, 25.0 ], "rotation": 90 },
								"down": { "texture": "#blackguard-damaged", "uv": [ 27.5, 21.5, 33.0, 25.0 ] }
							}
						},
						{
							"name": "ArmorUpperLegR",
							"stepParentName": "UpperFootR",
							"from": [ -0.06, -0.31, -0.26 ],
							"to": [ 4.54, 7.19, 3.54 ],
							"autoUnwrap": false,
							"uv": [ 16.0, 33.0 ],
							"rotationOrigin": [ -0.0568, -0.31, -0.2553 ],
							"faces": {
								"north": { "texture": "#blackguard-damaged", "uv": [ 16.0, 36.5, 20.5, 44.0 ] },
								"east": { "texture": "#blackguard-damaged", "uv": [ 28.5, 36.5, 32.0, 44.0 ] },
								"south": { "texture": "#blackguard-damaged", "uv": [ 24.0, 36.5, 28.5, 44.0 ] },
								"west": { "texture": "#blackguard-damaged", "uv": [ 20.5, 36.5, 24.0, 44.0 ] },
								"up": { "texture": "#blackguard-damaged", "uv": [ 16.0, 33.0, 20.5, 36.5 ] },
								"down": { "texture": "#blackguard-damaged", "uv": [ 24.0, 33.0, 28.5, 36.5 ] }
							}
						}
					]
				},
				{
					"name": "ArmorLowerTorso",
					"stepParentName": "LowerTorso",
					"from": [ -0.21, 0.06, -0.4 ],
					"to": [ 5.39, 5.66, 6.2 ],
					"autoUnwrap": false,
					"uv": [ 39.5, 8.0 ],
					"rotationOrigin": [ -0.2065, 0.0565, -0.4 ],
					"faces": {
						"north": { "texture": "#blackguard-damaged", "uv": [ 40.0, 11.0, 45.5, 16.5 ] },
						"east": { "texture": "#blackguard-damaged", "uv": [ 57.5, 11.0, 64.0, 16.5 ] },
						"south": { "texture": "#blackguard-damaged", "uv": [ 52.0, 11.0, 57.5, 16.5 ] },
						"west": { "texture": "#blackguard-damaged", "uv": [ 45.5, 11.0, 52.0, 16.5 ] },
						"up": { "texture": "#blackguard-damaged", "uv": [ 51.0, 16.5, 57.5, 22.0 ], "rotation": 90 },
						"down": { "texture": "#blackguard-damaged", "uv": [ 57.5, 16.5, 64.0, 22.0 ], "rotation": 90 }
					}
				}
			]
		}
	],
	"animations": [
		{
			"name": "Idle",
			"code": "idle",
			"quantityframes": 30,
			"onActivityStopped": "EaseOut",
			"onAnimationEnd": "Repeat",
			"keyframes": [
				{
					"frame": 0,
					"elements": {
						"LowerTorso": { "rotationX": 0.0, "rotationY": 0.0, "rotationZ": 0.0 },
						"UpperTorso": { "rotationX": 0.0, "rotationY": 0.0, "rotationZ": 0.0 },
						"Neck": { "rotationX": 0.0, "rotationY": 0.0, "rotationZ": 0.0 }
					}
				},
				{
					"frame": 22,
					"elements": {
						"LowerTorso": { "rotationX": 0.0, "rotationY": 0.0, "rotationZ": 0.0 },
						"UpperTorso": { "rotationX": 0.0, "rotationY": 0.0, "rotationZ": 2.0 },
						"Neck": { "rotationX": 0.0, "rotationY": 0.0, "rotationZ": -2.0 }
					}
				}
			]
		},

		{
			"name": "Walk",
			"code": "walk",
			"quantityframes": 30,
			"onActivityStopped": "EaseOut",
			"onAnimationEnd": "Repeat",
			"keyframes": [
				{
					"frame": 0,
					"elements": {
						"LowerTorso": { "offsetX": -1.0, "offsetY": 0.1, "offsetZ": 0.0, "rotationX": 0.0, "rotationY": 8.0, "rotationZ": 6.0 },
						"UpperTorso": { "rotationX": 0.0, "rotationY": 0.0, "rotationZ": 8.0 },
						"UpperArmR": { "rotationX": 0.0, "rotationY": -3.0, "rotationZ": 25.0 },
						"LowerArmR": { "rotationX": 0.0, "rotationY": 0.0, "rotationZ": -25.0 },
						"UpperArmL": { "rotationX": 0.0, "rotationY": 0.0, "rotationZ": -17.0 },
						"LowerArmL": { "rotationX": 0.0, "rotationY": 0.0, "rotationZ": 0.0 },
						"UpperFootL": { "rotationX": 0.0, "rotationY": 0.0, "rotationZ": 0.0 },
						"LowerFootL": { "rotationX": 0.0, "rotationY": 0.0, "rotationZ": 0.0 },
						"UpperFootR": { "rotationX": 0.0, "rotationY": 0.0, "rotationZ": 0.0 },
						"LowerFootR": { "rotationX": 0.0, "rotationY": 0.0, "rotationZ": 0.0 }
					}
				},
				{
					"frame": 7,
					"elements": {
						"LowerTorso": { "offsetX": 0.5, "offsetY": -1.3, "offsetZ": 0.0, "rotationX": 0.0, "rotationY": -3.0, "rotationZ": 6.0 },
						"UpperTorso": { "rotationX": 0.0, "rotationY": 0.0, "rotationZ": 8.0 },
						"UpperArmR": { "rotationX": 0.0, "rotationY": 0.0, "rotationZ": -11.0 },
						"LowerArmR": { "rotationX": 0.0, "rotationY": 0.0, "rotationZ": -3.0 },
						"UpperArmL": { "rotationX": 0.0, "rotationY": 0.0, "rotationZ": 8.0 },
						"LowerArmL": { "rotationX": 0.0, "rotationY": 0.0, "rotationZ": 14.0 },
						"UpperFootL": { "rotationX": 17.0, "rotationY": 14.0, "rotationZ": -53.0 },
						"LowerFootL": { "rotationX": 0.0, "rotationY": 0.0, "rotationZ": 25.0 },
						"UpperFootR": { "rotationX": 0.0, "rotationY": -6.0, "rotationZ": 33.0 },
						"LowerFootR": { "rotationX": 0.0, "rotationY": 0.0, "rotationZ": -19.0 }
					}
				},
				{
					"frame": 15,
					"elements": {
						"LowerTorso": { "offsetX": 0.0, "offsetY": 0.0, "offsetZ": 0.0 },
						"UpperFootL": { "rotationX": 0.0, "rotationY": 0.0, "rotationZ": -39.0 },
						"LowerFootL": { "rotationX": 0.0, "rotationY": 0.0, "rotationZ": 30.0 }
					}
				},
				{
					"frame": 22,
					"elements": {
						"LowerTorso": { "offsetX": 0.0, "offsetY": 0.0, "offsetZ": 0.0, "rotationX": 3.0, "rotationY": 19.0, "rotationZ": 17.0 },
						"UpperFootR": { "rotationX": 0.0, "rotationY": 0.0, "rotationZ": -33.0 },
						"LowerFootR": { "rotationX": 0.0, "rotationY": 0.0, "rotationZ": 11.0 }
					}
				}
			]
		},

		{
			"name": "Run",
			"code": "run",
			"quantityframes": 24,
			"onActivityStopped": "EaseOut",
			"onAnimationEnd": "Repeat",
			"keyframes": [
				{
					"frame": 0,
					"elements": {
						"LowerTorso": { "offsetX": -1.0, "offsetY": -2.6, "offsetZ": 0.0, "rotationX": -3.0, "rotationY": 6.0, "rotationZ": 0.0 },
						"UpperTorso": { "rotationX": 0.0, "rotationY": 0.0, "rotationZ": 8.0 },
						"UpperArmR": { "rotationX": 22.0, "rotationY": 11.0, "rotationZ": 80.0 },
						"LowerArmR": { "rotationX": 0.0, "rotationY": 0.0, "rotationZ": -25.0 },
						"UpperArmL": { "rotationX": 0.0, "rotationY": 17.0, "rotationZ": -61.0 },
						"UpperFootL": { "rotationX": 0.0, "rotationY": 0.0, "rotationZ": 22.0 },
						"LowerFootL": { "rotationX": 0.0, "rotationY": 0.0, "rotationZ": 61.0 },
						"UpperFootR": { "rotationX": 0.0, "rotationY": 0.0, "rotationZ": -25.0 },
						"LowerFootR": { "rotationX": 0.0, "rotationY": 0.0, "rotationZ": -11.0 }
					}
				},
				{
					"frame": 2,
					"elements": {
						"LowerTorso": { "offsetX": 0.0, "offsetY": -3.0, "offsetZ": 0.0 },
						"UpperFootR": { "rotationX": 0.0, "rotationY": 0.0, "rotationZ": -36.0 },
						"LowerFootR": { "rotationX": 0.0, "rotationY": 0.0, "rotationZ": 47.0 },
						"UpperFootL": { "rotationX": 0.0, "rotationY": 0.0, "rotationZ": -19.0 },
						"LowerFootL": { "rotationX": 0.0, "rotationY": 0.0, "rotationZ": 86.0 }
					}
				},
				{
					"frame": 4,
					"elements": {
						"LowerTorso": { "offsetX": 0.0, "offsetY": -1.2, "offsetZ": 0.0 }
					}
				},
				{
					"frame": 6,
					"elements": {
						"LowerTorso": { "offsetX": 0.0, "offsetY": -1.4, "offsetZ": 0.0 }
					}
				},
				{
					"frame": 10,
					"elements": {
						"LowerTorso": { "offsetX": 0.0, "offsetY": -0.9, "offsetZ": 0.0, "rotationX": 3.0, "rotationY": -6.0, "rotationZ": 0.0 },
						"UpperFootR": { "rotationX": 0.0, "rotationY": 0.0, "rotationZ": 50.0 },
						"LowerFootR": { "rotationX": 0.0, "rotationY": 0.0, "rotationZ": 47.0 },
						"UpperFootL": { "rotationX": 0.0, "rotationY": 0.0, "rotationZ": -69.0 },
						"LowerFootL": { "rotationX": 0.0, "rotationY": 0.0, "rotationZ": 6.0 },
						"UpperArmR": { "rotationX": 0.0, "rotationY": 0.0, "rotationZ": -30.0 },
						"LowerArmR": { "rotationX": 0.0, "rotationY": 0.0, "rotationZ": -53.0 },
						"UpperArmL": { "rotationX": -8.0, "rotationY": 19.0, "rotationZ": 50.0 }
					}
				},
				{
					"frame": 12,
					"elements": {
						"LowerTorso": { "offsetX": 0.0, "offsetY": -3.0, "offsetZ": 0.0 }
					}
				},
				{
					"frame": 14,
					"elements": {
						"LowerTorso": { "offsetX": 0.0, "offsetY": -3.0, "offsetZ": 0.0 },
						"UpperFootL": { "rotationX": 0.0, "rotationY": 0.0, "rotationZ": -66.0 },
						"LowerFootL": { "rotationX": 0.0, "rotationY": 8.0, "rotationZ": 64.0 },
						"UpperFootR": { "rotationX": 0.0, "rotationY": 0.0, "rotationZ": 42.0 },
						"LowerFootR": { "rotationX": 0.0, "rotationY": 0.0, "rotationZ": 58.0 }
					}
				},
				{
					"frame": 16,
					"elements": {
						"LowerTorso": { "offsetX": 0.0, "offsetY": -2.4, "offsetZ": 0.0 }
					}
				},
				{
					"frame": 20,
					"elements": {
						"LowerTorso": { "offsetX": 0.0, "offsetY": 0.0, "offsetZ": 0.0 }
					}
				},
				{
					"frame": 22,
					"elements": {
						"LowerTorso": { "offsetX": -1.0, "offsetY": -1.9, "offsetZ": 0.0, "rotationX": -3.0, "rotationY": 6.0, "rotationZ": 0.0 },
						"UpperTorso": { "rotationX": 0.0, "rotationY": 0.0, "rotationZ": 8.0 },
						"UpperArmR": { "rotationX": 22.0, "rotationY": 11.0, "rotationZ": 58.0 },
						"LowerArmR": { "rotationX": 0.0, "rotationY": 0.0, "rotationZ": -39.0 },
						"UpperArmL": { "rotationX": 0.0, "rotationY": 17.0, "rotationZ": -44.0 },
						"UpperFootL": { "rotationX": 0.0, "rotationY": 0.0, "rotationZ": -6.0 },
						"LowerFootL": { "rotationX": 0.0, "rotationY": 0.0, "rotationZ": 72.0 },
						"UpperFootR": { "rotationX": 0.0, "rotationY": 0.0, "rotationZ": -14.0 },
						"LowerFootR": { "rotationX": 0.0, "rotationY": 0.0, "rotationZ": 14.0 }
					}
				}
			]
		},

		{
			"name": "Attack1",
			"code": "attack1",
			"quantityframes": 30,
			"onActivityStopped": "Stop",
			"onAnimationEnd": "EaseOut",
			"keyframes": [
				{
					"frame": 0,
					"elements": {
						"LowerTorso": { "offsetX": 0.0, "offsetY": 0.0, "offsetZ": 0.0, "rotationX": 0.0, "rotationY": 0.0, "rotationZ": 0.0 },
						"UpperTorso": { "rotationX": 0.0, "rotationY": 0.0, "rotationZ": 0.0 },
						"UpperArmR": { "rotationX": 0.0, "rotationY": 0.0, "rotationZ": 0.0 },
						"UpperArmL": { "rotationX": 0.0, "rotationY": 0.0, "rotationZ": 0.0 },
						"LowerArmL": { "rotationX": 0.0, "rotationY": 0.0, "rotationZ": 0.0 },
						"UpperFootL": { "rotationX": 0.0, "rotationY": 0.0, "rotationZ": 0.0 },
						"UpperFootR": { "rotationX": 0.0, "rotationY": 0.0, "rotationZ": 0.0 }
					}
				},
				{
					"frame": 7,
					"elements": {
						"LowerTorso": { "offsetX": 0.0, "offsetY": 0.0, "offsetZ": 0.0, "rotationX": 0.0, "rotationY": 0.0, "rotationZ": -6.0 },
						"UpperTorso": { "rotationX": 0.0, "rotationY": 0.0, "rotationZ": -44.0 },
						"UpperArmR": { "rotationX": -30.0, "rotationY": -3.0, "rotationZ": -130.0 },
						"UpperArmL": { "rotationX": 47.0, "rotationY": 6.0, "rotationZ": -180.0 },
						"LowerArmL": { "rotationX": 14.0, "rotationY": 3.0, "rotationZ": 58.0 },
						"UpperFootL": { "rotationX": 0.0, "rotationY": 0.0, "rotationZ": 0.0 },
						"UpperFootR": { "rotationX": 0.0, "rotationY": 0.0, "rotationZ": 0.0 }
					}
				},
				{
					"frame": 13,
					"elements": {
						"LowerTorso": { "offsetX": -1.0, "offsetY": 1.0, "offsetZ": 0.0, "rotationX": 0.0, "rotationY": 0.0, "rotationZ": 33.0 },
						"UpperTorso": { "rotationX": 0.0, "rotationY": 0.0, "rotationZ": -3.0 },
						"UpperArmR": { "rotationX": 0.0, "rotationY": 0.0, "rotationZ": -66.0 },
						"UpperArmL": { "rotationX": 0.0, "rotationY": 0.0, "rotationZ": -94.0 },
						"LowerArmL": { "rotationX": 0.0, "rotationY": 0.0, "rotationZ": 44.0 },
						"UpperFootL": { "rotationX": 0.0, "rotationY": 0.0, "rotationZ": -42.0 },
						"UpperFootR": { "rotationX": 0.0, "rotationY": 0.0, "rotationZ": -30.0 }
					}
				}
			]
		},

		{
			"name": "Attack2",
			"code": "attack2",
			"quantityframes": 30,
			"onActivityStopped": "Stop",
			"onAnimationEnd": "EaseOut",
			"keyframes": [
				{
					"frame": 0,
					"elements": {
						"LowerTorso": { "rotationX": 0.0, "rotationY": 0.0, "rotationZ": 0.0 },
						"UpperArmL": { "offsetX": 0.0, "offsetY": 0.0, "offsetZ": 0.0, "rotationX": 0.0, "rotationY": 0.0, "rotationZ": 0.0 },
						"LowerArmL": { "rotationX": 0.0, "rotationY": 0.0, "rotationZ": 0.0 },
						"UpperArmR": { "rotationX": 0.0, "rotationY": 0.0, "rotationZ": 0.0 },
						"LowerArmR": { "rotationX": 0.0, "rotationY": 0.0, "rotationZ": 0.0 },
						"Neck": { "rotationX": 0.0, "rotationY": 0.0, "rotationZ": 0.0 }
					}
				},
				{
					"frame": 7,
					"elements": {
						"LowerTorso": { "rotationX": 0.0, "rotationY": 25.0, "rotationZ": 0.0 },
						"UpperTorso": { "rotationX": 0.0, "rotationY": 0.0, "rotationZ": -28.0 },
						"UpperArmL": { "offsetX": -0.0, "offsetY": -1.0, "offsetZ": 0.0, "rotationX": 6.0, "rotationY": 130.0, "rotationZ": -66.0 },
						"LowerArmL": { "rotationX": 0.0, "rotationY": 3.0, "rotationZ": 39.0 },
						"UpperArmR": { "rotationX": 0.0, "rotationY": 0.0, "rotationZ": 44.0 },
						"Neck": { "rotationX": -6.0, "rotationY": -14.0, "rotationZ": 17.0 }
					}
				},
				{
					"frame": 12,
					"elements": {
						"LowerTorso": { "rotationX": 0.0, "rotationY": -28.0, "rotationZ": 3.0 },
						"UpperTorso": { "rotationX": 0.0, "rotationY": 3.0, "rotationZ": 8.0 },
						"UpperArmL": { "offsetX": 2.0, "offsetY": -1.0, "offsetZ": 0.0, "rotationX": -36.0, "rotationY": 8.0, "rotationZ": -86.0 },
						"LowerArmL": { "rotationX": 0.0, "rotationY": 0.0, "rotationZ": 61.0 },
						"UpperArmR": { "rotationX": 0.0, "rotationY": 0.0, "rotationZ": 28.0 },
						"LowerArmR": { "rotationX": 0.0, "rotationY": 0.0, "rotationZ": -25.0 },
						"Neck": { "rotationX": 22.0, "rotationY": 11.0, "rotationZ": -3.0 }
					}
				}
			]
		},

		{
			"name": "Die",
			"code": "die",
			"quantityframes": 30,
			"onActivityStopped": "PlayTillEnd",
			"onAnimationEnd": "Hold",
			"keyframes": [
				{
					"frame": 0,
					"elements": {
						"LowerTorso": { "offsetX": 0.0, "offsetY": 0.0, "offsetZ": 0.0, "rotationX": 0.0, "rotationY": 0.0, "rotationZ": 0.0 },
						"UpperTorso": { "rotationX": 0.0, "rotationY": 0.0, "rotationZ": 0.0 },
						"UpperArmR": { "rotationX": 0.0, "rotationY": 0.0, "rotationZ": 0.0 },
						"LowerArmR": { "rotationX": 0.0, "rotationY": 0.0, "rotationZ": 0.0 },
						"UpperArmL": { "rotationX": 0.0, "rotationY": 0.0, "rotationZ": 0.0 },
						"LowerArmL": { "rotationX": 0.0, "rotationY": 0.0, "rotationZ": 0.0 },
						"UpperFootL": { "rotationX": 0.0, "rotationY": 0.0, "rotationZ": 0.0 },
						"LowerFootL": { "rotationX": 0.0, "rotationY": 0.0, "rotationZ": 0.0 },
						"UpperFootR": { "rotationX": 0.0, "rotationY": 0.0, "rotationZ": 0.0 },
						"LowerFootR": { "rotationX": 0.0, "rotationY": 0.0, "rotationZ": 0.0 }
					}
				},
				{
					"frame": 7,
					"elements": {
						"LowerTorso": { "offsetX": -9.0, "offsetY": 1.0, "offsetZ": 0.0, "rotationX": 0.0, "rotationY": 0.0, "rotationZ": 69.0 },
						"UpperTorso": { "rotationX": 0.0, "rotationY": 0.0, "rotationZ": -58.0 },
						"UpperArmR": { "rotationX": 0.0, "rotationY": -64.0, "rotationZ": 0.0 },
						"UpperArmL": { "rotationX": 0.0, "rotationY": 58.0, "rotationZ": -36.0 },
						"LowerArmL": { "rotationX": 0.0, "rotationY": 0.0, "rotationZ": 30.0 },
						"UpperFootL": { "rotationX": 0.0, "rotationY": 0.0, "rotationZ": -53.0 },
						"LowerFootL": { "rotationX": 0.0, "rotationY": 0.0, "rotationZ": 50.0 },
						"UpperFootR": { "rotationX": 0.0, "rotationY": 0.0, "rotationZ": 0.0 },
						"LowerFootR": { "rotationX": 0.0, "rotationY": 0.0, "rotationZ": 25.0 }
					}
				},
				{
					"frame": 15,
					"elements": {
						"LowerTorso": { "offsetX": -9.0, "offsetY": 0.0, "offsetZ": 0.0, "rotationX": 0.0, "rotationY": 0.0, "rotationZ": 58.0 },
						"UpperTorso": { "rotationX": 0.0, "rotationY": 0.0, "rotationZ": -91.0 },
						"UpperFootL": { "rotationX": 0.0, "rotationY": 0.0, "rotationZ": 0.0 },
						"LowerFootL": { "rotationX": 0.0, "rotationY": 0.0, "rotationZ": 19.0 },
						"UpperFootR": { "rotationX": 0.0, "rotationY": 0.0, "rotationZ": 39.0 }
					}
				},
				{
					"frame": 29,
					"elements": {
						"LowerTorso": { "offsetX": -13.0, "offsetY": 3.0, "offsetZ": 0.0, "rotationX": 0.0, "rotationY": 0.0, "rotationZ": 80.0 },
						"UpperTorso": { "rotationX": 0.0, "rotationY": 0.0, "rotationZ": -50.0 },
						"UpperArmR": { "rotationX": 0.0, "rotationY": -64.0, "rotationZ": 0.0 },
						"LowerArmR": { "rotationX": 0.0, "rotationY": 0.0, "rotationZ": 0.0 },
						"UpperArmL": { "rotationX": 0.0, "rotationY": 58.0, "rotationZ": -36.0 },
						"LowerArmL": { "rotationX": 0.0, "rotationY": 0.0, "rotationZ": 30.0 },
						"UpperFootL": { "rotationX": 0.0, "rotationY": 0.0, "rotationZ": 0.0 },
						"LowerFootL": { "rotationX": 0.0, "rotationY": 0.0, "rotationZ": -17.0 },
						"UpperFootR": { "rotationX": 0.0, "rotationY": 0.0, "rotationZ": 42.0 },
						"LowerFootR": { "rotationX": 0.0, "rotationY": 0.0, "rotationZ": -33.0 }
					}
				}
			]
		}
	]
}