{
	"editor": {
		"collapsedPaths": "Root/Body/Body8/Body7/Body13,Root/Body/Body8/Body7/Body21,Root/Body/neck,Root/Body8,Root/Body7,Root/Body/Body8/Body7/Body15,Root/Body/R back leg,Root/Body/Body8/Body7/Body19",
		"allAngles": true,
		"entityTextureMode": true
	},
	"textureWidth": 64,
	"textureHeight": 96,
	"textureSizes": {
	},
	"textures": {
	},
	"elements": [
		{
			"name": "Body",
			"from": [ 7.0, -1.6, 3.0 ],
			"to": [ 23.0, 7.4, 13.0 ],
			"unwrapMode": 1,
			"autoUnwrap": false,
			"uv": [ 0.5, 61.0 ],
			"rotationOrigin": [ 16.0, 2.4, 8.0 ],
			"rotationY": 180.0,
			"rotationZ": -50.0,
			"faces": {
				"north": { "texture": "#ram", "uv": [ 1.5, 63.0, 10.5, 78.75 ], "rotation": 270, "windMode": [-1,-1,-1,-1] },
				"east": { "texture": "#ram", "uv": [ 2.0, 54.0, 12.0, 63.0 ], "windMode": [-1,-1,-1,-1] },
				"south": { "texture": "#ram", "uv": [ 16.0, 63.0, 25.0, 78.75 ], "rotation": 90, "windMode": [-1,-1,-1,-1] },
				"west": { "texture": "#ram", "uv": [ 0.5, 87.0, 10.5, 96.0 ], "windMode": [-1,-1,-1,-1] },
				"up": { "texture": "#ram", "uv": [ 19.0, 62.25, 29.0, 78.25 ], "rotation": 90, "autoUv": false, "windMode": [-1,-1,-1,-1] },
				"down": { "texture": "#ram", "uv": [ 8.0, 62.25, 16.0, 79.0 ], "rotation": 270, "autoUv": false, "windMode": [-1,-1,-1,-1] }
			},
			"children": [
				{
					"name": "neck",
					"from": [ -4.73, 0.89, 2.75 ],
					"to": [ 6.17, 7.49, 8.25 ],
					"autoUnwrap": false,
					"uv": [ 34.0, 1.0 ],
					"rotationOrigin": [ 4.07, 5.29, 5.5 ],
					"rotationY": -6.0,
					"rotationZ": -47.0,
					"faces": {
						"north": { "texture": "#ram", "uv": [ 34.5, 13.5, 41.0, 24.0 ], "rotation": 90 },
						"south": { "texture": "#ram", "uv": [ 42.5, 11.5, 49.0, 22.0 ], "rotation": 270 },
						"west": { "texture": "#ram", "uv": [ 47.0, 11.25, 52.5, 17.25 ] },
						"up": { "texture": "#ram", "uv": [ 34.0, 1.0, 39.5, 11.5 ], "rotation": 90 },
						"down": { "texture": "#ram", "uv": [ 52.5, 21.0, 63.0, 26.25 ] }
					},
					"children": [
						{
							"name": "head",
							"from": [ -2.49, 2.42, -0.55 ],
							"to": [ 4.11, 7.92, 6.05 ],
							"unwrapMode": 6,
							"autoUnwrap": false,
							"uv": [ 36.5, 9.5 ],
							"rotationOrigin": [ 1.14, 3.52, 2.75 ],
							"rotationZ": 61.0,
							"faces": {
								"north": { "texture": "#ram", "uv": [ 41.0, 21.0, 47.5, 27.25 ], "autoUv": false },
								"east": { "texture": "#ram", "uv": [ 36.5, 17.5, 42.0, 24.0 ], "rotation": 90 },
								"south": { "texture": "#ram", "uv": [ 41.0, 21.0, 47.5, 27.25 ], "rotation": 180, "autoUv": false },
								"west": { "texture": "#ram", "uv": [ 56.0, 22.0, 61.5, 28.5 ], "rotation": 90 },
								"up": { "texture": "#ram", "uv": [ 52.0, 18.0, 58.5, 24.0 ] },
								"down": { "texture": "#ram", "uv": [ 57.0, 24.0, 63.5, 30.0 ] }
							},
							"children": [
								{
									"name": "mouth up",
									"from": [ -3.52, 1.32, 1.1 ],
									"to": [ 3.08, 4.62, 5.5 ],
									"autoUnwrap": false,
									"uv": [ 23.0, 4.75 ],
									"rotationOrigin": [ 0.88, 2.42, 0.0 ],
									"rotationZ": 8.0,
									"faces": {
										"north": { "texture": "#ram", "uv": [ 36.0, 24.0, 39.0, 30.5 ], "rotation": 270 },
										"south": { "texture": "#ram", "uv": [ 34.5, 23.5, 37.5, 30.0 ], "rotation": 90 },
										"west": { "texture": "#ram", "uv": [ 35.5, 26.25, 39.5, 29.25 ] },
										"up": { "texture": "#ram", "uv": [ 35.5, 23.5, 39.5, 30.0 ], "rotation": 90 },
										"down": { "texture": "#ram", "uv": [ 60.0, 23.5, 64.0, 30.0 ], "rotation": 270 }
									}
								},
								{
									"name": "mouth down",
									"from": [ -2.37, -0.47, 1.02 ],
									"to": [ 3.13, 0.63, 5.376 ],
									"autoUnwrap": false,
									"uv": [ 26.0, 1.75 ],
									"rotationOrigin": [ 2.03, -0.47, 3.2 ],
									"rotationZ": 83.0,
									"faces": {
										"north": { "texture": "#ram", "uv": [ 36.0, 10.5, 37.0, 16.0 ], "rotation": 270 },
										"south": { "texture": "#ram", "uv": [ 35.0, 9.0, 36.0, 14.5 ], "rotation": 90 },
										"west": { "texture": "#ram", "uv": [ 35.5, 3.75, 39.5, 4.5 ] },
										"up": { "texture": "#ram", "uv": [ 60.0, 23.5, 64.0, 29.0 ], "rotation": 90 },
										"down": { "texture": "#ram", "uv": [ 35.0, 5.5, 39.0, 11.0 ], "rotation": 270 }
									}
								},
								{
									"name": "R horn base",
									"from": [ 3.41, 2.2, 0.0 ],
									"to": [ 8.91, 5.5, 3.3 ],
									"uv": [ 3.5, 5.5 ],
									"rotationOrigin": [ 3.41, 3.85, 1.65 ],
									"rotationX": -10.0,
									"rotationY": 39.0,
									"rotationZ": 40.0,
									"faces": {
										"north": { "texture": "#ram", "uv": [ 3.5, 11.5, 6.5, 17.0 ], "rotation": 270 },
										"east": { "texture": "#ram", "uv": [ 6.5, 11.5, 9.5, 14.5 ], "rotation": 180 },
										"south": { "texture": "#ram", "uv": [ 9.5, 11.5, 12.5, 17.0 ], "rotation": 90 },
										"up": { "texture": "#ram", "uv": [ 3.5, 5.5, 6.5, 11.0 ], "rotation": 90 },
										"down": { "texture": "#ram", "uv": [ 6.5, 5.5, 9.5, 11.0 ], "rotation": 270 }
									},
									"children": [
										{
											"name": " R horn 2",
											"from": [ 3.96, 0.22, 0.66 ],
											"to": [ 7.26, 3.52, 3.96 ],
											"uv": [ 1.5, 14.5 ],
											"rotationOrigin": [ 3.96, 1.65, 2.2 ],
											"rotationY": 30.0,
											"rotationZ": -33.0,
											"faces": {
												"north": { "texture": "#ram", "uv": [ 1.5, 18.0, 4.5, 21.0 ], "rotation": 270 },
												"east": { "texture": "#ram", "uv": [ 4.5, 18.0, 7.5, 21.0 ], "rotation": 180 },
												"south": { "texture": "#ram", "uv": [ 7.5, 18.0, 10.5, 21.0 ], "rotation": 90 },
												"west": { "texture": "#ram", "uv": [ 10.5, 18.0, 13.5, 21.0 ] },
												"up": { "texture": "#ram", "uv": [ 1.5, 14.5, 4.5, 17.5 ], "rotation": 90 },
												"down": { "texture": "#ram", "uv": [ 4.5, 14.5, 7.5, 17.5 ], "rotation": 270 }
											},
											"children": [
												{
													"name": "R horn 3",
													"from": [ 2.42, 0.77, 0.88 ],
													"to": [ 6.82, 2.97, 3.08 ],
													"uv": [ 5.5, 11.75 ],
													"rotationOrigin": [ 2.42, 1.87, 1.98 ],
													"rotationX": 30.0,
													"rotationY": 3.0,
													"rotationZ": -47.0,
													"faces": {
														"north": { "texture": "#ram", "uv": [ 5.5, 16.0, 7.5, 20.0 ], "rotation": 270 },
														"east": { "texture": "#ram", "uv": [ 7.5, 16.0, 9.5, 18.0 ], "rotation": 180 },
														"south": { "texture": "#ram", "uv": [ 9.5, 16.0, 11.5, 20.0 ], "rotation": 90 },
														"west": { "texture": "#ram", "uv": [ 11.5, 15.75, 13.5, 17.25 ] },
														"up": { "texture": "#ram", "uv": [ 5.5, 12.0, 7.5, 16.0 ], "rotation": 90 },
														"down": { "texture": "#ram", "uv": [ 7.5, 12.0, 9.5, 16.0 ], "rotation": 270 }
													},
													"children": [
														{
															"name": "R horn 4",
															"from": [ 2.86, -0.55, -0.33 ],
															"to": [ 6.16, 1.65, 1.87 ],
															"uv": [ 5.0, 11.0 ],
															"rotationOrigin": [ 3.96, 0.55, 0.77 ],
															"rotationX": 25.0,
															"rotationZ": -60.0,
															"faces": {
																"north": { "texture": "#ram", "uv": [ 5.0, 14.5, 7.0, 17.5 ], "rotation": 270 },
																"east": { "texture": "#ram", "uv": [ 7.0, 14.5, 9.0, 16.5 ], "rotation": 180 },
																"south": { "texture": "#ram", "uv": [ 9.0, 14.5, 11.0, 17.5 ], "rotation": 90 },
																"west": { "texture": "#ram", "uv": [ 11.0, 14.25, 13.0, 15.75 ] },
																"up": { "texture": "#ram", "uv": [ 5.0, 11.5, 7.0, 14.5 ], "rotation": 90 },
																"down": { "texture": "#ram", "uv": [ 7.0, 11.5, 9.0, 14.5 ], "rotation": 270 }
															},
															"children": [
																{
																	"name": "R horn 5",
																	"from": [ 2.64, 0.55, 0.55 ],
																	"to": [ 7.04, 1.65, 1.65 ],
																	"uv": [ 2.0, 21.75 ],
																	"rotationOrigin": [ 3.19, 1.1, 1.1 ],
																	"rotationX": 10.0,
																	"rotationZ": -30.0,
																	"faces": {
																		"north": { "texture": "#ram", "uv": [ 2.0, 25.5, 3.0, 29.5 ], "rotation": 270 },
																		"east": { "texture": "#ram", "uv": [ 3.0, 25.5, 4.0, 26.5 ], "rotation": 180 },
																		"south": { "texture": "#ram", "uv": [ 4.0, 25.5, 5.0, 29.5 ], "rotation": 90 },
																		"up": { "texture": "#ram", "uv": [ 2.0, 22.0, 3.0, 26.0 ], "rotation": 90 },
																		"down": { "texture": "#ram", "uv": [ 3.0, 22.0, 4.0, 26.0 ], "rotation": 270 }
																	}
																}
															]
														}
													]
												}
											]
										}
									]
								},
								{
									"name": "L horn base20",
									"from": [ 3.41, 2.2, 3.3 ],
									"to": [ 8.91, 5.5, 6.6 ],
									"uv": [ 1.5, 2.5 ],
									"rotationOrigin": [ 3.41, 3.85, 4.95 ],
									"rotationX": 10.0,
									"rotationY": -39.0,
									"rotationZ": 40.0,
									"faces": {
										"north": { "texture": "#ram", "uv": [ 1.5, 8.5, 4.5, 14.0 ], "rotation": 270 },
										"east": { "texture": "#ram", "uv": [ 4.5, 8.5, 7.5, 11.5 ], "rotation": 180 },
										"south": { "texture": "#ram", "uv": [ 7.5, 8.5, 10.5, 14.0 ], "rotation": 90 },
										"up": { "texture": "#ram", "uv": [ 1.5, 2.5, 4.5, 8.0 ], "rotation": 90 },
										"down": { "texture": "#ram", "uv": [ 4.5, 2.5, 7.5, 8.0 ], "rotation": 270 }
									},
									"children": [
										{
											"name": "L horn 21",
											"from": [ 3.96, 0.22, -0.66 ],
											"to": [ 7.26, 3.52, 2.64 ],
											"uv": [ 1.5, 22.75 ],
											"rotationOrigin": [ 3.96, 1.65, 1.1 ],
											"rotationY": -30.0,
											"rotationZ": -33.0,
											"faces": {
												"north": { "texture": "#ram", "uv": [ 1.5, 26.5, 4.5, 29.5 ], "rotation": 270 },
												"east": { "texture": "#ram", "uv": [ 4.5, 26.5, 7.5, 29.5 ], "rotation": 180 },
												"south": { "texture": "#ram", "uv": [ 7.5, 26.5, 10.5, 29.5 ], "rotation": 90 },
												"west": { "texture": "#ram", "uv": [ 10.5, 26.25, 13.5, 29.25 ] },
												"up": { "texture": "#ram", "uv": [ 1.5, 22.5, 4.5, 25.5 ], "rotation": 90 },
												"down": { "texture": "#ram", "uv": [ 4.5, 22.5, 7.5, 25.5 ], "rotation": 270 }
											},
											"children": [
												{
													"name": "L horn 22",
													"from": [ 2.42, 0.77, 0.22 ],
													"to": [ 6.82, 2.97, 2.42 ],
													"uv": [ 7.0, 18.5 ],
													"rotationOrigin": [ 2.42, 1.87, 0.88 ],
													"rotationX": -30.0,
													"rotationY": -3.0,
													"rotationZ": -47.0,
													"faces": {
														"north": { "texture": "#ram", "uv": [ 7.0, 22.5, 9.0, 26.5 ], "rotation": 270 },
														"east": { "texture": "#ram", "uv": [ 9.0, 22.5, 11.0, 24.5 ], "rotation": 180 },
														"south": { "texture": "#ram", "uv": [ 11.0, 22.5, 13.0, 26.5 ], "rotation": 90 },
														"west": { "texture": "#ram", "uv": [ 13.0, 22.5, 15.0, 24.0 ] },
														"up": { "texture": "#ram", "uv": [ 7.0, 19.0, 9.0, 23.0 ], "rotation": 90 },
														"down": { "texture": "#ram", "uv": [ 9.0, 19.0, 11.0, 23.0 ], "rotation": 270 }
													},
													"children": [
														{
															"name": "L horn 23",
															"from": [ 3.3, -0.55, 0.33 ],
															"to": [ 6.6, 1.65, 2.53 ],
															"uv": [ 3.0, 16.25 ],
															"rotationOrigin": [ 3.96, 0.55, 0.77 ],
															"rotationX": -25.0,
															"rotationZ": -60.0,
															"faces": {
																"north": { "texture": "#ram", "uv": [ 3.0, 19.5, 5.0, 22.5 ], "rotation": 270 },
																"east": { "texture": "#ram", "uv": [ 5.0, 19.5, 7.0, 21.5 ], "rotation": 180 },
																"south": { "texture": "#ram", "uv": [ 7.0, 19.5, 9.0, 22.5 ], "rotation": 90 },
																"west": { "texture": "#ram", "uv": [ 9.0, 19.5, 11.0, 21.0 ] },
																"up": { "texture": "#ram", "uv": [ 3.0, 16.5, 5.0, 19.5 ], "rotation": 90 },
																"down": { "texture": "#ram", "uv": [ 5.0, 16.5, 7.0, 19.5 ], "rotation": 270 }
															},
															"children": [
																{
																	"name": "L horn 24",
																	"from": [ 2.64, 0.55, 0.55 ],
																	"to": [ 7.04, 1.65, 1.65 ],
																	"uv": [ 7.0, 6.75 ],
																	"rotationOrigin": [ 3.19, 1.1, 1.1 ],
																	"rotationX": -10.0,
																	"rotationZ": -30.0,
																	"faces": {
																		"north": { "texture": "#ram", "uv": [ 7.0, 10.5, 8.0, 14.5 ], "rotation": 270 },
																		"east": { "texture": "#ram", "uv": [ 8.0, 10.5, 9.0, 11.5 ], "rotation": 180 },
																		"south": { "texture": "#ram", "uv": [ 9.0, 10.5, 10.0, 14.5 ], "rotation": 90 },
																		"up": { "texture": "#ram", "uv": [ 7.0, 7.0, 8.0, 11.0 ], "rotation": 90 },
																		"down": { "texture": "#ram", "uv": [ 8.0, 7.0, 9.0, 11.0 ], "rotation": 270 }
																	}
																}
															]
														}
													]
												}
											]
										}
									]
								}
							]
						}
					],
					"attachmentpoints": [
						{
							"code": "rope",
							"posX": "2.0","posY": "3.0","posZ": "2.5",
							"rotationX": "0.0","rotationY": "0.0","rotationZ": "0.0"
						}
					]
				},
				{
					"name": "R front leg",
					"from": [ 0.9, -1.0, 1.0 ],
					"to": [ 2.6, 5.0, 3.0 ],
					"uv": [ 36.0, 67.0 ],
					"rotationOrigin": [ 2.4, 5.0, 2.5 ],
					"rotationX": -11.0,
					"rotationY": -28.0,
					"rotationZ": -105.0,
					"faces": {
						"north": { "texture": "#ram", "uv": [ 36.0, 68.5, 37.5, 74.5 ] },
						"east": { "texture": "#ram", "uv": [ 37.5, 68.5, 39.5, 74.5 ] },
						"south": { "texture": "#ram", "uv": [ 39.5, 68.5, 41.0, 74.5 ] },
						"west": { "texture": "#ram", "uv": [ 41.0, 68.5, 43.0, 74.5 ] },
						"down": { "texture": "#ram", "uv": [ 36.0, 67.0, 38.0, 68.5 ], "rotation": 90 }
					},
					"children": [
						{
							"name": "R front foot",
							"from": [ 0.1, -7.0, 0.1 ],
							"to": [ 1.9, 1.0, 1.9 ],
							"uv": [ 36.0, 77.0 ],
							"rotationOrigin": [ 1.6, 1.0, 1.6 ],
							"rotationY": 11.0,
							"rotationZ": 72.0,
							"faces": {
								"north": { "texture": "#ram", "uv": [ 36.0, 78.5, 37.5, 86.5 ] },
								"east": { "texture": "#ram", "uv": [ 37.5, 78.5, 39.0, 86.5 ] },
								"south": { "texture": "#ram", "uv": [ 39.0, 78.5, 40.5, 86.5 ] },
								"west": { "texture": "#ram", "uv": [ 40.5, 78.5, 42.0, 86.5 ] },
								"up": { "texture": "#ram", "uv": [ 36.0, 77.5, 37.5, 79.0 ], "rotation": 90 },
								"down": { "texture": "#ram", "uv": [ 37.5, 77.5, 39.0, 79.0 ], "rotation": 90 }
							}
						}
					]
				},
				{
					"name": "L front leg",
					"from": [ -1.4, -2.4, 8.9 ],
					"to": [ 0.6, 8.4, 10.9 ],
					"uv": [ 47.5, 68.5 ],
					"rotationOrigin": [ 0.1, 3.6, 10.4 ],
					"rotationY": 17.0,
					"rotationZ": -116.0,
					"faces": {
						"north": { "texture": "#ram", "uv": [ 47.5, 70.5, 49.5, 81.0 ] },
						"east": { "texture": "#ram", "uv": [ 49.5, 70.5, 51.5, 81.0 ] },
						"south": { "texture": "#ram", "uv": [ 51.5, 70.5, 53.5, 81.0 ] },
						"west": { "texture": "#ram", "uv": [ 53.5, 70.5, 55.5, 81.0 ] },
						"down": { "texture": "#ram", "uv": [ 47.5, 68.5, 49.5, 70.5 ], "rotation": 90 }
					},
					"children": [
						{
							"name": "L front foot",
							"from": [ 0.1, -7.0, 0.1 ],
							"to": [ 1.9, 1.0, 1.9 ],
							"uv": [ 49.0, 77.0 ],
							"rotationOrigin": [ 1.6, 1.0, 1.6 ],
							"rotationZ": 119.0,
							"faces": {
								"north": { "texture": "#ram", "uv": [ 49.0, 78.5, 50.5, 86.5 ] },
								"east": { "texture": "#ram", "uv": [ 50.5, 78.5, 52.0, 86.5 ] },
								"south": { "texture": "#ram", "uv": [ 52.0, 78.5, 53.5, 86.5 ] },
								"west": { "texture": "#ram", "uv": [ 53.5, 78.5, 55.0, 86.5 ] },
								"up": { "texture": "#ram", "uv": [ 49.0, 77.5, 50.5, 79.0 ], "rotation": 90 },
								"down": { "texture": "#ram", "uv": [ 50.5, 77.5, 52.0, 79.0 ], "rotation": 90 }
							}
						}
					]
				},
				{
					"name": "Body8",
					"from": [ 18.97, 5.37, 0.0 ],
					"to": [ 28.97, 8.37, 6.0 ],
					"uv": [ 38.5, 61.0 ],
					"rotationOrigin": [ 12.97, 7.37, 5.0 ],
					"rotationZ": 50.0,
					"faces": {
						"north": { "texture": "#ram", "uv": [ 38.5, 71.5, 41.5, 81.5 ], "rotation": 270 },
						"east": { "texture": "#ram", "uv": [ 41.5, 71.5, 47.5, 74.5 ], "rotation": 180 },
						"south": { "texture": "#ram", "uv": [ 47.5, 71.5, 50.5, 81.5 ], "rotation": 90 },
						"west": { "texture": "#ram", "uv": [ 50.5, 71.25, 56.5, 74.25 ] },
						"up": { "texture": "#ram", "uv": [ 38.5, 61.0, 44.5, 71.0 ], "rotation": 90 },
						"down": { "texture": "#ram", "uv": [ 44.5, 61.0, 50.5, 71.0 ], "rotation": 270 }
					},
					"children": [
						{
							"name": "Body9",
							"from": [ 1.0, 0.0, 3.0 ],
							"to": [ 7.0, 2.0, 9.0 ],
							"uv": [ 48.5, 55.75 ],
							"rotationOrigin": [ 10.0, 4.0, 8.0 ],
							"faces": {
								"north": { "texture": "#ram", "uv": [ 48.5, 62.5, 50.5, 68.5 ], "rotation": 270 },
								"east": { "texture": "#ram", "uv": [ 50.5, 62.5, 56.5, 64.5 ], "rotation": 180 },
								"south": { "texture": "#ram", "uv": [ 56.5, 62.5, 58.5, 68.5 ], "rotation": 90 },
								"west": { "texture": "#ram", "uv": [ 58.5, 62.25, 64.5, 63.75 ] },
								"up": { "texture": "#ram", "uv": [ 48.5, 55.5, 54.5, 61.5 ], "rotation": 90 },
								"down": { "texture": "#ram", "uv": [ 54.5, 55.5, 60.5, 61.5 ], "rotation": 270 }
							},
							"children": [
								{
									"name": "Body10",
									"from": [ -5.0, 4.0, -1.8 ],
									"to": [ 1.0, 6.0, 4.2 ],
									"uv": [ 19.0, 35.5 ],
									"rotationOrigin": [ 4.0, 8.0, 3.2 ],
									"faces": {
										"north": { "texture": "#ram", "uv": [ 19.0, 42.0, 21.0, 48.0 ], "rotation": 270 },
										"east": { "texture": "#ram", "uv": [ 21.0, 42.0, 27.0, 44.0 ], "rotation": 180 },
										"south": { "texture": "#ram", "uv": [ 27.0, 42.0, 29.0, 48.0 ], "rotation": 90 },
										"west": { "texture": "#ram", "uv": [ 29.0, 42.0, 35.0, 43.5 ] },
										"up": { "texture": "#ram", "uv": [ 19.0, 35.5, 25.0, 41.5 ], "rotation": 90 },
										"down": { "texture": "#ram", "uv": [ 25.0, 35.5, 31.0, 41.5 ], "rotation": 270 }
									}
								}
							]
						},
						{
							"name": "Body2",
							"from": [ -6.0, 0.0, 0.0 ],
							"to": [ 2.0, 5.0, 10.0 ],
							"uv": [ 32.5, 78.25 ],
							"rotationOrigin": [ 3.0, 4.0, 5.0 ],
							"faces": {
								"north": { "texture": "#ram", "uv": [ 32.5, 86.5, 37.5, 94.5 ], "rotation": 270 },
								"east": { "texture": "#ram", "uv": [ 37.5, 86.5, 47.5, 91.5 ], "rotation": 180 },
								"south": { "texture": "#ram", "uv": [ 47.5, 86.5, 52.5, 94.5 ], "rotation": 90 },
								"west": { "texture": "#ram", "uv": [ 52.5, 86.25, 62.5, 90.75 ] },
								"up": { "texture": "#ram", "uv": [ 32.5, 78.0, 42.5, 86.0 ], "rotation": 90 },
								"down": { "texture": "#ram", "uv": [ 42.5, 78.0, 52.5, 86.0 ], "rotation": 270 }
							}
						},
						{
							"name": "Body7",
							"from": [ -1.77, 0.67, 1.16 ],
							"to": [ 6.23, 5.47, 9.16 ],
							"uv": [ 33.5, 65.5 ],
							"rotationOrigin": [ -1.78, 3.47, 5.16 ],
							"rotationZ": 72.0,
							"faces": {
								"north": { "texture": "#ram", "uv": [ 33.5, 73.5, 38.0, 81.5 ], "rotation": 270 },
								"east": { "texture": "#ram", "uv": [ 38.0, 73.5, 46.0, 78.0 ], "rotation": 180 },
								"south": { "texture": "#ram", "uv": [ 46.0, 73.5, 50.5, 81.5 ], "rotation": 90 },
								"west": { "texture": "#ram", "uv": [ 50.5, 73.5, 58.5, 78.0 ] },
								"up": { "texture": "#ram", "uv": [ 33.5, 65.5, 41.5, 73.5 ], "rotation": 90 },
								"down": { "texture": "#ram", "uv": [ 41.5, 65.5, 49.5, 73.5 ], "rotation": 270 }
							},
							"children": [
								{
									"name": "Body3",
									"from": [ 6.16, -0.32, 0.4 ],
									"to": [ 18.16, 4.48, 7.6 ],
									"uv": [ 39.5, 65.5 ],
									"rotationOrigin": [ 6.16, 2.28, 4.4 ],
									"rotationZ": 22.0,
									"faces": {
										"north": { "texture": "#ram", "uv": [ 39.5, 78.0, 44.0, 90.0 ], "rotation": 270 },
										"east": { "texture": "#ram", "uv": [ 44.0, 78.0, 51.0, 82.5 ], "rotation": 180 },
										"south": { "texture": "#ram", "uv": [ 51.0, 78.0, 55.5, 90.0 ], "rotation": 90 },
										"west": { "texture": "#ram", "uv": [ 55.5, 78.0, 62.5, 82.5 ] },
										"up": { "texture": "#ram", "uv": [ 39.5, 65.5, 46.5, 77.5 ], "rotation": 90 },
										"down": { "texture": "#ram", "uv": [ 46.5, 65.5, 53.5, 77.5 ], "rotation": 270 }
									},
									"children": [
										{
											"name": "Body4",
											"from": [ 10.12, 0.62, 0.32 ],
											"to": [ 18.92, 5.42, 6.72 ],
											"uv": [ 35.0, 69.25 ],
											"rotationOrigin": [ 10.32, 3.8168, 4.32 ],
											"rotationZ": -69.0,
											"faces": {
												"north": { "texture": "#ram", "uv": [ 35.0, 78.0, 39.5, 86.5 ], "rotation": 270 },
												"east": { "texture": "#ram", "uv": [ 39.5, 78.0, 45.5, 82.5 ], "rotation": 180 },
												"south": { "texture": "#ram", "uv": [ 45.5, 78.0, 50.0, 86.5 ], "rotation": 90 },
												"west": { "texture": "#ram", "uv": [ 50.0, 78.0, 56.0, 82.5 ] },
												"up": { "texture": "#ram", "uv": [ 35.0, 69.0, 41.0, 77.5 ], "rotation": 90 },
												"down": { "texture": "#ram", "uv": [ 41.0, 69.0, 47.0, 77.5 ], "rotation": 270 }
											},
											"children": [
												{
													"name": "Body5",
													"from": [ 0.0, -1.1, 0.4 ],
													"to": [ 8.0, 2.1, 6.0 ],
													"uv": [ 36.5, 55.75 ],
													"rotationOrigin": [ 7.2, 2.1, 4.4 ],
													"rotationZ": 136.0,
													"faces": {
														"north": { "texture": "#ram", "uv": [ 36.5, 64.0, 39.5, 72.0 ], "rotation": 270 },
														"east": { "texture": "#ram", "uv": [ 39.5, 64.0, 45.0, 67.0 ], "rotation": 180 },
														"south": { "texture": "#ram", "uv": [ 45.0, 64.0, 48.0, 72.0 ], "rotation": 90 },
														"west": { "texture": "#ram", "uv": [ 48.0, 63.75, 53.5, 66.75 ] },
														"up": { "texture": "#ram", "uv": [ 36.5, 55.5, 42.0, 63.5 ], "rotation": 90 },
														"down": { "texture": "#ram", "uv": [ 42.0, 55.5, 47.5, 63.5 ], "rotation": 270 }
													},
													"children": [
														{
															"name": "Body6",
															"from": [ -4.9852, -0.3656, 0.4 ],
															"to": [ 2.9348, 1.9544, 5.2 ],
															"uv": [ 34.5, 51.25 ],
															"rotationOrigin": [ 2.2148, 2.8344, 4.4 ],
															"rotationZ": -28.0,
															"faces": {
																"north": { "texture": "#ram", "uv": [ 34.5, 59.5, 36.5, 67.0 ], "rotation": 270 },
																"east": { "texture": "#ram", "uv": [ 36.5, 59.5, 41.0, 61.5 ], "rotation": 180 },
																"south": { "texture": "#ram", "uv": [ 41.0, 59.5, 43.0, 67.0 ], "rotation": 90 },
																"west": { "texture": "#ram", "uv": [ 43.0, 59.25, 47.5, 61.5 ] },
																"up": { "texture": "#ram", "uv": [ 34.5, 51.0, 39.0, 58.5 ], "rotation": 90 },
																"down": { "texture": "#ram", "uv": [ 39.0, 51.0, 43.5, 58.5 ], "rotation": 270 }
															},
															"children": [
																{
																	"name": "Body21",
																	"from": [ 4.2357, -0.1314, 3.48 ],
																	"to": [ 5.7357, 4.8686, 4.48 ],
																	"uv": [ 43.0, 8.5 ],
																	"rotationOrigin": [ 4.2357, 0.4686, 4.48 ],
																	"rotationX": 6.892,
																	"rotationY": -12.216,
																	"rotationZ": 50.738,
																	"faces": {
																		"north": { "texture": "#ram", "uv": [ 43.0, 10.5, 48.0, 12.0 ], "rotation": 270 },
																		"east": { "texture": "#ram", "uv": [ 48.0, 10.5, 49.0, 15.5 ], "rotation": 180 },
																		"south": { "texture": "#ram", "uv": [ 49.0, 10.5, 54.0, 12.0 ], "rotation": 90 },
																		"west": { "texture": "#ram", "uv": [ 54.0, 10.5, 55.0, 15.0 ] },
																		"up": { "texture": "#ram", "uv": [ 43.0, 8.5, 44.0, 10.0 ], "rotation": 90 },
																		"down": { "texture": "#ram", "uv": [ 44.0, 8.5, 45.0, 10.0 ], "rotation": 270 }
																	},
																	"children": [
																		{
																			"name": "Body22",
																			"from": [ 0.1211, 0.8615, -3.55 ],
																			"to": [ 1.6211, 6.8615, -2.55 ],
																			"uv": [ 49.0, 8.5 ],
																			"rotationOrigin": [ 0.1211, 1.4615, -2.5465 ],
																			"rotationX": 25.78,
																			"rotationY": -3.498,
																			"rotationZ": 0.801,
																			"faces": {
																				"north": { "texture": "#ram", "uv": [ 49.0, 10.5, 55.0, 12.0 ], "rotation": 270 },
																				"east": { "texture": "#ram", "uv": [ 55.0, 10.5, 56.0, 16.5 ], "rotation": 180 },
																				"south": { "texture": "#ram", "uv": [ 56.0, 10.5, 62.0, 12.0 ], "rotation": 90 },
																				"west": { "texture": "#ram", "uv": [ 62.0, 10.5, 63.0, 16.5 ] },
																				"up": { "texture": "#ram", "uv": [ 49.0, 8.5, 50.0, 10.0 ], "rotation": 90 },
																				"down": { "texture": "#ram", "uv": [ 50.0, 8.5, 51.0, 10.0 ], "rotation": 270 }
																			}
																		},
																		{
																			"name": "Body23",
																			"from": [ -2.88, 2.86, -1.55 ],
																			"to": [ -1.38, 8.86, -0.55 ],
																			"uv": [ 43.0, 7.0 ],
																			"rotationOrigin": [ -2.8789, 3.4615, -0.5465 ],
																			"rotationX": 6.0,
																			"rotationY": -3.0,
																			"rotationZ": -14.0,
																			"faces": {
																				"north": { "texture": "#ram", "uv": [ 43.0, 9.0, 49.0, 10.5 ], "rotation": 270 },
																				"east": { "texture": "#ram", "uv": [ 49.0, 9.0, 50.0, 15.0 ], "rotation": 180 },
																				"south": { "texture": "#ram", "uv": [ 50.0, 9.0, 56.0, 10.5 ], "rotation": 90 },
																				"west": { "texture": "#ram", "uv": [ 56.0, 9.0, 57.0, 15.0 ] },
																				"up": { "texture": "#ram", "uv": [ 43.0, 7.0, 44.0, 8.5 ], "rotation": 90 },
																				"down": { "texture": "#ram", "uv": [ 44.0, 7.0, 45.0, 8.5 ], "rotation": 270 }
																			}
																		}
																	]
																}
															]
														},
														{
															"name": "Body19",
															"from": [ 4.2212, 0.9174, 4.28 ],
															"to": [ 5.7212, 7.9174, 5.28 ],
															"uv": [ 42.0, 2.5 ],
															"rotationOrigin": [ 4.2212, 1.5174, 5.28 ],
															"rotationX": 0.249,
															"rotationY": -13.998,
															"rotationZ": 52.031,
															"faces": {
																"north": { "texture": "#ram", "uv": [ 42.0, 4.5, 49.0, 6.0 ], "rotation": 270 },
																"east": { "texture": "#ram", "uv": [ 49.0, 4.5, 50.0, 11.5 ], "rotation": 180 },
																"south": { "texture": "#ram", "uv": [ 50.0, 4.5, 57.0, 6.0 ], "rotation": 90 },
																"west": { "texture": "#ram", "uv": [ 57.0, 4.5, 58.0, 11.25 ] },
																"up": { "texture": "#ram", "uv": [ 42.0, 2.5, 43.0, 4.0 ], "rotation": 90 },
																"down": { "texture": "#ram", "uv": [ 43.0, 2.5, 44.0, 4.0 ], "rotation": 270 }
															},
															"children": [
																{
																	"name": "Body20",
																	"from": [ 0.1211, 0.8615, -4.05 ],
																	"to": [ 1.6211, 6.8615, -3.05 ],
																	"uv": [ 44.5, 7.75 ],
																	"rotationOrigin": [ 0.1211, 1.4615, -3.0465 ],
																	"rotationX": 25.78,
																	"rotationY": -3.498,
																	"rotationZ": 0.801,
																	"faces": {
																		"north": { "texture": "#ram", "uv": [ 44.5, 10.0, 50.5, 11.5 ], "rotation": 270 },
																		"east": { "texture": "#ram", "uv": [ 50.5, 10.0, 51.5, 16.0 ], "rotation": 180 },
																		"south": { "texture": "#ram", "uv": [ 51.5, 10.0, 57.5, 11.5 ], "rotation": 90 },
																		"west": { "texture": "#ram", "uv": [ 57.5, 9.75, 58.5, 15.75 ] },
																		"up": { "texture": "#ram", "uv": [ 44.5, 7.5, 45.5, 9.0 ], "rotation": 90 },
																		"down": { "texture": "#ram", "uv": [ 45.5, 7.5, 46.5, 9.0 ], "rotation": 270 }
																	}
																}
															]
														}
													]
												},
												{
													"name": "Body17",
													"from": [ 6.9535, 1.2244, 5.08 ],
													"to": [ 8.4535, 6.2244, 6.08 ],
													"uv": [ 41.5, 8.5 ],
													"rotationOrigin": [ 6.9535, 1.8244, 6.08 ],
													"rotationX": 9.65,
													"rotationY": 10.191,
													"rotationZ": -155.863,
													"faces": {
														"north": { "texture": "#ram", "uv": [ 41.5, 10.5, 46.5, 12.0 ], "rotation": 270 },
														"east": { "texture": "#ram", "uv": [ 46.5, 10.5, 47.5, 15.5 ], "rotation": 180 },
														"south": { "texture": "#ram", "uv": [ 47.5, 10.5, 52.5, 12.0 ], "rotation": 90 },
														"west": { "texture": "#ram", "uv": [ 52.5, 10.5, 53.5, 15.0 ] },
														"up": { "texture": "#ram", "uv": [ 41.5, 8.5, 42.5, 10.0 ], "rotation": 90 },
														"down": { "texture": "#ram", "uv": [ 42.5, 8.5, 43.5, 10.0 ], "rotation": 270 }
													}
												}
											]
										},
										{
											"name": "Body13",
											"from": [ 5.5926, 0.3502, 5.9 ],
											"to": [ 7.0926, 7.3502, 6.9 ],
											"uv": [ 39.5, 10.0 ],
											"rotationOrigin": [ 5.5926, 0.9502, 6.9 ],
											"rotationX": 12.082,
											"rotationY": -4.834,
											"rotationZ": 177.512,
											"faces": {
												"north": { "texture": "#ram", "uv": [ 39.5, 12.0, 46.5, 13.5 ], "rotation": 270 },
												"east": { "texture": "#ram", "uv": [ 46.5, 12.0, 47.5, 19.0 ], "rotation": 180 },
												"south": { "texture": "#ram", "uv": [ 47.5, 12.0, 54.5, 13.5 ], "rotation": 90 },
												"west": { "texture": "#ram", "uv": [ 54.5, 12.0, 55.5, 18.75 ] },
												"up": { "texture": "#ram", "uv": [ 39.5, 10.0, 40.5, 11.5 ], "rotation": 90 },
												"down": { "texture": "#ram", "uv": [ 40.5, 10.0, 41.5, 11.5 ], "rotation": 270 }
											},
											"children": [
												{
													"name": "Body14",
													"from": [ 0.1211, 0.8615, -5.5465 ],
													"to": [ 1.6211, 5.8615, -4.5465 ],
													"uv": [ 49.5, 8.5 ],
													"rotationOrigin": [ 0.1211, 1.4615, -4.5465 ],
													"rotationX": 25.78,
													"rotationY": -3.498,
													"rotationZ": 0.801,
													"faces": {
														"north": { "texture": "#ram", "uv": [ 49.5, 10.5, 54.5, 12.0 ], "rotation": 270 },
														"east": { "texture": "#ram", "uv": [ 54.5, 10.5, 55.5, 15.5 ], "rotation": 180 },
														"south": { "texture": "#ram", "uv": [ 55.5, 10.5, 60.5, 12.0 ], "rotation": 90 },
														"west": { "texture": "#ram", "uv": [ 60.5, 10.5, 61.5, 15.0 ] },
														"up": { "texture": "#ram", "uv": [ 49.5, 8.5, 50.5, 10.0 ], "rotation": 90 },
														"down": { "texture": "#ram", "uv": [ 50.5, 8.5, 51.5, 10.0 ], "rotation": 270 }
													}
												}
											]
										},
										{
											"name": "Body15",
											"from": [ 9.617, -1.1679, 5.1 ],
											"to": [ 11.117, 3.8321, 6.1 ],
											"uv": [ 37.0, 6.25 ],
											"rotationOrigin": [ 9.617, -0.5679, 6.1 ],
											"rotationX": 13.017,
											"rotationY": -5.2,
											"rotationZ": 152.594,
											"faces": {
												"north": { "texture": "#ram", "uv": [ 37.0, 8.5, 42.0, 10.0 ], "rotation": 270 },
												"east": { "texture": "#ram", "uv": [ 42.0, 8.5, 43.0, 13.5 ], "rotation": 180 },
												"south": { "texture": "#ram", "uv": [ 43.0, 8.5, 48.0, 10.0 ], "rotation": 90 },
												"west": { "texture": "#ram", "uv": [ 48.0, 8.25, 49.0, 12.75 ] },
												"up": { "texture": "#ram", "uv": [ 37.0, 6.0, 38.0, 7.5 ], "rotation": 90 },
												"down": { "texture": "#ram", "uv": [ 38.0, 6.0, 39.0, 7.5 ], "rotation": 270 }
											},
											"children": [
												{
													"name": "Body16",
													"from": [ 0.1211, 0.8615, -4.65 ],
													"to": [ 1.6211, 7.8615, -3.65 ],
													"uv": [ 39.0, 5.5 ],
													"rotationOrigin": [ 0.1211, 1.4615, -3.6465 ],
													"rotationX": 25.78,
													"rotationY": -3.498,
													"rotationZ": 0.801,
													"faces": {
														"north": { "texture": "#ram", "uv": [ 39.0, 7.5, 46.0, 9.0 ], "rotation": 270 },
														"east": { "texture": "#ram", "uv": [ 46.0, 7.5, 47.0, 14.5 ], "rotation": 180 },
														"south": { "texture": "#ram", "uv": [ 47.0, 7.5, 54.0, 9.0 ], "rotation": 90 },
														"west": { "texture": "#ram", "uv": [ 54.0, 7.5, 55.0, 14.25 ] },
														"up": { "texture": "#ram", "uv": [ 39.0, 5.5, 40.0, 7.0 ], "rotation": 90 },
														"down": { "texture": "#ram", "uv": [ 40.0, 5.5, 41.0, 7.0 ], "rotation": 270 }
													}
												}
											]
										}
									]
								}
							]
						}
					]
				}
			],
			"attachmentpoints": [
				{
					"code": "Center",
					"posX": "9.0","posY": "4.0","posZ": "5.0",
					"rotationX": "0.0","rotationY": "0.0","rotationZ": "0.0"
				}
			]
		}
	],
	"animations": [
		{
			"name": "Walk",
			"code": "walk",
			"quantityframes": 75,
			"onActivityStopped": "EaseOut",
			"onAnimationEnd": "Repeat",
			"keyframes": [
				{
					"frame": 0,
					"elements": {
						"Body": { "offsetX": 0.0, "offsetY": 0.0, "offsetZ": 0.0, "rotationX": -2.0, "rotationY": -1.0, "rotationZ": -2.0 },
						"neck": { "offsetX": 0.0, "offsetY": 0.0, "offsetZ": 0.0, "rotationX": 2.0, "rotationY": 0.0, "rotationZ": 3.0 },
						"head": { "offsetX": 0.0, "offsetY": 0.0, "offsetZ": 0.0, "rotationX": 0.0, "rotationY": 0.0, "rotationZ": -3.0 },
						"R front leg": { "offsetX": 0.0, "offsetY": 0.0, "offsetZ": 0.0, "rotationX": 2.0, "rotationY": 0.0, "rotationZ": 8.0 },
						"R front foot": { "offsetX": 0.0, "offsetY": 0.0, "offsetZ": 0.0, "rotationX": 0.0, "rotationY": 0.0, "rotationZ": 0.0 },
						"L front leg": { "offsetX": -0.5, "offsetY": -0.5, "offsetZ": 0.0, "rotationX": 0.0, "rotationY": 1.0, "rotationZ": -33.0 },
						"L front foot": { "offsetX": 0.0, "offsetY": 0.0, "offsetZ": 0.0, "rotationX": 0.0, "rotationY": 0.0, "rotationZ": 39.0 },
						"Body7": { "rotationX": 0.0, "rotationY": 0.0, "rotationZ": -72.0 },
						"Body3": { "rotationX": 0.0, "rotationY": 0.0, "rotationZ": -14.0 },
						"Body4": { "rotationX": 0.0, "rotationY": 0.0, "rotationZ": 66.0 },
						"Body5": { "rotationX": 0.0, "rotationY": 0.0, "rotationZ": 19.0 },
						"Body6": { "rotationX": 0.0, "rotationY": 0.0, "rotationZ": 39.0 }
					}
				},
				{
					"frame": 15,
					"elements": {
						"Body": { "offsetX": 0.0, "offsetY": 0.0, "offsetZ": 0.0, "rotationX": 2.0, "rotationY": -1.0, "rotationZ": 2.0 },
						"neck": { "offsetX": 0.0, "offsetY": 0.0, "offsetZ": 0.0, "rotationX": -2.0, "rotationY": 0.0, "rotationZ": 9.0 },
						"head": { "offsetX": 0.0, "offsetY": 0.0, "offsetZ": 0.0, "rotationX": 0.0, "rotationY": 0.0, "rotationZ": -14.0 },
						"R front leg": { "offsetX": 0.0, "offsetY": -0.5, "offsetZ": 0.0, "rotationX": 0.0, "rotationY": 0.0, "rotationZ": 14.0 },
						"R front foot": { "offsetX": 0.0, "offsetY": 0.0, "offsetZ": 0.0, "rotationX": 0.0, "rotationY": 0.0, "rotationZ": 0.0 },
						"L front leg": { "offsetX": -1.0, "offsetY": -1.0, "offsetZ": 0.0, "rotationX": -2.0, "rotationY": 1.0, "rotationZ": -17.0 },
						"L front foot": { "offsetX": 0.0, "offsetY": 0.0, "offsetZ": 0.0, "rotationX": 0.0, "rotationY": 0.0, "rotationZ": -6.0 },
						"Body6": { "rotationX": 0.0, "rotationY": 0.0, "rotationZ": 28.0 }
					}
				},
				{
					"frame": 30,
					"elements": {
						"Body": { "offsetX": 0.0, "offsetY": 0.0, "offsetZ": 0.0, "rotationX": 0.0, "rotationY": 0.0, "rotationZ": 0.0 },
						"neck": { "offsetX": 0.0, "offsetY": 0.0, "offsetZ": 0.0, "rotationX": -2.0, "rotationY": 0.0, "rotationZ": 6.0 },
						"head": { "offsetX": 0.0, "offsetY": 0.0, "offsetZ": 0.0, "rotationX": 0.0, "rotationY": 0.0, "rotationZ": -8.0 },
						"R front leg": { "offsetX": 0.0, "offsetY": 0.0, "offsetZ": 0.0, "rotationX": 0.0, "rotationY": 0.0, "rotationZ": -8.0 },
						"R front foot": { "offsetX": 0.0, "offsetY": 0.0, "offsetZ": 0.0, "rotationX": 0.0, "rotationY": 0.0, "rotationZ": 30.0 },
						"L front leg": { "offsetX": -1.0, "offsetY": 0.0, "offsetZ": 0.0, "rotationX": 0.0, "rotationY": 0.0, "rotationZ": -6.0 },
						"L front foot": { "offsetX": 0.0, "offsetY": 0.0, "offsetZ": 0.0, "rotationX": 0.0, "rotationY": 0.0, "rotationZ": -6.0 },
						"Body7": { "rotationX": 0.0, "rotationY": 0.0, "rotationZ": -17.0 },
						"Body3": { "rotationX": 0.0, "rotationY": 0.0, "rotationZ": -66.0 }
					}
				},
				{
					"frame": 45,
					"elements": {
						"Body": { "offsetX": 0.0, "offsetY": 0.0, "offsetZ": 0.0, "rotationX": 2.0, "rotationY": 1.0, "rotationZ": -2.0 },
						"neck": { "offsetX": 0.0, "offsetY": 0.0, "offsetZ": 0.0, "rotationX": -2.0, "rotationY": 0.0, "rotationZ": 3.0 },
						"head": { "offsetX": 0.0, "offsetY": 0.0, "offsetZ": 0.0, "rotationX": 0.0, "rotationY": 0.0, "rotationZ": -3.0 },
						"R front leg": { "offsetX": -0.5, "offsetY": -0.5, "offsetZ": 0.0, "rotationX": 0.0, "rotationY": -1.0, "rotationZ": -33.0 },
						"R front foot": { "offsetX": 0.0, "offsetY": 0.0, "offsetZ": 0.0, "rotationX": 0.0, "rotationY": 0.0, "rotationZ": 39.0 },
						"L front leg": { "offsetX": -1.0, "offsetY": 0.0, "offsetZ": 0.0, "rotationX": -2.0, "rotationY": 0.0, "rotationZ": 8.0 },
						"L front foot": { "offsetX": 0.0, "offsetY": 0.0, "offsetZ": 0.0, "rotationX": 0.0, "rotationY": 0.0, "rotationZ": 0.0 },
						"Body3": { "rotationX": 0.0, "rotationY": 0.0, "rotationZ": -39.0 },
						"Body4": { "rotationX": 0.0, "rotationY": 0.0, "rotationZ": -25.0 },
						"Body5": { "rotationX": 0.0, "rotationY": 0.0, "rotationZ": 102.0 },
						"Body6": { "rotationX": 0.0, "rotationY": 0.0, "rotationZ": 66.0 }
					}
				},
				{
					"frame": 53,
					"elements": {
						"Body3": { "rotationX": 0.0, "rotationY": 0.0, "rotationZ": 3.0 },
						"Body5": { "rotationX": 0.0, "rotationY": 0.0, "rotationZ": 94.0 }
					}
				},
				{
					"frame": 60,
					"elements": {
						"Body": { "offsetX": 0.0, "offsetY": 0.0, "offsetZ": 0.0, "rotationX": -2.0, "rotationY": 1.0, "rotationZ": 2.0 },
						"neck": { "offsetX": 0.0, "offsetY": 0.0, "offsetZ": 0.0, "rotationX": 2.0, "rotationY": 0.0, "rotationZ": 9.0 },
						"head": { "offsetX": 0.0, "offsetY": 0.0, "offsetZ": 0.0, "rotationX": 0.0, "rotationY": 0.0, "rotationZ": -14.0 },
						"R front leg": { "offsetX": 0.0, "offsetY": -0.5, "offsetZ": 0.0, "rotationX": 2.0, "rotationY": -1.0, "rotationZ": -17.0 },
						"R front foot": { "offsetX": 0.0, "offsetY": 0.0, "offsetZ": 0.0, "rotationX": 0.0, "rotationY": 0.0, "rotationZ": -6.0 },
						"L front leg": { "offsetX": 0.0, "offsetY": -0.5, "offsetZ": 0.0, "rotationX": 0.0, "rotationY": 0.0, "rotationZ": 14.0 },
						"L front foot": { "offsetX": 0.0, "offsetY": 0.0, "offsetZ": 0.0, "rotationX": 0.0, "rotationY": 0.0, "rotationZ": 0.0 },
						"Body4": { "rotationX": 0.0, "rotationY": 0.0, "rotationZ": 108.0 }
					}
				},
				{
					"frame": 70,
					"elements": {
						"Body": { "offsetX": 0.0, "offsetY": 0.0, "offsetZ": 0.0, "rotationX": 0.0, "rotationY": 0.0, "rotationZ": 0.0 },
						"neck": { "offsetX": 0.0, "offsetY": 0.0, "offsetZ": 0.0, "rotationX": 2.0, "rotationY": 0.0, "rotationZ": 6.0 },
						"head": { "offsetX": 0.0, "offsetY": 0.0, "offsetZ": 0.0, "rotationX": 0.0, "rotationY": 0.0, "rotationZ": -8.0 },
						"R front leg": { "offsetX": -1.0, "offsetY": 0.0, "offsetZ": 0.0, "rotationX": 0.0, "rotationY": 0.0, "rotationZ": -6.0 },
						"R front foot": { "offsetX": 0.0, "offsetY": 0.0, "offsetZ": 0.0, "rotationX": 0.0, "rotationY": 0.0, "rotationZ": -6.0 },
						"L front leg": { "offsetX": 0.0, "offsetY": 0.0, "offsetZ": 0.0, "rotationX": 0.0, "rotationY": 0.0, "rotationZ": -8.0 },
						"L front foot": { "offsetX": 0.0, "offsetY": 0.0, "offsetZ": 0.0, "rotationX": 0.0, "rotationY": 0.0, "rotationZ": 30.0 },
						"Body7": { "rotationX": 0.0, "rotationY": 0.0, "rotationZ": -66.5 },
						"Body3": { "rotationX": 0.0, "rotationY": 0.0, "rotationZ": -22.0 },
						"Body4": { "rotationX": 0.0, "rotationY": 0.0, "rotationZ": 64.0 },
						"Body5": { "rotationX": 0.0, "rotationY": 0.0, "rotationZ": 19.0 },
						"Body6": { "rotationX": 0.0, "rotationY": 0.0, "rotationZ": 47.0 }
					}
				}
			]
		},

		{
			"name": "Run",
			"code": "Run",
			"quantityframes": 35,
			"onActivityStopped": "EaseOut",
			"onAnimationEnd": "Repeat",
			"keyframes": [
				{
					"frame": 0,
					"elements": {
						"Body": { "offsetX": 0.0, "offsetY": 0.0, "offsetZ": 0.0, "rotationX": -2.0, "rotationY": -1.0, "rotationZ": -2.0 },
						"neck": { "offsetX": 0.0, "offsetY": 0.0, "offsetZ": 0.0, "rotationX": 2.0, "rotationY": 0.0, "rotationZ": 3.0 },
						"head": { "offsetX": 0.0, "offsetY": 0.0, "offsetZ": 0.0, "rotationX": 0.0, "rotationY": 0.0, "rotationZ": -3.0 },
						"R front leg": { "offsetX": 0.0, "offsetY": 0.0, "offsetZ": 0.0, "rotationX": 2.0, "rotationY": 0.0, "rotationZ": 8.0 },
						"R front foot": { "offsetX": 0.0, "offsetY": 0.0, "offsetZ": 0.0, "rotationX": 0.0, "rotationY": 0.0, "rotationZ": 0.0 },
						"L front leg": { "offsetX": -0.5, "offsetY": -0.5, "offsetZ": 0.0, "rotationX": 0.0, "rotationY": 1.0, "rotationZ": -33.0 },
						"L front foot": { "offsetX": 0.0, "offsetY": 0.0, "offsetZ": 0.0, "rotationX": 0.0, "rotationY": 0.0, "rotationZ": 39.0 },
						"Body7": { "rotationX": 0.0, "rotationY": 0.0, "rotationZ": -72.0 },
						"Body3": { "rotationX": 0.0, "rotationY": 0.0, "rotationZ": -14.0 },
						"Body4": { "rotationX": 0.0, "rotationY": 0.0, "rotationZ": 66.0 },
						"Body5": { "rotationX": 0.0, "rotationY": 0.0, "rotationZ": 19.0 },
						"Body6": { "rotationX": 0.0, "rotationY": 0.0, "rotationZ": 39.0 }
					}
				},
				{
					"frame": 10,
					"elements": {
						"Body": { "offsetX": 0.0, "offsetY": 0.0, "offsetZ": 0.0, "rotationX": 2.0, "rotationY": 1.0, "rotationZ": -2.0 },
						"neck": { "offsetX": 0.0, "offsetY": 0.0, "offsetZ": 0.0, "rotationX": -2.0, "rotationY": 0.0, "rotationZ": 3.0 },
						"head": { "offsetX": 0.0, "offsetY": 0.0, "offsetZ": 0.0, "rotationX": 0.0, "rotationY": 0.0, "rotationZ": -3.0 },
						"R front leg": { "offsetX": -0.5, "offsetY": -0.5, "offsetZ": 0.0, "rotationX": 0.0, "rotationY": -1.0, "rotationZ": -33.0 },
						"R front foot": { "offsetX": 0.0, "offsetY": 0.0, "offsetZ": 0.0, "rotationX": 0.0, "rotationY": 0.0, "rotationZ": 39.0 },
						"L front leg": { "offsetX": -1.0, "offsetY": 0.0, "offsetZ": 0.0, "rotationX": -2.0, "rotationY": 0.0, "rotationZ": 8.0 },
						"L front foot": { "offsetX": 0.0, "offsetY": 0.0, "offsetZ": 0.0, "rotationX": 0.0, "rotationY": 0.0, "rotationZ": 0.0 },
						"Body7": { "rotationX": 0.0, "rotationY": 0.0, "rotationZ": -35.562 },
						"Body3": { "rotationX": 0.0, "rotationY": 0.0, "rotationZ": -39.0 },
						"Body4": { "rotationX": 0.0, "rotationY": 0.0, "rotationZ": -25.0 },
						"Body5": { "rotationX": 0.0, "rotationY": 0.0, "rotationZ": 102.0 },
						"Body6": { "rotationX": 0.0, "rotationY": 0.0, "rotationZ": 66.0 }
					}
				},
				{
					"frame": 20,
					"elements": {
						"Body": { "offsetX": 0.0, "offsetY": 0.0, "offsetZ": 0.0, "rotationX": -1.378, "rotationY": 1.0, "rotationZ": 1.378 },
						"neck": { "offsetX": 0.0, "offsetY": 0.0, "offsetZ": 0.0, "rotationX": 1.378, "rotationY": 0.0, "rotationZ": 8.067 },
						"head": { "offsetX": 0.0, "offsetY": 0.0, "offsetZ": 0.0, "rotationX": 0.0, "rotationY": 0.0, "rotationZ": -12.289 },
						"R front leg": { "offsetX": -0.07777777777777778, "offsetY": -0.5, "offsetZ": 0.0, "rotationX": 1.689, "rotationY": -1.0, "rotationZ": -19.489 },
						"R front foot": { "offsetX": 0.0, "offsetY": 0.0, "offsetZ": 0.0, "rotationX": 0.0, "rotationY": 0.0, "rotationZ": 1.0 },
						"L front leg": { "offsetX": -0.15555555555555556, "offsetY": -0.4222222222222222, "offsetZ": 0.0, "rotationX": -0.311, "rotationY": 0.0, "rotationZ": 13.067 },
						"L front foot": { "offsetX": 0.0, "offsetY": 0.0, "offsetZ": 0.0, "rotationX": 0.0, "rotationY": 0.0, "rotationZ": 0.0 },
						"Body7": { "rotationX": 0.0, "rotationY": 0.0, "rotationZ": -56.937 },
						"Body3": { "rotationX": 0.0, "rotationY": 0.0, "rotationZ": 3.0 },
						"Body4": { "rotationX": 0.0, "rotationY": 0.0, "rotationZ": 87.311 },
						"Body5": { "rotationX": 0.0, "rotationY": 0.0, "rotationZ": 94.0 },
						"Body6": { "rotationX": 0.0, "rotationY": 0.0, "rotationZ": 52.873 }
					}
				},
				{
					"frame": 30,
					"elements": {
						"Body": { "offsetX": 0.0, "offsetY": 0.0, "offsetZ": 0.0, "rotationX": 0.0, "rotationY": 0.0, "rotationZ": 0.0 },
						"neck": { "offsetX": 0.0, "offsetY": 0.0, "offsetZ": 0.0, "rotationX": 2.0, "rotationY": 0.0, "rotationZ": 6.0 },
						"head": { "offsetX": 0.0, "offsetY": 0.0, "offsetZ": 0.0, "rotationX": 0.0, "rotationY": 0.0, "rotationZ": -8.0 },
						"R front leg": { "offsetX": -1.0, "offsetY": 0.0, "offsetZ": 0.0, "rotationX": 0.0, "rotationY": 0.0, "rotationZ": -6.0 },
						"R front foot": { "offsetX": 0.0, "offsetY": 0.0, "offsetZ": 0.0, "rotationX": 0.0, "rotationY": 0.0, "rotationZ": -6.0 },
						"L front leg": { "offsetX": 0.0, "offsetY": 0.0, "offsetZ": 0.0, "rotationX": 0.0, "rotationY": 0.0, "rotationZ": -8.0 },
						"L front foot": { "offsetX": 0.0, "offsetY": 0.0, "offsetZ": 0.0, "rotationX": 0.0, "rotationY": 0.0, "rotationZ": 30.0 },
						"Body7": { "rotationX": 0.0, "rotationY": 0.0, "rotationZ": -66.5 },
						"Body3": { "rotationX": 0.0, "rotationY": 0.0, "rotationZ": -22.0 },
						"Body4": { "rotationX": 0.0, "rotationY": 0.0, "rotationZ": 64.0 },
						"Body5": { "rotationX": 0.0, "rotationY": 0.0, "rotationZ": 19.0 },
						"Body6": { "rotationX": 0.0, "rotationY": 0.0, "rotationZ": 47.0 }
					}
				}
			]
		},

		{
			"name": "Look",
			"code": "look",
			"quantityframes": 160,
			"onActivityStopped": "EaseOut",
			"onAnimationEnd": "Stop",
			"keyframes": [
				{
					"frame": 0,
					"elements": {
						"Body": { "offsetX": 0.0, "offsetY": 0.0, "offsetZ": 0.0, "rotationX": 0.0, "rotationY": 0.0, "rotationZ": 0.0 },
						"neck": { "offsetX": 0.0, "offsetY": 0.0, "offsetZ": 0.0, "rotationX": 0.0, "rotationY": 0.0, "rotationZ": 0.0 },
						"head": { "offsetX": 0.0, "offsetY": 0.0, "offsetZ": 0.0, "rotationX": 0.0, "rotationY": 0.0, "rotationZ": 0.0 },
						"R front leg": { "offsetX": 0.0, "offsetY": 0.0, "offsetZ": 0.0, "rotationX": 0.0, "rotationY": 0.0, "rotationZ": 0.0 },
						"R front foot": { "offsetX": 0.0, "offsetY": 0.0, "offsetZ": 0.0, "rotationX": 0.0, "rotationY": 0.0, "rotationZ": 0.0 },
						"L front leg": { "offsetX": 0.0, "offsetY": 0.0, "offsetZ": 0.0, "rotationX": 0.0, "rotationY": 0.0, "rotationZ": 0.0 },
						"L front foot": { "offsetX": 0.0, "offsetY": 0.0, "offsetZ": 0.0, "rotationX": 0.0, "rotationY": 0.0, "rotationZ": 0.0 }
					}
				},
				{
					"frame": 25,
					"elements": {
						"Body": { "offsetX": 0.0, "offsetY": 0.0, "offsetZ": 0.0, "rotationX": -2.0, "rotationY": 2.0, "rotationZ": -1.0 },
						"neck": { "offsetX": 0.0, "offsetY": 0.0, "offsetZ": 0.0, "rotationX": 3.0, "rotationY": 19.0, "rotationZ": -2.0 },
						"head": { "offsetX": 0.0, "offsetY": 0.0, "offsetZ": 0.0, "rotationX": -14.0, "rotationY": 2.0, "rotationZ": 0.0 },
						"R front leg": { "offsetX": 0.0, "offsetY": 0.0, "offsetZ": 0.0, "rotationX": 2.0, "rotationY": 0.0, "rotationZ": 1.0 },
						"R front foot": { "offsetX": 0.0, "offsetY": 0.0, "offsetZ": 0.0, "rotationX": 0.0, "rotationY": 0.0, "rotationZ": 0.0 },
						"L front leg": { "offsetX": 0.0, "offsetY": 0.0, "offsetZ": 0.0, "rotationX": 2.0, "rotationY": 0.0, "rotationZ": 1.0 },
						"L front foot": { "offsetX": 0.0, "offsetY": 0.0, "offsetZ": 0.0, "rotationX": 0.0, "rotationY": 0.0, "rotationZ": 0.0 }
					}
				},
				{
					"frame": 70,
					"elements": {
						"Body": { "offsetX": 0.0, "offsetY": 0.0, "offsetZ": 0.0, "rotationX": -2.0, "rotationY": 2.0, "rotationZ": 0.0 },
						"neck": { "offsetX": 0.0, "offsetY": 0.0, "offsetZ": 0.0, "rotationX": 3.0, "rotationY": 19.0, "rotationZ": -2.0 },
						"head": { "offsetX": 0.0, "offsetY": 0.0, "offsetZ": 0.0, "rotationX": -14.0, "rotationY": 2.0, "rotationZ": 0.0 },
						"R front leg": { "offsetX": 0.0, "offsetY": 0.0, "offsetZ": 0.0, "rotationX": 2.0, "rotationY": 0.0, "rotationZ": 0.0 },
						"R front foot": { "offsetX": 0.0, "offsetY": 0.0, "offsetZ": 0.0, "rotationX": 0.0, "rotationY": 0.0, "rotationZ": 0.0 },
						"L front leg": { "offsetX": 0.0, "offsetY": 0.0, "offsetZ": 0.0, "rotationX": 2.0, "rotationY": 0.0, "rotationZ": 0.0 },
						"L front foot": { "offsetX": 0.0, "offsetY": 0.0, "offsetZ": 0.0, "rotationX": 0.0, "rotationY": 0.0, "rotationZ": 0.0 }
					}
				},
				{
					"frame": 90,
					"elements": {
						"Body": { "offsetX": 0.0, "offsetY": 0.0, "offsetZ": 0.0, "rotationX": -3.0, "rotationY": 3.0, "rotationZ": -1.0 },
						"neck": { "offsetX": 0.0, "offsetY": 0.0, "offsetZ": 0.0, "rotationX": 2.0, "rotationY": 20.0, "rotationZ": -3.0 },
						"head": { "offsetX": 0.0, "offsetY": 0.0, "offsetZ": 0.0, "rotationX": -22.0, "rotationY": -2.0, "rotationZ": 0.0 },
						"R front leg": { "offsetX": 0.0, "offsetY": 0.0, "offsetZ": 0.0, "rotationX": 3.0, "rotationY": 0.0, "rotationZ": 1.0 },
						"R front foot": { "offsetX": 0.0, "offsetY": 0.0, "offsetZ": 0.0, "rotationX": 0.0, "rotationY": 0.0, "rotationZ": 0.0 },
						"L front leg": { "offsetX": 0.0, "offsetY": 0.0, "offsetZ": 0.0, "rotationX": 3.0, "rotationY": 0.0, "rotationZ": 1.0 },
						"L front foot": { "offsetX": 0.0, "offsetY": 0.0, "offsetZ": 0.0, "rotationX": 0.0, "rotationY": 0.0, "rotationZ": 0.0 }
					}
				},
				{
					"frame": 135,
					"elements": {
						"Body": { "offsetX": 0.0, "offsetY": 0.0, "offsetZ": 0.0, "rotationX": -3.0, "rotationY": 3.0, "rotationZ": 0.0 },
						"neck": { "offsetX": 0.0, "offsetY": 0.0, "offsetZ": 0.0, "rotationX": 2.0, "rotationY": 20.0, "rotationZ": -3.0 },
						"head": { "offsetX": 0.0, "offsetY": 0.0, "offsetZ": 0.0, "rotationX": -22.0, "rotationY": -2.0, "rotationZ": 0.0 },
						"R front leg": { "offsetX": 0.0, "offsetY": 0.0, "offsetZ": 0.0, "rotationX": 3.0, "rotationY": 0.0, "rotationZ": 0.0 },
						"R front foot": { "offsetX": 0.0, "offsetY": 0.0, "offsetZ": 0.0, "rotationX": 0.0, "rotationY": 0.0, "rotationZ": 0.0 },
						"L front leg": { "offsetX": 0.0, "offsetY": 0.0, "offsetZ": 0.0, "rotationX": 3.0, "rotationY": 0.0, "rotationZ": 0.0 },
						"L front foot": { "offsetX": 0.0, "offsetY": 0.0, "offsetZ": 0.0, "rotationX": 0.0, "rotationY": 0.0, "rotationZ": 0.0 }
					}
				}
			]
		},

		{
			"name": "Idle",
			"code": "idle",
			"quantityframes": 80,
			"onActivityStopped": "EaseOut",
			"onAnimationEnd": "Repeat",
			"keyframes": [
				{
					"frame": 0,
					"elements": {
						"Body": { "offsetX": 0.0, "offsetY": 0.0, "offsetZ": 0.0, "rotationX": 0.0, "rotationY": 0.0, "rotationZ": 0.0 },
						"neck": { "offsetX": 0.0, "offsetY": 0.0, "offsetZ": 0.0, "rotationX": 0.0, "rotationY": 0.0, "rotationZ": 0.0 },
						"head": { "offsetX": 0.0, "offsetY": 0.0, "offsetZ": 0.0, "rotationX": 0.0, "rotationY": 0.0, "rotationZ": 0.0 },
						"R front leg": { "offsetX": 0.0, "offsetY": 0.0, "offsetZ": 0.0, "rotationX": 0.0, "rotationY": 0.0, "rotationZ": 1.0 },
						"R front foot": { "offsetX": 0.0, "offsetY": 0.0, "offsetZ": 0.0, "rotationX": 0.0, "rotationY": 0.0, "rotationZ": -1.0 },
						"L front leg": { "offsetX": 0.0, "offsetY": 0.0, "offsetZ": 0.0, "rotationX": 0.0, "rotationY": 0.0, "rotationZ": 1.0 },
						"L front foot": { "offsetX": 0.0, "offsetY": 0.0, "offsetZ": 0.0, "rotationX": 0.0, "rotationY": 0.0, "rotationZ": -1.0 }
					}
				},
				{
					"frame": 40,
					"elements": {
						"Body": { "offsetX": 0.0, "offsetY": 0.0, "offsetZ": 0.0, "rotationX": 0.0, "rotationY": 0.0, "rotationZ": -1.0 },
						"neck": { "offsetX": 0.0, "offsetY": 0.0, "offsetZ": 0.0, "rotationX": 0.0, "rotationY": 0.0, "rotationZ": -1.0 },
						"head": { "offsetX": 0.0, "offsetY": 0.0, "offsetZ": 0.0, "rotationX": 0.0, "rotationY": 0.0, "rotationZ": 3.0 },
						"R front leg": { "offsetX": 0.0, "offsetY": 0.0, "offsetZ": 0.0, "rotationX": 0.0, "rotationY": 0.0, "rotationZ": 2.0 },
						"R front foot": { "offsetX": 0.0, "offsetY": 0.0, "offsetZ": 0.0, "rotationX": 0.0, "rotationY": 0.0, "rotationZ": 0.0 },
						"L front leg": { "offsetX": 0.0, "offsetY": 0.0, "offsetZ": 0.0, "rotationX": 0.0, "rotationY": 0.0, "rotationZ": 2.0 },
						"L front foot": { "offsetX": 0.0, "offsetY": 0.0, "offsetZ": 0.0, "rotationX": 0.0, "rotationY": 0.0, "rotationZ": 0.0 }
					}
				}
			]
		},

		{
			"name": "Hurt",
			"code": "hurt",
			"quantityframes": 30,
			"onActivityStopped": "PlayTillEnd",
			"onAnimationEnd": "Stop",
			"keyframes": [
				{
					"frame": 0,
					"elements": {
						"Body": { "offsetX": 0.0, "offsetY": 0.0, "offsetZ": 0.0, "rotationX": 0.0, "rotationY": 0.0, "rotationZ": 0.0 },
						"neck": { "offsetX": 0.0, "offsetY": 0.0, "offsetZ": 0.0, "rotationX": 0.0, "rotationY": 0.0, "rotationZ": 0.0 },
						"head": { "offsetX": 0.0, "offsetY": 0.0, "offsetZ": 0.0, "rotationX": 0.0, "rotationY": 0.0, "rotationZ": 0.0 },
						"mouth down": { "rotationX": 0.0, "rotationY": 0.0, "rotationZ": 0.0 },
						"R front leg": { "offsetX": 0.0, "offsetY": 0.0, "offsetZ": 0.0, "rotationX": 0.0, "rotationY": 0.0, "rotationZ": 0.0 },
						"R front foot": { "offsetX": 0.0, "offsetY": 0.0, "offsetZ": 0.0, "rotationX": 0.0, "rotationY": 0.0, "rotationZ": 0.0 },
						"L front leg": { "offsetX": 0.0, "offsetY": 0.0, "offsetZ": 0.0, "rotationX": 0.0, "rotationY": 0.0, "rotationZ": 0.0 },
						"L front foot": { "offsetX": 0.0, "offsetY": 0.0, "offsetZ": 0.0, "rotationX": 0.0, "rotationY": 0.0, "rotationZ": 0.0 },
						"Body8": { "rotationX": 0.0, "rotationY": 0.0, "rotationZ": 0.0 }
					}
				},
				{
					"frame": 6,
					"elements": {
						"Body": { "offsetX": 0.0, "offsetY": 0.0, "offsetZ": 0.0, "rotationX": 1.0, "rotationY": -5.0, "rotationZ": -10.0 },
						"neck": { "offsetX": 0.0, "offsetY": 0.0, "offsetZ": 0.0, "rotationX": -2.0, "rotationY": 2.0, "rotationZ": -5.0 },
						"head": { "offsetX": 0.0, "offsetY": 0.0, "offsetZ": 0.0, "rotationX": 0.0, "rotationY": 0.0, "rotationZ": 15.0 },
						"mouth down": { "rotationX": 0.0, "rotationY": 0.0, "rotationZ": 0.0 },
						"R front leg": { "offsetX": 0.0, "offsetY": -1.0, "offsetZ": 0.0, "rotationX": -3.0, "rotationY": 0.0, "rotationZ": 5.0 },
						"R front foot": { "offsetX": 0.0, "offsetY": 0.0, "offsetZ": 0.0, "rotationX": 0.0, "rotationY": 0.0, "rotationZ": 5.0 },
						"L front leg": { "offsetX": 0.0, "offsetY": 0.0, "offsetZ": 0.0, "rotationX": 0.0, "rotationY": 0.0, "rotationZ": -5.0 },
						"L front foot": { "offsetX": 0.0, "offsetY": 0.0, "offsetZ": 0.0, "rotationX": 0.0, "rotationY": 0.0, "rotationZ": 25.0 },
						"Body8": { "rotationX": 0.0, "rotationY": 0.0, "rotationZ": 14.0 }
					}
				}
			]
		},

		{
			"name": "Attack",
			"code": "attack",
			"quantityframes": 45,
			"onActivityStopped": "PlayTillEnd",
			"onAnimationEnd": "Stop",
			"keyframes": [
				{
					"frame": 0,
					"elements": {
						"Body7": { "rotationX": 0.0, "rotationY": 0.0, "rotationZ": 0.0 },
						"Body3": { "rotationX": 0.0, "rotationY": 0.0, "rotationZ": 0.0 },
						"Body4": { "rotationX": 0.0, "rotationY": 0.0, "rotationZ": 0.0 },
						"Body5": { "rotationX": 0.0, "rotationY": 0.0, "rotationZ": 0.0 },
						"Body6": { "rotationX": 0.0, "rotationY": 0.0, "rotationZ": 0.0 },
						"neck": { "rotationX": 0.0, "rotationY": 0.0, "rotationZ": 0.0 },
						"L front leg": { "rotationX": 0.0, "rotationY": 0.0, "rotationZ": 0.0 },
						"R front leg": { "rotationX": 0.0, "rotationY": 0.0, "rotationZ": 0.0 }
					}
				},
				{
					"frame": 10,
					"elements": {
						"Body": { "offsetX": 0.0, "offsetY": -0.3, "offsetZ": 0.0 },
						"Body7": { "rotationX": 0.0, "rotationY": 0.0, "rotationZ": 25.0 },
						"Body3": { "rotationX": 0.0, "rotationY": 0.0, "rotationZ": 0.0 },
						"Body4": { "rotationX": 0.0, "rotationY": 0.0, "rotationZ": 105.0 },
						"Body5": { "rotationX": 0.0, "rotationY": 0.0, "rotationZ": 75.0 },
						"Body6": { "rotationX": 0.0, "rotationY": 0.0, "rotationZ": 39.0 },
						"neck": { "rotationX": 0.0, "rotationY": 8.0, "rotationZ": 39.0 },
						"L front leg": { "rotationX": 0.0, "rotationY": 19.0, "rotationZ": 0.0 },
						"L front foot": { "rotationX": 0.0, "rotationY": 11.0, "rotationZ": 0.0 },
						"R front leg": { "rotationX": 0.0, "rotationY": -14.0, "rotationZ": 0.0 }
					}
				},
				{
					"frame": 20,
					"elements": {
						"Body": { "offsetX": 0.7, "offsetY": 1.3, "offsetZ": 0.0 },
						"Body7": { "rotationX": 0.0, "rotationY": 0.0, "rotationZ": -53.0 },
						"Body3": { "rotationX": 0.0, "rotationY": 0.0, "rotationZ": -17.0 },
						"Body4": { "rotationX": 0.0, "rotationY": 0.0, "rotationZ": 72.0 },
						"Body5": { "rotationX": 0.0, "rotationY": 0.0, "rotationZ": 47.0 },
						"Body6": { "rotationX": 0.0, "rotationY": 0.0, "rotationZ": 36.0 },
						"neck": { "rotationX": 0.0, "rotationY": 0.0, "rotationZ": 0.0 },
						"L front leg": { "rotationX": 0.0, "rotationY": 0.0, "rotationZ": 0.0 },
						"R front leg": { "rotationX": 0.0, "rotationY": 0.0, "rotationZ": 0.0 }
					}
				}
			]
		},

		{
			"name": "Death",
			"code": "death",
			"quantityframes": 50,
			"onActivityStopped": "PlayTillEnd",
			"onAnimationEnd": "Hold",
			"keyframes": [
				{
					"frame": 0,
					"elements": {
						"Body": { "rotationX": 0.0, "rotationY": 0.0, "rotationZ": 0.0 },
						"Body8": { "rotationX": 0.0, "rotationY": 0.0, "rotationZ": 0.0 },
						"Body7": { "rotationX": 0.0, "rotationY": 0.0, "rotationZ": 0.0 },
						"Body3": { "rotationX": 0.0, "rotationY": 0.0, "rotationZ": 0.0 },
						"Body4": { "rotationX": 0.0, "rotationY": 0.0, "rotationZ": 0.0 },
						"Body5": { "rotationX": 0.0, "rotationY": 0.0, "rotationZ": 0.0 },
						"Body6": { "rotationX": 0.0, "rotationY": 0.0, "rotationZ": 0.0 },
						"neck": { "rotationX": 0.0, "rotationY": 0.0, "rotationZ": 22.0 }
					}
				},
				{
					"frame": 10,
					"elements": {
						"Body": { "rotationX": 0.0, "rotationY": 0.0, "rotationZ": 19.0 },
						"Body8": { "rotationX": 0.0, "rotationY": 0.0, "rotationZ": -22.0 },
						"Body7": { "rotationX": 0.0, "rotationY": 0.0, "rotationZ": 17.0 },
						"Body3": { "rotationX": 0.0, "rotationY": 0.0, "rotationZ": 17.0 },
						"Body4": { "rotationX": 0.0, "rotationY": 0.0, "rotationZ": 47.0 },
						"Body5": { "rotationX": 0.0, "rotationY": 0.0, "rotationZ": 42.0 },
						"Body6": { "rotationX": 0.0, "rotationY": 0.0, "rotationZ": 36.0 },
						"neck": { "rotationX": 0.0, "rotationY": 0.0, "rotationZ": -14.0 }
					}
				},
				{
					"frame": 25,
					"elements": {
						"Body": { "rotationX": 0.0, "rotationY": 0.0, "rotationZ": 11.0 },
						"Body8": { "rotationX": 0.0, "rotationY": 0.0, "rotationZ": -11.0 },
						"Body7": { "rotationX": 0.0, "rotationY": 0.0, "rotationZ": 3.0 },
						"Body3": { "rotationX": 0.0, "rotationY": 0.0, "rotationZ": 12.143 },
						"Body4": { "rotationX": 0.0, "rotationY": 0.0, "rotationZ": -25.0 },
						"Body5": { "rotationX": 0.0, "rotationY": 0.0, "rotationZ": -44.0 },
						"Body6": { "rotationX": 0.0, "rotationY": 0.0, "rotationZ": -22.0 }
					}
				},
				{
					"frame": 29,
					"elements": {
						"Body7": { "rotationX": 0.0, "rotationY": 0.0, "rotationZ": -3.0 },
						"Body3": { "rotationX": 0.0, "rotationY": 0.0, "rotationZ": 12.143 },
						"Body4": { "rotationX": 0.0, "rotationY": 0.0, "rotationZ": -25.0 },
						"Body5": { "rotationX": 0.0, "rotationY": 0.0, "rotationZ": -44.0 },
						"Body6": { "rotationX": 0.0, "rotationY": 0.0, "rotationZ": -22.0 }
					}
				},
				{
					"frame": 40,
					"elements": {
						"Body": { "rotationX": 0.0, "rotationY": 0.0, "rotationZ": 19.0 },
						"neck": { "rotationX": 17.0, "rotationY": 6.0, "rotationZ": 55.0 },
						"R front leg": { "rotationX": 0.0, "rotationY": 0.0, "rotationZ": 50.0 },
						"L front leg": { "rotationX": -6.0, "rotationY": 0.0, "rotationZ": 42.0 },
						"Body8": { "rotationX": 0.0, "rotationY": 0.0, "rotationZ": -22.0 },
						"Body7": { "rotationX": 0.0, "rotationY": 0.0, "rotationZ": -55.0 },
						"Body3": { "rotationX": 0.0, "rotationY": 0.0, "rotationZ": 12.143 },
						"Body4": { "rotationX": 0.0, "rotationY": 0.0, "rotationZ": -25.0 },
						"Body5": { "rotationX": 0.0, "rotationY": 0.0, "rotationZ": -44.0 },
						"Body6": { "rotationX": 0.0, "rotationY": 0.0, "rotationZ": -22.0 }
					}
				},
				{
					"frame": 49,
					"elements": {
						"Body": { "rotationX": 0.0, "rotationY": 0.0, "rotationZ": 19.0 },
						"neck": { "rotationX": 17.0, "rotationY": 6.0, "rotationZ": 55.0 },
						"R front leg": { "rotationX": 0.0, "rotationY": 0.0, "rotationZ": 50.0 },
						"L front leg": { "rotationX": -6.0, "rotationY": 0.0, "rotationZ": 42.0 },
						"Body8": { "rotationX": 0.0, "rotationY": 0.0, "rotationZ": -22.0 },
						"Body7": { "rotationX": 0.0, "rotationY": 0.0, "rotationZ": -55.0 },
						"Body3": { "rotationX": 0.0, "rotationY": 0.0, "rotationZ": 12.143 },
						"Body4": { "rotationX": 0.0, "rotationY": 0.0, "rotationZ": -25.0 },
						"Body5": { "rotationX": 0.0, "rotationY": 0.0, "rotationZ": -44.0 },
						"Body6": { "rotationX": 0.0, "rotationY": 0.0, "rotationZ": -22.0 }
					}
				}
			]
		}
	]
}