{
	"editor": {
		"collapsedPaths": "Root/overhumerus,Root/Body/Abdomen/Lowerbody/right back leg/right leg back end,Root/pelvis,Root/overfemur3,Root/Body/neck,Root/Body/Abdomen/Lowerbody/right back leg,Root/rib1,Root/Thorax,Root/Abdomen/spine,Root/overhumerus1,Root/abdomen,Root/femur,Root/Body/Abdomen/spine/rib1,Root/Body/Left Arm,Root/Body/Right arm",
		"allAngles": true,
		"entityTextureMode": false
	},
	"textureWidth": 16,
	"textureHeight": 16,
	"textureSizes": {
		"1": [16,16],
		"2": [16,16]
	},
	"textures": {
	},
	"elements": [
		{
			"name": "Body",
			"from": [ -2.75, 8.7, 5.25 ],
			"to": [ 2.5, 14.2, 10.5 ],
			"rotationOrigin": [ 1.25, 10.45, 8.0 ],
			"rotationZ": 2.5,
			"faces": {
				"north": { "texture": "#1", "uv": [ 4.0, 0.0, 9.0, 5.5 ] },
				"east": { "texture": "#1", "uv": [ 9.5, 2.0, 14.5, 7.5 ] },
				"south": { "texture": "#1", "uv": [ 2.5, 0.0, 7.5, 5.5 ] },
				"west": { "texture": "#1", "uv": [ 1.0, 0.5, 6.0, 6.0 ] },
				"up": { "texture": "#1", "uv": [ 9.0, 0.5, 14.0, 5.5 ] },
				"down": { "texture": "#1", "uv": [ 0.5, 0.0, 5.5, 5.0 ] }
			},
			"children": [
				{
					"name": "neck",
					"from": [ -1.0, 3.75, 2.0 ],
					"to": [ 7.0, 4.75, 3.75 ],
					"rotationOrigin": [ 4.0, 1.75, 2.75 ],
					"faces": {
						"north": { "texture": "#2", "uv": [ 5.0, 8.5, 13.0, 9.5 ] },
						"east": { "texture": "#2", "uv": [ 5.0, 1.0, 7.0, 2.0 ] },
						"south": { "texture": "#2", "uv": [ 2.5, 9.0, 10.5, 10.0 ] },
						"west": { "texture": "#2", "uv": [ 10.5, 14.5, 12.0, 15.5 ] },
						"up": { "texture": "#2", "uv": [ 2.5, 0.5, 10.5, 2.0 ] },
						"down": { "texture": "#2", "uv": [ 1.0, 2.0, 9.0, 3.5 ] }
					},
					"children": [
						{
							"name": "head",
							"from": [ -3.4436, -3.7559, -2.35 ],
							"to": [ 1.5564, 1.2441, 3.85 ],
							"rotationOrigin": [ 0.5564, -1.7559, 0.65 ],
							"rotationZ": 17.5,
							"faces": {
								"north": { "texture": "#2", "uv": [ 3.5, 5.0, 8.5, 10.0 ] },
								"east": { "texture": "#2", "uv": [ 2.5, 5.0, 8.5, 10.0 ] },
								"south": { "texture": "#2", "uv": [ 1.5, 0.5, 6.5, 5.5 ] },
								"west": { "texture": "#2", "uv": [ 2.0, 3.0, 8.0, 8.0 ] },
								"up": { "texture": "#2", "uv": [ 1.0, 3.5, 6.0, 9.5 ] },
								"down": { "texture": "#2", "uv": [ 4.0, 1.5, 9.0, 7.5 ] }
							},
							"children": [
								{
									"name": "left ear",
									"from": [ 3.3722, 3.1107, 3.7 ],
									"to": [ 4.3722, 7.1107, 5.7 ],
									"rotationOrigin": [ 3.8722, 3.1107, 4.7 ],
									"rotationX": 42.222,
									"rotationY": -13.744,
									"rotationZ": -55.672,
									"faces": {
										"north": { "texture": "#1", "uv": [ 7.5, 3.0, 8.5, 7.0 ] },
										"east": { "texture": "#1", "uv": [ 6.5, 1.5, 8.5, 5.5 ] },
										"south": { "texture": "#1", "uv": [ 4.0, 6.0, 5.0, 10.0 ] },
										"west": { "texture": "#1", "uv": [ 11.5, 10.0, 13.5, 14.0 ] },
										"up": { "texture": "#1", "uv": [ 12.0, 6.5, 13.0, 8.5 ] },
										"down": { "texture": "#1", "uv": [ 7.5, 5.0, 8.5, 7.0 ] }
									}
								},
								{
									"name": "mouth up",
									"from": [ -3.7849, 2.12, 1.5 ],
									"to": [ 2.2151, 4.12, 4.5 ],
									"rotationOrigin": [ 1.2151, 3.12, 3.0 ],
									"rotationZ": 7.0,
									"faces": {
										"north": { "texture": "#2", "uv": [ 4.5, 6.5, 10.5, 8.5 ] },
										"east": { "texture": "#2", "uv": [ 6.0, 3.5, 9.0, 5.5 ] },
										"south": { "texture": "#2", "uv": [ 1.0, 5.5, 7.0, 7.5 ] },
										"west": { "texture": "#2", "uv": [ 11.0, 1.0, 14.0, 3.0 ], "rotation": 180 },
										"up": { "texture": "#2", "uv": [ 11.0, 2.0, 14.0, 8.0 ], "rotation": 270 },
										"down": { "texture": "#2", "uv": [ 0.0, 0.0, 2.0, 1.0 ], "autoUv": false }
									},
									"children": [
										{
											"name": "jaw",
											"from": [ 0.2231, -1.6855, 0.5 ],
											"to": [ 5.2231, -0.6855, 2.5 ],
											"rotationOrigin": [ 4.2231, -1.1855, 1.5 ],
											"rotationZ": 5.0,
											"faces": {
												"north": { "texture": "#2", "uv": [ 1.5, 8.0, 6.5, 9.0 ] },
												"east": { "texture": "#2", "uv": [ 10.0, 0.5, 12.0, 1.5 ] },
												"south": { "texture": "#2", "uv": [ 3.0, 4.5, 8.0, 5.4815 ] },
												"west": { "texture": "#2", "uv": [ 2.0, 5.5, 4.0, 6.5 ] },
												"up": { "texture": "#2", "uv": [ 0.0, 0.0, 2.5, 1.5 ] },
												"down": { "texture": "#2", "uv": [ 7.0, 7.0, 12.0, 9.0 ] }
											}
										}
									]
								},
								{
									"name": "right ear",
									"from": [ 3.3722, 3.1107, 0.0 ],
									"to": [ 4.3722, 7.1107, 2.0 ],
									"rotationOrigin": [ 3.8722, 3.1107, 1.0 ],
									"rotationX": -21.268,
									"rotationY": 7.521,
									"rotationZ": -59.586,
									"faces": {
										"north": { "texture": "#1", "uv": [ 0.0, 9.5, 1.0, 13.5 ] },
										"east": { "texture": "#1", "uv": [ 3.0, 0.5, 5.0, 4.5 ] },
										"south": { "texture": "#1", "uv": [ 7.5, 8.0, 8.5, 11.9259 ] },
										"west": { "texture": "#1", "uv": [ 5.0, 10.0, 7.0, 14.0 ] },
										"up": { "texture": "#1", "uv": [ 12.0, 6.5, 13.0, 8.5 ] },
										"down": { "texture": "#1", "uv": [ 3.0, 13.5, 4.0, 15.5 ] }
									}
								},
								{
									"name": "overhead",
									"from": [ -0.25, -0.25, -0.25 ],
									"to": [ 5.25, 5.25, 6.45 ],
									"rotationOrigin": [ 4.0, 2.0, 3.0 ],
									"faces": {
										"north": { "texture": "#1", "uv": [ 1.0, 0.0, 6.5, 5.5 ] },
										"east": { "texture": "#1", "uv": [ 0.0, 0.0, 6.5, 5.5 ] },
										"south": { "texture": "#1", "uv": [ 9.5, 3.0, 15.0, 8.5 ] },
										"west": { "texture": "#1", "uv": [ 3.5, 1.5, 10.0, 7.0 ] },
										"up": { "texture": "#1", "uv": [ 2.0, 0.5, 7.5, 7.0 ] },
										"down": { "texture": "#1", "uv": [ 1.0, 0.5, 6.5, 7.0 ] }
									}
								},
								{
									"name": "Cube8",
									"from": [ -0.1, 3.4, 0.5 ],
									"to": [ -0.1, 4.7, 1.8 ],
									"rotationOrigin": [ -0.1, 3.4, 0.5 ],
									"rotationX": 11.0,
									"faces": {
										"north": { "texture": "#white", "uv": [ 0.0, 0.0, 0.5, 1.0 ], "windMode": [-1,-1,-1,-1] },
										"east": { "texture": "#white", "uv": [ 0.0, 0.0, 1.0, 1.0 ], "glow": 255, "windMode": [-1,-1,-1,-1] },
										"south": { "texture": "#white", "uv": [ 0.0, 0.0, 0.5, 1.0 ], "windMode": [-1,-1,-1,-1] },
										"west": { "texture": "#white", "uv": [ 0.0, 0.0, 1.0, 1.0 ], "windMode": [-1,-1,-1,-1] },
										"up": { "texture": "#white", "uv": [ 0.0, 0.0, 0.5, 1.0 ], "windMode": [-1,-1,-1,-1] },
										"down": { "texture": "#white", "uv": [ 0.0, 0.0, 0.5, 1.0 ], "windMode": [-1,-1,-1,-1] }
									}
								},
								{
									"name": "Cube9",
									"from": [ -0.1, 3.2, 4.4 ],
									"to": [ -0.1, 4.5, 5.7 ],
									"rotationOrigin": [ -0.1, 3.2, 4.4 ],
									"rotationX": -11.0,
									"faces": {
										"north": { "texture": "#white", "uv": [ 0.0, 0.0, 0.5, 1.0 ] },
										"east": { "texture": "#white", "uv": [ 0.0, 0.0, 1.0, 1.0 ], "glow": 255, "windMode": [-1,-1,-1,-1] },
										"south": { "texture": "#white", "uv": [ 0.0, 0.0, 0.5, 1.0 ], "windMode": [-1,-1,-1,-1] },
										"west": { "texture": "#white", "uv": [ 0.0, 0.0, 1.0, 1.0 ], "windMode": [-1,-1,-1,-1] },
										"up": { "texture": "#white", "uv": [ 0.0, 0.0, 0.5, 1.0 ], "windMode": [-1,-1,-1,-1] },
										"down": { "texture": "#white", "uv": [ 0.0, 0.0, 0.5, 1.0 ], "windMode": [-1,-1,-1,-1] }
									}
								}
							]
						}
					]
				},
				{
					"name": "Right arm",
					"from": [ 4.9, -3.197, -1.2 ],
					"to": [ 7.2, 3.003, 0.7 ],
					"rotationOrigin": [ 5.9977, 3.5, 0.5 ],
					"rotationZ": 7.5,
					"faces": {
						"north": { "texture": "#1", "uv": [ 11.5, 2.0, 13.5, 8.0 ] },
						"east": { "texture": "#1", "uv": [ 10.0, 4.0, 11.5, 10.0 ] },
						"south": { "texture": "#1", "uv": [ 1.0, 7.5, 3.0, 13.5 ] },
						"west": { "texture": "#1", "uv": [ 6.5, 6.0, 8.0, 12.0 ] },
						"up": { "texture": "#1", "uv": [ 6.0, 5.0, 8.0, 6.5 ] },
						"down": { "texture": "#1", "uv": [ 13.5, 3.0, 15.5, 4.5 ] }
					},
					"children": [
						{
							"name": "humerus",
							"from": [ 0.1, 0.1, 0.2 ],
							"to": [ 2.1, 6.1, 1.7 ],
							"rotationOrigin": [ 1.1, 6.7, 1.7 ],
							"faces": {
								"north": { "texture": "#2", "uv": [ 6.5, 6.0, 8.5, 12.0 ] },
								"east": { "texture": "#2", "uv": [ 13.0, 4.5, 14.5, 10.5 ] },
								"south": { "texture": "#2", "uv": [ 7.5, 6.0, 9.5, 12.0 ] },
								"west": { "texture": "#2", "uv": [ 9.0, 11.5, 15.0, 13.0 ] },
								"up": { "texture": "#2", "uv": [ 0.5, 12.0, 2.5, 13.5 ] },
								"down": { "texture": "#2", "uv": [ 1.5, 8.5, 3.5, 10.0 ] }
							}
						},
						{
							"name": "overradio",
							"from": [ -0.11, -6.5599, 0.07 ],
							"to": [ 2.09, 0.7401, 1.735 ],
							"rotationOrigin": [ 1.1911, 0.24, 1.635 ],
							"rotationZ": -17.5,
							"faces": {
								"north": { "texture": "#1", "uv": [ 13.5, 6.5, 15.5, 13.5 ] },
								"east": { "texture": "#1", "uv": [ 3.5, 4.5, 5.0, 11.5 ] },
								"south": { "texture": "#1", "uv": [ 10.5, 8.0, 12.5, 15.0 ] },
								"west": { "texture": "#1", "uv": [ 4.0, 2.5, 5.5, 9.5 ] },
								"up": { "texture": "#1", "uv": [ 2.0, 10.0, 4.0, 11.5 ] },
								"down": { "texture": "#1", "uv": [ 0.0, 1.5, 2.0, 3.0 ] }
							},
							"children": [
								{
									"name": "cubito",
									"from": [ 1.5067, 0.6111, 0.53 ],
									"to": [ 2.0067, 7.6111, 1.28 ],
									"rotationOrigin": [ 2.5067, 5.2111, 2.03 ],
									"faces": {
										"north": { "texture": "#2", "uv": [ 1.5, 6.5, 2.0, 13.5 ] },
										"east": { "texture": "#2", "uv": [ 4.5, 3.0, 5.0, 10.0 ] },
										"south": { "texture": "#2", "uv": [ 2.0, 1.0, 2.5, 8.0 ] },
										"west": { "texture": "#2", "uv": [ 9.0, 7.0, 9.5, 14.0 ] },
										"up": { "texture": "#2", "uv": [ 1.0, 8.0, 1.5, 8.5 ] },
										"down": { "texture": "#2", "uv": [ 6.0, 3.5, 6.5, 4.0 ] }
									},
									"children": [
										{
											"name": "radio",
											"from": [ -1.4067, -0.4111, -0.33 ],
											"to": [ 0.5933, 6.5889, 1.035 ],
											"rotationOrigin": [ -0.2067, 4.1889, 1.035 ],
											"faces": {
												"north": { "texture": "#2", "uv": [ 0.0, 0.0, 2.0, 7.0 ] },
												"east": { "texture": "#2", "uv": [ 0.0, 5.5, 1.0, 12.5 ] },
												"south": { "texture": "#2", "uv": [ 5.5, 7.5, 7.5, 14.5 ] },
												"west": { "texture": "#2", "uv": [ 10.5, 6.0, 11.5, 13.0 ] },
												"up": { "texture": "#2", "uv": [ 6.0, 5.0, 8.0, 6.0 ] },
												"down": { "texture": "#2", "uv": [ 2.0, 13.5, 4.0, 14.5 ] }
											}
										}
									]
								}
							]
						}
					]
				},
				{
					"name": "Left Arm",
					"from": [ 4.9477, -3.097, 4.5 ],
					"to": [ 7.4477, 3.153, 6.5 ],
					"rotationOrigin": [ 6.1977, 3.5, 6.25 ],
					"rotationZ": 7.5,
					"faces": {
						"north": { "texture": "#1", "uv": [ 10.5, 0.5, 13.0, 6.5 ] },
						"east": { "texture": "#1", "uv": [ 1.0, 0.0, 3.0, 6.0 ] },
						"south": { "texture": "#1", "uv": [ 3.0, 0.0, 5.5, 6.0 ] },
						"west": { "texture": "#1", "uv": [ 6.0, 3.5, 8.0, 9.5 ] },
						"up": { "texture": "#1", "uv": [ 1.5, 7.5, 4.0, 9.5 ] },
						"down": { "texture": "#1", "uv": [ 12.5, 6.0, 15.0, 8.0 ] }
					},
					"children": [
						{
							"name": "humerus2",
							"from": [ 0.25, 0.0, 0.25 ],
							"to": [ 2.25, 6.0, 1.75 ],
							"rotationOrigin": [ 1.25, 5.6, 1.75 ],
							"faces": {
								"north": { "texture": "#2", "uv": [ 9.0, 2.0, 11.0, 8.0 ] },
								"east": { "texture": "#2", "uv": [ 8.5, 4.0, 10.0, 10.0 ] },
								"south": { "texture": "#2", "uv": [ 3.0, 6.0, 9.0, 8.0 ] },
								"west": { "texture": "#2", "uv": [ 2.5, 0.5, 4.0, 6.5 ] },
								"up": { "texture": "#2", "uv": [ 10.0, 14.0, 12.0, 15.5 ] },
								"down": { "texture": "#2", "uv": [ 2.0, 1.5, 4.0, 3.0 ] }
							}
						},
						{
							"name": "overradius",
							"from": [ 0.24, -6.7533, 0.07 ],
							"to": [ 2.49, 0.4967, 1.935 ],
							"rotationOrigin": [ 1.4873, 0.2, 1.685 ],
							"rotationZ": -17.5,
							"faces": {
								"north": { "texture": "#1", "uv": [ 3.5, 0.0, 5.5, 7.0 ] },
								"east": { "texture": "#1", "uv": [ 3.0, 1.0, 4.5, 8.0 ] },
								"south": { "texture": "#1", "uv": [ 2.0, 0.5, 4.0, 7.5 ] },
								"west": { "texture": "#1", "uv": [ 4.5, 0.5, 6.0, 7.5 ] },
								"up": { "texture": "#1", "uv": [ 13.5, 11.5, 15.5, 13.0 ] },
								"down": { "texture": "#1", "uv": [ 5.0, 4.5, 7.0, 6.0 ] }
							},
							"children": [
								{
									"name": "cubito2",
									"from": [ 1.4567, 0.6611, 0.58 ],
									"to": [ 1.9567, 7.4111, 1.33 ],
									"rotationOrigin": [ 2.4567, 5.2611, 2.08 ],
									"faces": {
										"north": { "texture": "#2", "uv": [ 13.0, 5.0, 13.5, 11.5 ] },
										"east": { "texture": "#2", "uv": [ 6.5, 9.0, 7.0, 15.5 ] },
										"south": { "texture": "#2", "uv": [ 9.5, 3.5, 10.0, 10.0 ] },
										"west": { "texture": "#2", "uv": [ 8.0, 8.5, 8.5, 15.0 ] },
										"up": { "texture": "#2", "uv": [ 13.5, 4.0, 14.0, 4.5 ] },
										"down": { "texture": "#2", "uv": [ 8.0, 8.0, 8.5, 8.5 ] }
									}
								},
								{
									"name": "radius2",
									"from": [ 0.25, 0.25, 0.25 ],
									"to": [ 1.25, 7.25, 1.615 ],
									"rotationOrigin": [ 1.25, 4.85, 1.615 ],
									"faces": {
										"north": { "texture": "#2", "uv": [ 9.0, 6.5, 10.0, 13.5 ] },
										"east": { "texture": "#2", "uv": [ 8.5, 6.5, 9.5, 13.5 ] },
										"south": { "texture": "#2", "uv": [ 12.5, 4.5, 13.5, 11.5 ] },
										"west": { "texture": "#2", "uv": [ 8.0, 2.5, 9.0, 9.5 ] },
										"up": { "texture": "#2", "uv": [ 4.0, 0.0, 5.0, 1.0 ] },
										"down": { "texture": "#2", "uv": [ 9.5, 11.0, 10.5, 12.0 ] }
									}
								}
							]
						}
					]
				},
				{
					"name": "Abdomen",
					"from": [ 3.4625, -1.2174, -0.25 ],
					"to": [ 12.7125, 5.2826, 5.75 ],
					"rotationOrigin": [ 8.9625, 0.7826, 2.75 ],
					"rotationZ": -10.0,
					"faces": {
						"north": { "texture": "#1", "uv": [ 0.5, 6.0, 9.5, 12.5 ] },
						"east": { "texture": "#1", "uv": [ 6.5, 5.5, 12.5, 12.0 ], "windMode": [-1,-1,-1,-1] },
						"south": { "texture": "#1", "uv": [ 1.0, 2.0, 10.0, 8.5 ] },
						"west": { "texture": "#1", "uv": [ 0.5, 1.5, 6.5, 8.0 ] },
						"up": { "texture": "#1", "uv": [ 0.0, 0.5, 9.0, 6.5 ] },
						"down": { "texture": "#1", "uv": [ 3.5, 0.5, 12.5, 6.5 ] }
					},
					"children": [
						{
							"name": "spine",
							"from": [ 2.73, 4.9331, 2.0 ],
							"to": [ 8.73, 5.9331, 4.0 ],
							"rotationOrigin": [ 4.73, 5.9331, 3.0 ],
							"rotationZ": 12.5,
							"faces": {
								"north": { "texture": "#2", "uv": [ 4.5, 3.0, 10.5, 4.0 ] },
								"east": { "texture": "#2", "uv": [ 1.0, 14.5, 3.0, 15.5 ] },
								"south": { "texture": "#2", "uv": [ 3.5, 9.0, 9.5, 9.9815 ] },
								"west": { "texture": "#2", "uv": [ 6.0, 4.5, 8.0, 5.5 ] },
								"up": { "texture": "#2", "uv": [ 5.0, 0.5, 11.0, 2.5 ] },
								"down": { "texture": "#2", "uv": [ 1.5, 13.0, 7.5, 15.0 ] }
							},
							"children": [
								{
									"name": "Cube7",
									"from": [ -2.1344, -0.1338, 0.5 ],
									"to": [ -1.1344, 3.1662, 1.5 ],
									"rotationOrigin": [ -2.1363, -0.1317, 0.5 ],
									"rotationZ": 5.0,
									"faces": {
										"north": { "texture": "#2", "uv": [ 6.0, 6.5, 7.0, 9.5 ] },
										"east": { "texture": "#2", "uv": [ 7.0, 6.5, 8.0, 9.5 ] },
										"south": { "texture": "#2", "uv": [ 8.0, 6.5, 9.0, 9.5 ] },
										"west": { "texture": "#2", "uv": [ 9.0, 6.5, 10.0, 9.5 ] },
										"up": { "texture": "#2", "uv": [ 6.0, 5.5, 7.0, 6.5 ] },
										"down": { "texture": "#2", "uv": [ 7.0, 5.5, 8.0, 6.5 ] }
									},
									"children": [
										{
											"name": "Cube2",
											"from": [ 2.1899, 0.2126, 0.0 ],
											"to": [ 3.1899, 2.5126, 1.0 ],
											"rotationOrigin": [ 2.1899, 0.2126, 0.0 ],
											"rotationZ": -3.0,
											"faces": {
												"north": { "texture": "#2", "uv": [ 3.0, 0.0, 4.0, 2.5 ] },
												"east": { "texture": "#2", "uv": [ 3.5, 11.0, 4.5, 13.5 ] },
												"south": { "texture": "#2", "uv": [ 3.5, 3.5, 4.5, 5.9537 ] },
												"west": { "texture": "#2", "uv": [ 13.0, 1.5, 14.0, 4.0 ] },
												"up": { "texture": "#2", "uv": [ 7.0, 0.5, 8.0, 1.5 ] },
												"down": { "texture": "#2", "uv": [ 8.5, 13.5, 9.5, 14.5 ] }
											}
										},
										{
											"name": "Cube3",
											"from": [ 4.1455, 0.2895, 0.0 ],
											"to": [ 5.1455, 2.8395, 1.0 ],
											"rotationOrigin": [ 4.1455, 0.2895, 0.0 ],
											"rotationZ": -7.5,
											"faces": {
												"north": { "texture": "#2", "uv": [ 11.5, 8.0, 12.5, 10.5 ] },
												"east": { "texture": "#2", "uv": [ 12.5, 10.0, 13.5, 12.5 ] },
												"south": { "texture": "#2", "uv": [ 12.5, 6.0, 13.5, 8.4537 ] },
												"west": { "texture": "#2", "uv": [ 7.5, 10.5, 8.5, 13.0 ] },
												"up": { "texture": "#2", "uv": [ 11.0, 9.0, 12.0, 10.0 ] },
												"down": { "texture": "#2", "uv": [ 6.0, 9.0, 7.0, 10.0 ] }
											}
										},
										{
											"name": "Cube4",
											"from": [ 6.1012, 0.3663, 0.0 ],
											"to": [ 7.1012, 2.9163, 1.0 ],
											"rotationOrigin": [ 6.1012, 0.3662, 0.0 ],
											"rotationZ": -11.0,
											"faces": {
												"north": { "texture": "#2", "uv": [ 0.5, 9.5, 1.5, 12.0 ] },
												"east": { "texture": "#2", "uv": [ 3.5, 6.0, 4.5, 8.5 ] },
												"south": { "texture": "#2", "uv": [ 8.5, 13.5, 9.5, 15.9537 ] },
												"west": { "texture": "#2", "uv": [ 13.5, 7.0, 14.5, 9.5 ] },
												"up": { "texture": "#2", "uv": [ 7.0, 9.5, 8.0, 10.5 ] },
												"down": { "texture": "#2", "uv": [ 0.0, 1.5, 1.0, 2.5 ] }
											}
										}
									]
								},
								{
									"name": "rib1",
									"from": [ 1.774, -4.0316, -2.4 ],
									"to": [ 2.274, -1.0316, -1.6 ],
									"rotationOrigin": [ 2.274, -1.0316, -1.6 ],
									"rotationX": -10.959,
									"rotationY": 0.953,
									"rotationZ": 2.591,
									"faces": {
										"north": { "texture": "#2", "uv": [ 2.0, 9.5, 2.5, 12.5 ] },
										"east": { "texture": "#2", "uv": [ 0.5, 0.0, 1.0, 3.0 ] },
										"south": { "texture": "#2", "uv": [ 13.0, 7.0, 13.5, 10.0 ] },
										"west": { "texture": "#2", "uv": [ 8.0, 12.5, 8.5, 15.5 ] },
										"up": { "texture": "#2", "uv": [ 1.5, 3.0, 2.0, 3.5 ] },
										"down": { "texture": "#2", "uv": [ 7.0, 12.5, 7.5, 13.0 ] }
									},
									"children": [
										{
											"name": "rib2",
											"from": [ -1.5041, -1.6078, -0.0339 ],
											"to": [ -1.0041, 0.6422, 0.7661 ],
											"rotationOrigin": [ -1.1041, 0.3922, 0.7661 ],
											"rotationX": -49.757,
											"rotationY": 5.739,
											"rotationZ": 2.663,
											"faces": {
												"north": { "texture": "#2", "uv": [ 13.5, 6.0, 14.0, 8.0 ] },
												"east": { "texture": "#2", "uv": [ 3.0, 13.5, 3.5, 15.5 ] },
												"south": { "texture": "#2", "uv": [ 10.0, 13.5, 10.5, 15.5 ] },
												"west": { "texture": "#2", "uv": [ 2.0, 7.5, 2.5, 9.5 ] },
												"up": { "texture": "#2", "uv": [ 14.5, 12.0, 15.0, 12.5 ] },
												"down": { "texture": "#2", "uv": [ 9.5, 8.0, 10.0, 8.5 ] }
											}
										},
										{
											"name": "rib3",
											"from": [ -1.4302, 0.6283, -0.9339 ],
											"to": [ -0.9302, 3.6283, -0.1339 ],
											"rotationOrigin": [ -0.9302, 3.6283, -0.1339 ],
											"rotationX": -110.159,
											"rotationY": 7.045,
											"rotationZ": 10.078,
											"faces": {
												"north": { "texture": "#2", "uv": [ 12.5, 6.5, 13.0, 9.5 ] },
												"east": { "texture": "#2", "uv": [ 8.0, 2.5, 9.0, 5.5 ] },
												"south": { "texture": "#2", "uv": [ 4.0, 6.0, 4.5, 8.9444 ] },
												"west": { "texture": "#2", "uv": [ 3.5, 8.5, 4.5, 11.5 ] },
												"up": { "texture": "#2", "uv": [ 11.0, 5.5, 11.5, 6.5 ] },
												"down": { "texture": "#2", "uv": [ 15.0, 7.0, 15.5, 8.0 ] }
											}
										},
										{
											"name": "rib4",
											"from": [ -1.4872, 0.1958, 0.0 ],
											"to": [ -0.9872, 3.1958, 0.8 ],
											"rotationOrigin": [ -0.9872, 3.1958, 0.8 ],
											"faces": {
												"north": { "texture": "#2", "uv": [ 9.5, 12.0, 10.0, 15.0 ] },
												"east": { "texture": "#2", "uv": [ 1.0, 0.0, 2.0, 3.0 ] },
												"south": { "texture": "#2", "uv": [ 1.0, 11.0, 1.5, 13.9444 ] },
												"west": { "texture": "#2", "uv": [ 8.5, 0.0, 9.5, 3.0 ] },
												"up": { "texture": "#2", "uv": [ 0.0, 2.0, 0.5, 3.0 ] },
												"down": { "texture": "#2", "uv": [ 8.5, 11.5, 9.0, 12.5 ] }
											}
										},
										{
											"name": "rib5",
											"from": [ 3.2542, -0.1809, 0.0477 ],
											"to": [ 3.7542, 2.8191, 0.8477 ],
											"rotationOrigin": [ 3.7542, 2.8191, 0.8477 ],
											"faces": {
												"north": { "texture": "#2", "uv": [ 13.5, 11.0, 14.0, 14.0 ] },
												"east": { "texture": "#2", "uv": [ 8.0, 8.0, 9.0, 11.0 ] },
												"south": { "texture": "#2", "uv": [ 0.5, 11.5, 1.0, 14.4444 ] },
												"west": { "texture": "#2", "uv": [ 14.5, 7.0, 15.5, 10.0 ] },
												"up": { "texture": "#2", "uv": [ 5.5, 3.5, 6.0, 4.5 ] },
												"down": { "texture": "#2", "uv": [ 13.0, 9.5, 13.5, 10.5 ] }
											}
										},
										{
											"name": "rib6",
											"from": [ 3.3112, 0.2516, -0.8862 ],
											"to": [ 3.8112, 3.2516, -0.0862 ],
											"rotationOrigin": [ 3.8112, 3.2516, -0.0862 ],
											"rotationX": -110.159,
											"rotationY": 7.045,
											"rotationZ": 10.078,
											"faces": {
												"north": { "texture": "#2", "uv": [ 1.0, 5.0, 1.5, 8.0 ] },
												"east": { "texture": "#2", "uv": [ 8.5, 11.0, 9.5, 14.0 ] },
												"south": { "texture": "#2", "uv": [ 14.0, 4.5, 14.5, 7.4444 ] },
												"west": { "texture": "#2", "uv": [ 13.0, 6.5, 14.0, 9.5 ] },
												"up": { "texture": "#2", "uv": [ 5.0, 5.0, 5.5, 6.0 ] },
												"down": { "texture": "#2", "uv": [ 3.5, 3.0, 4.0, 4.0 ] }
											}
										},
										{
											"name": "rib7",
											"from": [ 1.4702, -2.2494, -0.0339 ],
											"to": [ 1.9702, 0.2506, 0.7661 ],
											"rotationOrigin": [ 1.8702, 6.0E-4, 0.7661 ],
											"rotationX": -54.768,
											"rotationY": 6.138,
											"rotationZ": 3.182,
											"faces": {
												"north": { "texture": "#2", "uv": [ 2.0, 11.0, 2.5, 14.0 ] },
												"east": { "texture": "#2", "uv": [ 4.5, 12.5, 5.5, 15.5 ] },
												"south": { "texture": "#2", "uv": [ 12.5, 9.0, 13.0, 11.9444 ] },
												"west": { "texture": "#2", "uv": [ 0.0, 11.5, 1.0, 14.5 ] },
												"up": { "texture": "#2", "uv": [ 2.5, 9.5, 3.0, 10.5 ] },
												"down": { "texture": "#2", "uv": [ 8.0, 14.0, 8.5, 15.0 ] }
											}
										},
										{
											"name": "rib8",
											"from": [ 1.5441, 0.2367, -0.9339 ],
											"to": [ 2.0441, 3.2367, -0.1339 ],
											"rotationOrigin": [ 2.0441, 3.2367, -0.1339 ],
											"rotationX": -110.159,
											"rotationY": 7.045,
											"rotationZ": 10.078,
											"faces": {
												"north": { "texture": "#2", "uv": [ 3.5, 12.0, 4.0, 15.0 ] },
												"east": { "texture": "#2", "uv": [ 8.5, 10.0, 9.5, 13.0 ] },
												"south": { "texture": "#2", "uv": [ 9.0, 2.0, 9.5, 4.9444 ] },
												"west": { "texture": "#2", "uv": [ 2.5, 12.0, 3.5, 15.0 ] },
												"up": { "texture": "#2", "uv": [ 11.5, 10.5, 12.0, 11.5 ] },
												"down": { "texture": "#2", "uv": [ 9.0, 14.5, 9.5, 15.5 ] }
											}
										},
										{
											"name": "rib10",
											"from": [ 1.4872, -0.1958, 0.0 ],
											"to": [ 1.9872, 2.8042, 0.8 ],
											"rotationOrigin": [ 1.9872, 2.8042, 0.8 ],
											"faces": {
												"north": { "texture": "#2", "uv": [ 0.5, 7.5, 1.0, 10.5 ] },
												"east": { "texture": "#2", "uv": [ 1.0, 7.5, 1.5, 10.5 ] },
												"south": { "texture": "#2", "uv": [ 1.5, 7.5, 2.0, 10.5 ] },
												"west": { "texture": "#2", "uv": [ 2.0, 7.5, 2.5, 10.5 ] },
												"up": { "texture": "#2", "uv": [ 0.5, 7.0, 1.0, 7.5 ] },
												"down": { "texture": "#2", "uv": [ 1.0, 7.0, 1.5, 7.5 ] }
											}
										},
										{
											"name": "rib11",
											"from": [ 0.0569, 0.4325, -0.9339 ],
											"to": [ 0.5569, 3.4325, -0.1339 ],
											"rotationOrigin": [ 0.5569, 3.4325, -0.1339 ],
											"rotationX": -110.159,
											"rotationY": 7.045,
											"rotationZ": 10.078,
											"faces": {
												"north": { "texture": "#2", "uv": [ 8.5, 3.0, 9.0, 6.0 ] },
												"east": { "texture": "#2", "uv": [ 10.0, 3.0, 11.0, 6.0 ] },
												"south": { "texture": "#2", "uv": [ 3.5, 1.0, 4.0, 3.9444 ] },
												"west": { "texture": "#2", "uv": [ 3.5, 8.0, 4.5, 11.0 ] },
												"up": { "texture": "#2", "uv": [ 10.5, 13.5, 11.0, 14.5 ] },
												"down": { "texture": "#2", "uv": [ 3.5, 6.5, 4.0, 7.5 ] }
											}
										},
										{
											"name": "rib12",
											"from": [ -0.334, -2.77, 4.9366 ],
											"to": [ 0.166, -0.02, 5.7366 ],
											"rotationOrigin": [ -0.334, -0.27, 4.9366 ],
											"rotationX": 66.822,
											"rotationY": -6.901,
											"rotationZ": 2.055,
											"faces": {
												"north": { "texture": "#2", "uv": [ 6.5, 5.0, 7.0, 8.0 ] },
												"east": { "texture": "#2", "uv": [ 8.0, 3.5, 9.0, 6.5 ] },
												"south": { "texture": "#2", "uv": [ 4.0, 10.0, 4.5, 12.9445 ] },
												"west": { "texture": "#2", "uv": [ 9.5, 3.5, 10.5, 6.5 ] },
												"up": { "texture": "#2", "uv": [ 3.5, 11.5, 4.0, 12.5 ] },
												"down": { "texture": "#2", "uv": [ 8.0, 12.0, 8.5, 13.0 ] }
											}
										},
										{
											"name": "rib13",
											"from": [ -0.2348, -0.6014, 6.9815 ],
											"to": [ 0.2652, 2.3986, 7.7815 ],
											"rotationOrigin": [ -0.2348, 2.3986, 6.9815 ],
											"rotationX": 132.245,
											"rotationY": -5.566,
											"rotationZ": 10.034,
											"faces": {
												"north": { "texture": "#2", "uv": [ 14.0, 12.0, 14.5, 15.0 ] },
												"east": { "texture": "#2", "uv": [ 5.5, 1.0, 6.5, 4.0 ] },
												"south": { "texture": "#2", "uv": [ 8.0, 8.0, 8.5, 10.9445 ] },
												"west": { "texture": "#2", "uv": [ 9.0, 10.0, 10.0, 13.0 ] },
												"up": { "texture": "#2", "uv": [ 3.5, 7.0, 4.0, 8.0 ] },
												"down": { "texture": "#2", "uv": [ 10.5, 13.5, 11.0, 14.5 ] }
											}
										},
										{
											"name": "rib14",
											"from": [ -0.2419, -0.6556, 5.9522 ],
											"to": [ 0.2581, 2.3444, 6.7522 ],
											"rotationOrigin": [ -0.2419, 2.3444, 5.9522 ],
											"rotationX": 21.83,
											"rotationY": -2.803,
											"rotationZ": -1.959,
											"faces": {
												"north": { "texture": "#2", "uv": [ 5.0, 12.0, 5.5, 15.0 ] },
												"east": { "texture": "#2", "uv": [ 11.5, 1.0, 12.5, 4.0 ] },
												"south": { "texture": "#2", "uv": [ 4.0, 11.0, 4.5, 13.9445 ] },
												"west": { "texture": "#2", "uv": [ 8.5, 4.0, 9.5, 7.0 ] },
												"up": { "texture": "#2", "uv": [ 10.0, 7.0, 10.5, 8.0 ] },
												"down": { "texture": "#2", "uv": [ 14.5, 6.0, 15.0, 7.0 ] }
											}
										},
										{
											"name": "rib15",
											"from": [ 1.1532, -2.9658, 4.9366 ],
											"to": [ 1.6532, -0.2158, 5.7366 ],
											"rotationOrigin": [ 1.1532, -0.4658, 4.9366 ],
											"rotationX": 64.308,
											"rotationY": -6.766,
											"rotationZ": 1.756,
											"faces": {
												"north": { "texture": "#2", "uv": [ 7.5, 10.0, 8.0, 13.0 ] },
												"east": { "texture": "#2", "uv": [ 9.5, 10.0, 10.5, 13.0 ] },
												"south": { "texture": "#2", "uv": [ 6.0, 0.5, 6.5, 3.4445 ] },
												"west": { "texture": "#2", "uv": [ 14.0, 12.5, 15.0, 15.5 ] },
												"up": { "texture": "#2", "uv": [ 6.5, 7.5, 7.0, 8.5 ] },
												"down": { "texture": "#2", "uv": [ 7.5, 8.0, 8.0, 9.0 ] }
											}
										},
										{
											"name": "rib16",
											"from": [ 1.2524, -0.7972, 6.9815 ],
											"to": [ 1.7524, 2.2028, 7.7815 ],
											"rotationOrigin": [ 1.2524, 2.2028, 6.9815 ],
											"rotationX": 132.245,
											"rotationY": -5.566,
											"rotationZ": 10.034,
											"faces": {
												"north": { "texture": "#2", "uv": [ 9.0, 2.5, 9.5, 5.5 ] },
												"east": { "texture": "#2", "uv": [ 2.5, 9.0, 3.5, 12.0 ] },
												"south": { "texture": "#2", "uv": [ 3.0, 10.5, 3.5, 13.4445 ] },
												"west": { "texture": "#2", "uv": [ 14.5, 8.0, 15.5, 11.0 ] },
												"up": { "texture": "#2", "uv": [ 13.5, 7.5, 14.0, 8.5 ] },
												"down": { "texture": "#2", "uv": [ 10.5, 5.5, 11.0, 6.5 ] }
											}
										},
										{
											"name": "rib17",
											"from": [ 1.2453, -0.8514, 5.9522 ],
											"to": [ 1.7453, 2.1486, 6.7522 ],
											"rotationOrigin": [ 1.2453, 2.1486, 5.9522 ],
											"rotationX": 21.83,
											"rotationY": -2.803,
											"rotationZ": -1.959,
											"faces": {
												"north": { "texture": "#2", "uv": [ 3.5, 5.5, 4.0, 8.5 ] },
												"east": { "texture": "#2", "uv": [ 4.0, 5.5, 4.5, 8.5 ] },
												"south": { "texture": "#2", "uv": [ 4.5, 5.5, 5.0, 8.5 ] },
												"west": { "texture": "#2", "uv": [ 5.0, 5.5, 5.5, 8.5 ] },
												"up": { "texture": "#2", "uv": [ 3.5, 5.0, 4.0, 5.5 ] },
												"down": { "texture": "#2", "uv": [ 4.0, 5.0, 4.5, 5.5 ] }
											}
										},
										{
											"name": "rib18",
											"from": [ -1.8211, -2.0742, 4.9366 ],
											"to": [ -1.3211, 0.1758, 5.7366 ],
											"rotationOrigin": [ -1.8211, -0.0742, 4.9366 ],
											"rotationX": 74.373,
											"rotationY": -7.226,
											"rotationZ": 2.985,
											"faces": {
												"north": { "texture": "#2", "uv": [ 6.0, 8.5, 6.5, 11.5 ] },
												"east": { "texture": "#2", "uv": [ 10.0, 5.0, 11.0, 8.0 ] },
												"south": { "texture": "#2", "uv": [ 9.5, 2.5, 10.0, 5.4445 ] },
												"west": { "texture": "#2", "uv": [ 3.0, 7.5, 4.0, 10.5 ] },
												"up": { "texture": "#2", "uv": [ 11.5, 7.5, 12.0, 8.5 ] },
												"down": { "texture": "#2", "uv": [ 10.5, 0.0, 11.0, 1.0 ] }
											}
										},
										{
											"name": "rib19",
											"from": [ -1.722, -0.4057, 6.9815 ],
											"to": [ -1.222, 2.5943, 7.7815 ],
											"rotationOrigin": [ -1.722, 2.5944, 6.9815 ],
											"rotationX": 132.245,
											"rotationY": -5.566,
											"rotationZ": 10.034,
											"faces": {
												"north": { "texture": "#2", "uv": [ 13.5, 4.5, 14.0, 7.5 ] },
												"east": { "texture": "#2", "uv": [ 6.5, 6.5, 7.5, 9.5 ] },
												"south": { "texture": "#2", "uv": [ 1.0, 10.0, 1.5, 12.9445 ] },
												"west": { "texture": "#2", "uv": [ 3.5, 0.0, 4.5, 3.0 ] },
												"up": { "texture": "#2", "uv": [ 5.0, 12.5, 5.5, 13.5 ] },
												"down": { "texture": "#2", "uv": [ 0.0, 8.0, 0.5, 9.0 ] }
											}
										},
										{
											"name": "rib20",
											"from": [ -1.7291, -0.4598, 5.9522 ],
											"to": [ -1.2291, 2.5402, 6.7522 ],
											"rotationOrigin": [ -1.7291, 2.5402, 5.9522 ],
											"rotationX": 21.83,
											"rotationY": -2.803,
											"rotationZ": -1.959,
											"faces": {
												"north": { "texture": "#2", "uv": [ 14.5, 10.5, 15.0, 13.5 ] },
												"east": { "texture": "#2", "uv": [ 1.5, 6.5, 2.5, 9.5 ] },
												"south": { "texture": "#2", "uv": [ 12.0, 8.5, 12.5, 11.4445 ] },
												"west": { "texture": "#2", "uv": [ 11.5, 10.5, 12.5, 13.5 ] },
												"up": { "texture": "#2", "uv": [ 4.5, 7.5, 5.0, 8.5 ] },
												"down": { "texture": "#2", "uv": [ 4.0, 9.5, 4.5, 10.5 ] }
											}
										},
										{
											"name": "rib21",
											"from": [ -0.0169, -1.8036, -0.0339 ],
											"to": [ 0.4831, 0.4464, 0.7661 ],
											"rotationOrigin": [ 0.3831, 0.1964, 0.7661 ],
											"rotationX": -52.262,
											"rotationY": 5.944,
											"rotationZ": 2.918,
											"faces": {
												"north": { "texture": "#2", "uv": [ 8.0, 4.0, 8.5, 7.0 ] },
												"east": { "texture": "#2", "uv": [ 14.5, 9.0, 15.5, 12.0 ] },
												"south": { "texture": "#2", "uv": [ 8.5, 7.5, 9.0, 10.4444 ] },
												"west": { "texture": "#2", "uv": [ 11.5, 10.0, 12.5, 13.0 ] },
												"up": { "texture": "#2", "uv": [ 14.0, 13.5, 14.5, 14.5 ] },
												"down": { "texture": "#2", "uv": [ 5.0, 3.0, 5.5, 4.0 ] }
											}
										},
										{
											"name": "rib23",
											"from": [ 2.9233, -1.5123, 6.8861 ],
											"to": [ 3.4233, 1.4877, 7.6861 ],
											"rotationOrigin": [ 2.9233, 1.4877, 6.8861 ],
											"rotationX": 132.245,
											"rotationY": -5.566,
											"rotationZ": 10.034,
											"faces": {
												"north": { "texture": "#2", "uv": [ 11.0, 4.0, 11.5, 7.0 ] },
												"east": { "texture": "#2", "uv": [ 5.5, 4.5, 6.5, 7.5 ] },
												"south": { "texture": "#2", "uv": [ 14.5, 12.5, 15.0, 15.4445 ] },
												"west": { "texture": "#2", "uv": [ 6.0, 12.5, 7.0, 15.5 ] },
												"up": { "texture": "#2", "uv": [ 9.0, 12.5, 9.5, 13.5 ] },
												"down": { "texture": "#2", "uv": [ 14.5, 4.0, 15.0, 5.0 ] }
											}
										},
										{
											"name": "rib24",
											"from": [ 2.9162, -1.5664, 5.8568 ],
											"to": [ 3.4162, 1.4336, 6.6568 ],
											"rotationOrigin": [ 2.9162, 1.4336, 5.8568 ],
											"rotationX": 21.83,
											"rotationY": -2.803,
											"rotationZ": -1.959,
											"faces": {
												"north": { "texture": "#2", "uv": [ 1.5, 7.5, 2.0, 10.5 ] },
												"east": { "texture": "#2", "uv": [ 0.5, 3.5, 1.5, 6.5 ] },
												"south": { "texture": "#2", "uv": [ 11.0, 8.5, 11.5, 11.4445 ] },
												"west": { "texture": "#2", "uv": [ 4.0, 5.5, 5.0, 8.5 ] },
												"up": { "texture": "#2", "uv": [ 7.5, 8.5, 8.0, 9.5 ] },
												"down": { "texture": "#2", "uv": [ 3.5, 1.5, 4.0, 2.5 ] }
											}
										}
									]
								}
							]
						},
						{
							"name": "Lowerbody",
							"from": [ 8.6787, 5.4163, 2.11 ],
							"to": [ 13.6787, 6.4163, 3.89 ],
							"rotationOrigin": [ 10.6787, 6.7163, 3.0 ],
							"rotationZ": -10.0,
							"faces": {
								"north": { "texture": "#2", "uv": [ 3.5, 4.0, 8.5, 5.0 ] },
								"east": { "texture": "#2", "uv": [ 1.0, 12.0, 2.5, 13.0 ], "windMode": [-1,-1,-1,-1] },
								"south": { "texture": "#2", "uv": [ 5.0, 11.5, 11.0, 12.48 ], "autoUv": false, "windMode": [-1,-1,-1,-1] },
								"west": { "texture": "#2", "uv": [ 2.0, 4.0, 3.5, 5.0 ], "windMode": [-1,-1,-1,-1] },
								"up": { "texture": "#2", "uv": [ 3.5, 7.0, 8.5, 8.5 ], "windMode": [-1,-1,-1,-1] },
								"down": { "texture": "#2", "uv": [ 8.5, 13.0, 13.5, 14.5 ], "windMode": [-1,-1,-1,-1] }
							},
							"children": [
								{
									"name": "sternum",
									"from": [ -4.239, -6.8683, 0.49 ],
									"to": [ 0.511, -6.1183, 1.49 ],
									"rotationOrigin": [ -3.239, -2.8683, 0.49 ],
									"rotationZ": 10.0,
									"faces": {
										"north": { "texture": "#2", "uv": [ 4.5, 7.5, 9.5, 8.5 ] },
										"east": { "texture": "#2", "uv": [ 3.5, 8.0, 4.5, 9.0 ] },
										"south": { "texture": "#2", "uv": [ 10.0, 3.5, 15.0, 4.4815 ] },
										"west": { "texture": "#2", "uv": [ 10.5, 3.5, 11.5, 4.5 ] },
										"up": { "texture": "#2", "uv": [ 4.5, 6.5, 9.5, 7.5 ] },
										"down": { "texture": "#2", "uv": [ 9.0, 6.5, 14.0, 7.5 ] }
									}
								},
								{
									"name": "Cube5",
									"from": [ -0.1661, 0.9796, 0.39 ],
									"to": [ 0.8339, 2.6296, 1.39 ],
									"rotationOrigin": [ -0.1661, 0.9796, 0.39 ],
									"rotationZ": 5.0,
									"faces": {
										"north": { "texture": "#2", "uv": [ 6.5, 0.0, 7.5, 1.5 ] },
										"east": { "texture": "#2", "uv": [ 0.0, 12.5, 1.0, 14.0 ] },
										"south": { "texture": "#2", "uv": [ 3.5, 0.0, 4.5, 1.4722 ] },
										"west": { "texture": "#2", "uv": [ 5.5, 13.5, 6.5, 15.0 ] },
										"up": { "texture": "#2", "uv": [ 4.0, 3.0, 5.0, 4.0 ] },
										"down": { "texture": "#2", "uv": [ 3.0, 5.5, 4.0, 6.5 ] }
									}
								},
								{
									"name": "Cube6",
									"from": [ 1.5419, 0.9508, 0.39 ],
									"to": [ 2.5419, 2.2508, 1.39 ],
									"rotationOrigin": [ 1.5419, 0.9508, 0.39 ],
									"rotationZ": -10.5,
									"faces": {
										"north": { "texture": "#2", "uv": [ 10.5, 8.0, 11.5, 10.5 ] },
										"east": { "texture": "#2", "uv": [ 5.0, 8.5, 6.0, 11.0 ] },
										"south": { "texture": "#2", "uv": [ 4.0, 12.5, 5.0, 14.9537 ] },
										"west": { "texture": "#2", "uv": [ 7.0, 10.5, 8.0, 13.0 ] },
										"up": { "texture": "#2", "uv": [ 14.0, 10.5, 15.0, 11.5 ] },
										"down": { "texture": "#2", "uv": [ 7.0, 8.5, 8.0, 9.5 ] }
									}
								},
								{
									"name": "pelvis",
									"from": [ 3.7883, -2.4874, -2.11 ],
									"to": [ 7.1883, 0.5126, 3.89 ],
									"rotationOrigin": [ 0.79, -0.89, 0.89 ],
									"rotationZ": 0.5,
									"faces": {
										"north": { "texture": "#2", "uv": [ 0.0, 11.0, 3.5, 14.0 ] },
										"east": { "texture": "#2", "uv": [ 1.0, 6.0, 7.0, 9.0 ] },
										"south": { "texture": "#2", "uv": [ 5.5, 1.0, 9.0, 3.9444 ] },
										"west": { "texture": "#2", "uv": [ 12.5, 10.5, 14.5, 11.5 ] },
										"up": { "texture": "#2", "uv": [ 8.5, 7.0, 12.0, 13.0 ] },
										"down": { "texture": "#2", "uv": [ 3.0, 0.5, 6.5, 6.5 ] }
									},
									"children": [
										{
											"name": "overpelvis",
											"from": [ -3.0, -1.5, 0.5 ],
											"to": [ 3.65, 3.5, 5.5 ],
											"rotationOrigin": [ -2.0, 3.0, 2.75 ],
											"faces": {
												"north": { "texture": "#1", "uv": [ 1.5, 1.0, 8.0, 6.0 ] },
												"east": { "texture": "#1", "uv": [ 2.5, 1.0, 7.5, 6.0 ] },
												"south": { "texture": "#1", "uv": [ 2.5, 1.5, 9.0, 6.5 ] },
												"west": { "texture": "#1", "uv": [ 0.5, 1.0, 5.5, 6.0 ] },
												"up": { "texture": "#1", "uv": [ 0.0, 2.5, 6.5, 7.5 ] },
												"down": { "texture": "#1", "uv": [ 6.5, 3.0, 13.0, 8.0 ] }
											}
										},
										{
											"name": "tail",
											"from": [ 1.8772, 2.88, 2.5 ],
											"to": [ 6.8772, 3.88, 3.5 ],
											"rotationOrigin": [ 1.88, 2.88, 3.0 ],
											"rotationZ": -17.0,
											"faces": {
												"north": { "texture": "#2", "uv": [ 5.5, 5.0, 10.5, 6.0 ] },
												"east": { "texture": "#2", "uv": [ 8.0, 11.5, 9.0, 12.5 ] },
												"south": { "texture": "#2", "uv": [ 4.0, 14.5, 9.0, 15.5 ] },
												"west": { "texture": "#2", "uv": [ 4.5, 7.0, 5.5, 8.0 ] },
												"up": { "texture": "#2", "uv": [ 3.5, 14.5, 8.5, 15.5 ] },
												"down": { "texture": "#2", "uv": [ 7.5, 14.0, 12.5, 15.0 ] }
											},
											"children": [
												{
													"name": "tail end",
													"from": [ 4.49, 0.33, 0.05 ],
													"to": [ 11.39, 0.98, 0.95 ],
													"rotationOrigin": [ 4.49, 0.58, 1.55 ],
													"rotationZ": -44.0,
													"faces": {
														"north": { "texture": "#2", "uv": [ 7.0, 8.5, 13.5, 9.0 ] },
														"east": { "texture": "#2", "uv": [ 7.0, 6.5, 7.5, 7.0 ] },
														"south": { "texture": "#2", "uv": [ 4.5, 12.5, 11.0, 13.0 ] },
														"west": { "texture": "#2", "uv": [ 4.0, 9.0, 4.5, 9.5 ] },
														"up": { "texture": "#2", "uv": [ 0.0, 7.5, 6.5, 8.0 ] },
														"down": { "texture": "#2", "uv": [ 6.0, 9.0, 12.5, 9.5 ] }
													}
												}
											]
										},
										{
											"name": "right back leg",
											"from": [ -0.3341, -4.5326, -0.75 ],
											"to": [ 2.1659, 2.9674, 1.25 ],
											"rotationOrigin": [ 0.9133, 2.322, 1.0 ],
											"rotationZ": 27.0,
											"faces": {
												"north": { "texture": "#1", "uv": [ 13.0, 4.5, 15.5, 12.0 ] },
												"east": { "texture": "#1", "uv": [ 1.0, 1.0, 3.0, 8.5 ] },
												"south": { "texture": "#1", "uv": [ 3.0, 2.0, 5.5, 9.5 ] },
												"west": { "texture": "#1", "uv": [ 4.0, 1.5, 6.0, 9.0 ] },
												"up": { "texture": "#1", "uv": [ 3.0, 4.5, 5.5, 6.5 ] },
												"down": { "texture": "#1", "uv": [ 4.5, 12.0, 7.0, 14.0 ] }
											},
											"children": [
												{
													"name": "right leg back end",
													"from": [ 0.02, -5.0109, 0.07 ],
													"to": [ 2.27, 2.2391, 1.935 ],
													"rotationOrigin": [ 1.2742, 1.84, 1.685 ],
													"rotationZ": -17.5,
													"faces": {
														"north": { "texture": "#1", "uv": [ 4.0, 5.0, 6.0, 12.0 ] },
														"east": { "texture": "#1", "uv": [ 2.5, 5.0, 4.0, 12.0 ] },
														"south": { "texture": "#1", "uv": [ 9.0, 5.0, 11.0, 12.0 ] },
														"west": { "texture": "#1", "uv": [ 10.0, 8.0, 11.5, 15.0 ] },
														"up": { "texture": "#1", "uv": [ 8.0, 6.5, 10.0, 8.0 ] },
														"down": { "texture": "#1", "uv": [ 12.0, 3.0, 14.0, 4.5 ] }
													},
													"children": [
														{
															"name": "bone2",
															"from": [ 1.5219, 0.1654, 0.58 ],
															"to": [ 2.0219, 6.1654, 1.33 ],
															"rotationOrigin": [ 2.5219, 4.7654, 2.08 ],
															"faces": {
																"north": { "texture": "#2", "uv": [ 7.0, 7.0, 7.5, 13.0 ] },
																"east": { "texture": "#2", "uv": [ 3.0, 6.5, 3.5, 12.5 ] },
																"south": { "texture": "#2", "uv": [ 1.5, 5.5, 2.0, 11.5 ] },
																"west": { "texture": "#2", "uv": [ 4.5, 1.5, 5.0, 7.5 ] },
																"up": { "texture": "#2", "uv": [ 3.0, 13.0, 3.5, 13.5 ] },
																"down": { "texture": "#2", "uv": [ 0.5, 0.5, 1.0, 1.0 ] }
															},
															"children": [
																{
																	"name": "bone1",
																	"from": [ -1.2719, 0.0846, -0.33 ],
																	"to": [ -0.2719, 7.0846, 1.035 ],
																	"rotationOrigin": [ -0.2719, 4.6846, 1.035 ],
																	"faces": {
																		"north": { "texture": "#2", "uv": [ 12.5, 8.0, 13.5, 15.0 ] },
																		"east": { "texture": "#2", "uv": [ 14.5, 3.5, 15.5, 10.5 ] },
																		"south": { "texture": "#2", "uv": [ 1.0, 1.5, 2.0, 8.5 ] },
																		"west": { "texture": "#2", "uv": [ 9.0, 8.5, 10.0, 15.5 ] },
																		"up": { "texture": "#2", "uv": [ 1.0, 6.5, 2.0, 7.5 ] },
																		"down": { "texture": "#2", "uv": [ 9.5, 6.0, 10.5, 7.0 ] }
																	}
																}
															]
														}
													]
												},
												{
													"name": "femur2",
													"from": [ 0.25, 0.25, 0.25 ],
													"to": [ 2.25, 7.25, 1.75 ],
													"rotationOrigin": [ 1.25, 4.85, 1.75 ],
													"faces": {
														"north": { "texture": "#2", "uv": [ 11.5, 8.0, 13.5, 15.0 ] },
														"east": { "texture": "#2", "uv": [ 0.5, 2.5, 2.0, 9.5 ] },
														"south": { "texture": "#2", "uv": [ 4.5, 0.0, 6.5, 7.0 ] },
														"west": { "texture": "#2", "uv": [ 8.5, 6.5, 10.0, 13.5 ] },
														"up": { "texture": "#2", "uv": [ 9.5, 9.5, 11.5, 11.0 ] },
														"down": { "texture": "#2", "uv": [ 6.0, 2.0, 8.0, 3.5 ] }
													}
												}
											]
										},
										{
											"name": "left back leg",
											"from": [ -0.5306, -4.7263, 4.75 ],
											"to": [ 1.9694, 2.7737, 6.75 ],
											"rotationOrigin": [ 0.7168, 2.7237, 6.5 ],
											"rotationZ": 27.0,
											"faces": {
												"north": { "texture": "#1", "uv": [ 3.0, 0.0, 5.5, 7.5 ] },
												"east": { "texture": "#1", "uv": [ 3.5, 1.0, 5.5, 8.5 ] },
												"south": { "texture": "#1", "uv": [ 3.0, 0.5, 5.5, 8.0 ] },
												"west": { "texture": "#1", "uv": [ 2.0, 0.5, 4.0, 8.0 ] },
												"up": { "texture": "#1", "uv": [ 8.5, 2.0, 11.0, 4.0 ] },
												"down": { "texture": "#1", "uv": [ 1.5, 2.5, 4.0, 4.5 ] }
											},
											"children": [
												{
													"name": "femur1",
													"from": [ 0.25, 0.25, 0.25 ],
													"to": [ 2.25, 7.25, 1.75 ],
													"rotationOrigin": [ 1.25, 4.85, 1.75 ],
													"faces": {
														"north": { "texture": "#2", "uv": [ 4.0, 5.5, 6.0, 12.5 ] },
														"east": { "texture": "#2", "uv": [ 9.0, 8.5, 10.5, 15.5 ] },
														"south": { "texture": "#2", "uv": [ 5.0, 3.0, 7.0, 10.0 ] },
														"west": { "texture": "#2", "uv": [ 4.0, 5.0, 5.5, 12.0 ] },
														"up": { "texture": "#2", "uv": [ 4.5, 10.0, 6.5, 11.5 ] },
														"down": { "texture": "#2", "uv": [ 5.0, 9.0, 7.0, 10.5 ] }
													}
												},
												{
													"name": "left leg back end",
													"from": [ 0.32, -5.21, 0.07 ],
													"to": [ 2.57, 2.29, 1.935 ],
													"rotationOrigin": [ 1.5742, 1.64, 1.685 ],
													"rotationZ": -17.5,
													"faces": {
														"north": { "texture": "#1", "uv": [ 9.0, 4.0, 11.0, 11.5 ] },
														"east": { "texture": "#1", "uv": [ 3.0, 2.0, 4.5, 9.5 ] },
														"south": { "texture": "#1", "uv": [ 2.0, 4.5, 4.0, 12.0 ] },
														"west": { "texture": "#1", "uv": [ 8.5, 3.5, 10.0, 11.0 ] },
														"up": { "texture": "#1", "uv": [ 5.5, 0.0, 7.5, 1.5 ] },
														"down": { "texture": "#1", "uv": [ 0.0, 5.0, 2.0, 6.5 ] }
													},
													"children": [
														{
															"name": "bone12",
															"from": [ 0.25, 0.25, 0.25 ],
															"to": [ 1.25, 7.25, 1.615 ],
															"rotationOrigin": [ 1.25, 4.85, 1.615 ],
															"faces": {
																"north": { "texture": "#2", "uv": [ 0.5, 6.0, 1.5, 13.0 ] },
																"east": { "texture": "#2", "uv": [ 13.0, 9.0, 14.0, 16.0 ] },
																"south": { "texture": "#2", "uv": [ 2.0, 6.0, 3.0, 13.0 ] },
																"west": { "texture": "#2", "uv": [ 13.5, 5.5, 14.5, 12.5 ] },
																"up": { "texture": "#2", "uv": [ 10.0, 7.5, 11.0, 8.5 ] },
																"down": { "texture": "#2", "uv": [ 0.0, 4.0, 1.0, 5.0 ] }
															},
															"children": [
																{
																	"name": "bone22",
																	"from": [ 1.2719, -0.0846, 0.33 ],
																	"to": [ 1.7719, 5.9154, 1.08 ],
																	"rotationOrigin": [ 2.2719, 4.5154, 1.83 ],
																	"faces": {
																		"north": { "texture": "#2", "uv": [ 11.5, 5.0, 12.0, 11.0 ] },
																		"east": { "texture": "#2", "uv": [ 8.0, 1.5, 8.5, 7.5 ] },
																		"south": { "texture": "#2", "uv": [ 13.5, 4.5, 14.0, 10.5 ] },
																		"west": { "texture": "#2", "uv": [ 10.5, 7.0, 11.0, 13.0 ] },
																		"up": { "texture": "#2", "uv": [ 8.0, 7.5, 8.5, 8.0 ] },
																		"down": { "texture": "#2", "uv": [ 6.5, 13.5, 7.0, 14.0 ] }
																	}
																}
															]
														}
													]
												}
											]
										},
										{
											"name": "Cube72",
											"from": [ -0.2645, 2.9869, 2.5 ],
											"to": [ 0.7355, 4.2869, 3.5 ],
											"rotationOrigin": [ -0.2645, 2.9869, 2.5 ],
											"rotationZ": -11.0,
											"faces": {
												"north": { "texture": "#2", "uv": [ 4.0, 8.5, 5.0, 11.0 ] },
												"east": { "texture": "#2", "uv": [ 4.0, 10.0, 5.0, 12.5 ] },
												"south": { "texture": "#2", "uv": [ 2.0, 12.5, 3.0, 14.9537 ] },
												"west": { "texture": "#2", "uv": [ 3.0, 3.5, 4.0, 6.0 ] },
												"up": { "texture": "#2", "uv": [ 7.5, 13.0, 8.5, 14.0 ] },
												"down": { "texture": "#2", "uv": [ 4.0, 13.0, 5.0, 14.0 ] }
											}
										}
									]
								},
								{
									"name": "rib22",
									"from": [ 1.6954, -3.8931, 4.49 ],
									"to": [ 2.1954, -0.8931, 5.29 ],
									"rotationOrigin": [ 1.6954, -0.8931, 4.49 ],
									"rotationX": 122.212,
									"rotationY": 14.937,
									"rotationZ": -4.224,
									"faces": {
										"north": { "texture": "#2", "uv": [ 7.5, 1.0, 8.0, 4.0 ] },
										"east": { "texture": "#2", "uv": [ 8.0, 1.0, 8.5, 4.0 ] },
										"south": { "texture": "#2", "uv": [ 8.5, 1.0, 9.0, 4.0 ] },
										"west": { "texture": "#2", "uv": [ 9.0, 1.0, 9.5, 4.0 ] },
										"up": { "texture": "#2", "uv": [ 7.5, 0.5, 8.0, 1.0 ] },
										"down": { "texture": "#2", "uv": [ 8.0, 0.5, 8.5, 1.0 ] }
									}
								},
								{
									"name": "rib9",
									"from": [ 1.8905, -3.9361, -3.51 ],
									"to": [ 2.3905, -0.9361, -2.71 ],
									"rotationOrigin": [ 2.3905, -0.9361, -2.71 ],
									"rotationX": -122.212,
									"rotationY": -14.937,
									"rotationZ": -1.724,
									"faces": {
										"north": { "texture": "#2", "uv": [ 12.5, 5.0, 13.0, 8.0 ] },
										"east": { "texture": "#2", "uv": [ 9.5, 6.0, 10.5, 9.0 ] },
										"south": { "texture": "#2", "uv": [ 13.0, 3.0, 13.5, 5.9444 ] },
										"west": { "texture": "#2", "uv": [ 3.5, 5.0, 4.5, 8.0 ] },
										"up": { "texture": "#2", "uv": [ 9.5, 4.0, 10.0, 5.0 ] },
										"down": { "texture": "#2", "uv": [ 12.5, 11.5, 13.0, 12.5 ] }
									}
								}
							]
						}
					]
				}
			]
		}
	],
	"animations": [
		{
			"name": "Walk",
			"code": "walk",
			"quantityframes": 40,
			"onActivityStopped": "EaseOut",
			"onAnimationEnd": "Repeat",
			"keyframes": [
				{
					"frame": 0,
					"elements": {
						"Body": { "offsetX": 0.0, "offsetY": 0.0, "offsetZ": 0.0, "rotationX": -3.0, "rotationY": 0.0, "rotationZ": 0.0 },
						"Left Arm": { "offsetX": 1.0, "offsetY": 1.0, "offsetZ": 0.0, "rotationX": 0.0, "rotationY": 0.0, "rotationZ": -55.0 },
						"overradius": { "rotationX": 0.0, "rotationY": 0.0, "rotationZ": 86.0 },
						"Right arm": { "offsetX": 0.0, "offsetY": 0.6, "offsetZ": 0.0, "rotationX": 0.0, "rotationY": 0.0, "rotationZ": -8.0 },
						"overradio": { "rotationX": 0.0, "rotationY": 0.0, "rotationZ": 14.0 },
						"right back leg": { "rotationX": 0.0, "rotationY": 0.0, "rotationZ": 14.0 }
					}
				},
				{
					"frame": 6,
					"elements": {
						"left back leg": { "offsetX": -2.0, "offsetY": -1.0, "offsetZ": 0.0, "rotationX": 0.0, "rotationY": 0.0, "rotationZ": -22.0 },
						"left leg back end": { "rotationX": 0.0, "rotationY": 0.0, "rotationZ": 17.0 }
					}
				},
				{
					"frame": 10,
					"elements": {
						"Body": { "offsetX": 0.0, "offsetY": -0.0, "offsetZ": 0.0, "rotationX": 0.0, "rotationY": 0.0, "rotationZ": 5.0 },
						"Left Arm": { "offsetX": -1.0, "offsetY": -1.0, "offsetZ": 0.0, "rotationX": 0.0, "rotationY": 0.0, "rotationZ": -39.0 },
						"overradius": { "rotationX": 0.0, "rotationY": 0.0, "rotationZ": 14.0 },
						"Right arm": { "offsetX": 0.0, "offsetY": 0.0, "offsetZ": 0.0, "rotationX": 0.0, "rotationY": 0.0, "rotationZ": 25.0 },
						"overradio": { "rotationX": 0.0, "rotationY": 0.0, "rotationZ": -14.0 },
						"right back leg": { "rotationX": 0.0, "rotationY": 0.0, "rotationZ": 30.0 },
						"right leg back end": { "rotationX": 0.0, "rotationY": 0.0, "rotationZ": -6.0 }
					}
				},
				{
					"frame": 16,
					"elements": {
						"left back leg": { "offsetX": -2.0, "offsetY": -0.1, "offsetZ": 0.0, "rotationX": 0.0, "rotationY": 0.0, "rotationZ": 0.0 },
						"left leg back end": { "rotationX": 0.0, "rotationY": 0.0, "rotationZ": -8.0 }
					}
				},
				{
					"frame": 20,
					"elements": {
						"Body": { "offsetX": 0.0, "offsetY": 0.0, "offsetZ": 0.0, "rotationX": 3.0, "rotationY": 0.0, "rotationZ": 0.0 },
						"Left Arm": { "offsetX": 0.0, "offsetY": 1.0, "offsetZ": 0.0, "rotationX": 0.0, "rotationY": 0.0, "rotationZ": -11.0 },
						"overradius": { "rotationX": 0.0, "rotationY": 0.0, "rotationZ": 17.0 },
						"Right arm": { "offsetX": -1.0, "offsetY": 0.0, "offsetZ": 0.0, "rotationX": 0.0, "rotationY": 0.0, "rotationZ": -36.0 },
						"overradio": { "rotationX": 0.0, "rotationY": 0.0, "rotationZ": 72.0 },
						"right back leg": { "rotationX": 0.0, "rotationY": 0.0, "rotationZ": -22.0 },
						"right leg back end": { "rotationX": 0.0, "rotationY": 0.0, "rotationZ": -3.0 }
					}
				},
				{
					"frame": 26,
					"elements": {
						"left back leg": { "offsetX": -2.0, "offsetY": 0.4, "offsetZ": 0.0, "rotationX": 0.0, "rotationY": 0.0, "rotationZ": 30.0 },
						"left leg back end": { "rotationX": 0.0, "rotationY": 0.0, "rotationZ": 0.0 }
					}
				},
				{
					"frame": 30,
					"elements": {
						"Body": { "offsetX": 0.0, "offsetY": 0.1, "offsetZ": 0.0, "rotationX": 0.0, "rotationY": 0.0, "rotationZ": 5.0 },
						"Right arm": { "offsetX": -1.0, "offsetY": -1.0, "offsetZ": 0.0, "rotationX": 0.0, "rotationY": 0.0, "rotationZ": -39.0 },
						"overradio": { "rotationX": 0.0, "rotationY": 0.0, "rotationZ": 14.0 },
						"right back leg": { "rotationX": 0.0, "rotationY": 0.0, "rotationZ": -30.0 },
						"right leg back end": { "rotationX": 0.0, "rotationY": 0.0, "rotationZ": 30.0 }
					}
				},
				{
					"frame": 36,
					"elements": {
						"left back leg": { "rotationX": 0.0, "rotationY": 0.0, "rotationZ": -3.0 },
						"left leg back end": { "rotationX": 0.0, "rotationY": 0.0, "rotationZ": -11.0 }
					}
				}
			]
		},

		{
			"name": "Run",
			"code": "Run",
			"quantityframes": 52,
			"onActivityStopped": "EaseOut",
			"onAnimationEnd": "Repeat",
			"keyframes": [
				{
					"frame": 4,
					"elements": {
						"Body": { "offsetX": -2.0, "offsetY": 1.8, "offsetZ": 0.0, "rotationX": 0.0, "rotationY": 0.0, "rotationZ": 3.0 },
						"Left Arm": { "offsetX": -2.0, "offsetY": -2.0, "offsetZ": 0.0, "rotationX": 0.0, "rotationY": 0.0, "rotationZ": -28.0 },
						"overradius": { "rotationX": 0.0, "rotationY": 0.0, "rotationZ": -11.0 },
						"Right arm": { "offsetX": -2.0, "offsetY": -2.0, "offsetZ": 0.0, "rotationX": 0.0, "rotationY": 0.0, "rotationZ": -28.0 },
						"overradio": { "rotationX": 0.0, "rotationY": 0.0, "rotationZ": -3.0 },
						"pelvis": { "offsetX": -2.0, "offsetY": 0.0, "offsetZ": 0.0, "rotationX": 0.0, "rotationY": 0.0, "rotationZ": 25.0 },
						"right back leg": { "offsetX": -1.0, "offsetY": 1.0, "offsetZ": 0.0 },
						"left back leg": { "offsetX": -2.0, "offsetY": 1.0, "offsetZ": 0.0 },
						"neck": { "rotationX": 0.0, "rotationY": 0.0, "rotationZ": 3.0 }
					}
				},
				{
					"frame": 11,
					"elements": {
						"Left Arm": { "offsetX": 0.0, "offsetY": 0.4, "offsetZ": 0.0 },
						"Right arm": { "offsetX": 0.0, "offsetY": 0.4, "offsetZ": 0.0 },
						"pelvis": { "offsetX": -1.3, "offsetY": -0.7, "offsetZ": 0.0, "rotationX": 0.0, "rotationY": 0.0, "rotationZ": 11.0 },
						"right back leg": { "offsetX": 0.0, "offsetY": -0.5, "offsetZ": 0.0, "rotationX": 0.0, "rotationY": 0.0, "rotationZ": -19.0 },
						"right leg back end": { "rotationX": 0.0, "rotationY": 0.0, "rotationZ": -22.0 },
						"left back leg": { "offsetX": 0.0, "offsetY": -0.5, "offsetZ": 0.0, "rotationX": 0.0, "rotationY": 0.0, "rotationZ": -28.0 },
						"left leg back end": { "rotationX": 0.0, "rotationY": 0.0, "rotationZ": -25.0 }
					}
				},
				{
					"frame": 17,
					"elements": {
						"Body": { "offsetX": 0.0, "offsetY": 1.0, "offsetZ": 0.0, "rotationX": 0.0, "rotationY": 0.0, "rotationZ": 0.0 },
						"Right arm": { "offsetX": 0.0, "offsetY": 0.0, "offsetZ": 0.0, "rotationX": 0.0, "rotationY": 0.0, "rotationZ": -3.0 },
						"overradio": { "rotationX": 0.0, "rotationY": 0.0, "rotationZ": 61.0 },
						"Left Arm": { "offsetX": 0.0, "offsetY": 0.0, "offsetZ": 0.0, "rotationX": 0.0, "rotationY": 0.0, "rotationZ": 28.0 },
						"overradius": { "rotationX": 0.0, "rotationY": 0.0, "rotationZ": -17.0 },
						"neck": { "rotationX": 0.0, "rotationY": 0.0, "rotationZ": -8.0 }
					}
				},
				{
					"frame": 23,
					"elements": {
						"Body": { "offsetX": -1.0, "offsetY": 3.0, "offsetZ": 0.0, "rotationX": 0.0, "rotationY": 0.0, "rotationZ": -11.0 },
						"Right arm": { "offsetX": 0.0, "offsetY": 2.0, "offsetZ": 0.0 },
						"Left Arm": { "offsetX": 0.0, "offsetY": 2.0, "offsetZ": 0.0 },
						"right back leg": { "offsetX": 0.0, "offsetY": -1.0, "offsetZ": 0.0, "rotationX": 0.0, "rotationY": 0.0, "rotationZ": 25.0 },
						"right leg back end": { "rotationX": 0.0, "rotationY": 0.0, "rotationZ": 17.0 },
						"left back leg": { "offsetX": 0.0, "offsetY": -1.0, "offsetZ": 0.0, "rotationX": 0.0, "rotationY": 0.0, "rotationZ": 25.0 },
						"left leg back end": { "rotationX": 0.0, "rotationY": 0.0, "rotationZ": 11.0 }
					}
				},
				{
					"frame": 29,
					"elements": {
						"Body": { "offsetX": -2.0, "offsetY": 1.8, "offsetZ": 0.0, "rotationX": 0.0, "rotationY": 0.0, "rotationZ": 3.0 },
						"neck": { "rotationX": 0.0, "rotationY": 0.0, "rotationZ": 8.0 },
						"Right arm": { "offsetX": -2.0, "offsetY": -2.0, "offsetZ": 0.0, "rotationX": 0.0, "rotationY": 0.0, "rotationZ": -28.0 },
						"overradio": { "rotationX": 0.0, "rotationY": 0.0, "rotationZ": -3.0 },
						"Left Arm": { "offsetX": -2.0, "offsetY": -2.0, "offsetZ": 0.0, "rotationX": 0.0, "rotationY": 0.0, "rotationZ": -28.0 },
						"overradius": { "rotationX": 0.0, "rotationY": 0.0, "rotationZ": -11.0 },
						"pelvis": { "offsetX": -2.0, "offsetY": 0.0, "offsetZ": 0.0, "rotationX": 0.0, "rotationY": 0.0, "rotationZ": 25.0 },
						"right back leg": { "offsetX": -1.0, "offsetY": 1.0, "offsetZ": 0.0, "rotationX": 0.0, "rotationY": 0.0, "rotationZ": 4.692 },
						"right leg back end": { "rotationX": 0.0, "rotationY": 0.0, "rotationZ": 3.308 },
						"left back leg": { "offsetX": -2.0, "offsetY": 1.0, "offsetZ": 0.0, "rotationX": 0.0, "rotationY": 0.0, "rotationZ": 6.462 },
						"left leg back end": { "rotationX": 0.0, "rotationY": 0.0, "rotationZ": -4.0 }
					}
				},
				{
					"frame": 38,
					"elements": {
						"Body": { "offsetX": -0.9230769230769231, "offsetY": 1.3692307692307693, "offsetZ": 0.0, "rotationX": 0.0, "rotationY": 0.0, "rotationZ": 1.385 },
						"Right arm": { "offsetX": 0.0, "offsetY": 0.4, "offsetZ": 0.0, "rotationX": 0.0, "rotationY": 0.0, "rotationZ": -14.538 },
						"overradio": { "rotationX": 0.0, "rotationY": 0.0, "rotationZ": 31.462 },
						"Left Arm": { "offsetX": 0.0, "offsetY": 0.4, "offsetZ": 0.0, "rotationX": 0.0, "rotationY": 0.0, "rotationZ": 2.154 },
						"overradius": { "rotationX": 0.0, "rotationY": 0.0, "rotationZ": -14.231 },
						"pelvis": { "offsetX": -1.3, "offsetY": -0.7, "offsetZ": 0.0, "rotationX": 0.0, "rotationY": 0.0, "rotationZ": 11.0 },
						"right back leg": { "offsetX": 0.0, "offsetY": -0.5, "offsetZ": 0.0, "rotationX": 0.0, "rotationY": 0.0, "rotationZ": -19.0 },
						"right leg back end": { "rotationX": 0.0, "rotationY": 0.0, "rotationZ": -22.0 },
						"left back leg": { "offsetX": 0.0, "offsetY": -0.5, "offsetZ": 0.0, "rotationX": 0.0, "rotationY": 0.0, "rotationZ": -28.0 },
						"left leg back end": { "rotationX": 0.0, "rotationY": 0.0, "rotationZ": -25.0 }
					}
				},
				{
					"frame": 44,
					"elements": {
						"Body": { "offsetX": 0.0, "offsetY": -0.2, "offsetZ": 0.0, "rotationX": 0.0, "rotationY": 0.0, "rotationZ": 3.0 },
						"neck": { "rotationX": 0.0, "rotationY": 0.0, "rotationZ": -19.0 },
						"Right arm": { "offsetX": 0.0, "offsetY": -1.0, "offsetZ": 0.0, "rotationX": 0.0, "rotationY": 0.0, "rotationZ": 19.0 },
						"overradio": { "rotationX": 0.0, "rotationY": 0.0, "rotationZ": -11.0 },
						"Left Arm": { "offsetX": 0.0, "offsetY": -1.0, "offsetZ": 0.0, "rotationX": 0.0, "rotationY": 0.0, "rotationZ": -11.0 },
						"overradius": { "rotationX": 0.0, "rotationY": 0.0, "rotationZ": 44.0 },
						"right back leg": { "offsetX": -1.0, "offsetY": -1.0, "offsetZ": 0.0 },
						"left back leg": { "offsetX": -1.0, "offsetY": 0.0, "offsetZ": 0.0 }
					}
				},
				{
					"frame": 50,
					"elements": {
						"Body": { "offsetX": -1.0, "offsetY": 3.0, "offsetZ": 0.0, "rotationX": 0.0, "rotationY": 0.0, "rotationZ": -11.0 },
						"Right arm": { "offsetX": 0.0, "offsetY": 2.0, "offsetZ": 0.0, "rotationX": 0.0, "rotationY": 0.0, "rotationZ": -15.5 },
						"overradio": { "rotationX": 0.0, "rotationY": 0.0, "rotationZ": 29.0 },
						"Left Arm": { "offsetX": 0.0, "offsetY": 2.0, "offsetZ": 0.0, "rotationX": 0.0, "rotationY": 0.0, "rotationZ": 0.0 },
						"overradius": { "rotationX": 0.0, "rotationY": 0.0, "rotationZ": -14.0 },
						"pelvis": { "offsetX": -1.7666666666666666, "offsetY": -0.23333333333333334, "offsetZ": 0.0, "rotationX": 0.0, "rotationY": 0.0, "rotationZ": 20.333 },
						"right back leg": { "offsetX": 0.0, "offsetY": -1.0, "offsetZ": 0.0, "rotationX": 0.0, "rotationY": 0.0, "rotationZ": 25.0 },
						"right leg back end": { "rotationX": 0.0, "rotationY": 0.0, "rotationZ": 17.0 },
						"left back leg": { "offsetX": 0.0, "offsetY": -1.0, "offsetZ": 0.0, "rotationX": 0.0, "rotationY": 0.0, "rotationZ": 25.0 },
						"left leg back end": { "rotationX": 0.0, "rotationY": 0.0, "rotationZ": 11.0 }
					}
				}
			]
		},

		{
			"name": "Death",
			"code": "death",
			"quantityframes": 45,
			"onActivityStopped": "PlayTillEnd",
			"onAnimationEnd": "Hold",
			"keyframes": [
				{
					"frame": 0,
					"elements": {
						"Body": { "offsetX": 0.0, "offsetY": 0.0, "offsetZ": 0.0, "rotationX": 0.0, "rotationY": 0.0, "rotationZ": 0.0 },
						"Right arm": { "offsetX": 0.0, "offsetY": 0.0, "offsetZ": 0.0, "rotationX": 0.0, "rotationY": 0.0, "rotationZ": 0.0 },
						"overradio": { "offsetX": 0.0, "offsetY": 0.0, "offsetZ": 0.0, "rotationX": 0.0, "rotationY": 0.0, "rotationZ": 0.0 },
						"Left Arm": { "offsetX": 0.0, "offsetY": 0.0, "offsetZ": 0.0, "rotationX": 0.0, "rotationY": 0.0, "rotationZ": 0.0 },
						"overradius": { "offsetX": 0.0, "offsetY": 0.0, "offsetZ": 0.0, "rotationX": 0.0, "rotationY": 0.0, "rotationZ": 0.0 },
						"right back leg": { "offsetX": 0.0, "offsetY": 0.0, "offsetZ": 0.0, "rotationX": 0.0, "rotationY": 0.0, "rotationZ": 0.0 },
						"right leg back end": { "rotationX": 0.0, "rotationY": 0.0, "rotationZ": 0.0 },
						"left back leg": { "rotationX": 0.0, "rotationY": 0.0, "rotationZ": 0.0 },
						"left leg back end": { "rotationX": 0.0, "rotationY": 0.0, "rotationZ": 0.0 },
						"tail": { "rotationX": 0.0, "rotationY": 0.0, "rotationZ": 0.0 },
						"tail end": { "rotationX": 0.0, "rotationY": 0.0, "rotationZ": 0.0 },
						"neck": { "rotationX": 0.0, "rotationY": 0.0, "rotationZ": 0.0 }
					}
				},
				{
					"frame": 10,
					"elements": {
						"Body": { "offsetX": -3.0, "offsetY": -3.0, "offsetZ": 0.0, "rotationX": 0.0, "rotationY": 0.0, "rotationZ": 14.0 },
						"Right arm": { "offsetX": 0.0, "offsetY": 3.0, "offsetZ": 0.0, "rotationX": 0.0, "rotationY": 0.0, "rotationZ": -47.0 },
						"overradio": { "offsetX": 0.0, "offsetY": 1.0, "offsetZ": 0.0, "rotationX": 0.0, "rotationY": 0.0, "rotationZ": 53.0 },
						"Left Arm": { "offsetX": 0.0, "offsetY": 2.0, "offsetZ": 0.0, "rotationX": 0.0, "rotationY": 0.0, "rotationZ": -47.0 },
						"overradius": { "offsetX": 0.0, "offsetY": 2.0, "offsetZ": 0.0, "rotationX": 0.0, "rotationY": 0.0, "rotationZ": 30.0 },
						"right back leg": { "offsetX": 0.0, "offsetY": 0.0, "offsetZ": 0.0, "rotationX": 0.0, "rotationY": 0.0, "rotationZ": 17.0 },
						"right leg back end": { "rotationX": 0.0, "rotationY": 0.0, "rotationZ": -25.0 },
						"left back leg": { "rotationX": 0.0, "rotationY": 0.0, "rotationZ": 0.0 },
						"left leg back end": { "rotationX": 0.0, "rotationY": 0.0, "rotationZ": 0.0 },
						"tail": { "rotationX": 0.0, "rotationY": 0.0, "rotationZ": -14.0 },
						"tail end": { "rotationX": 0.0, "rotationY": 0.0, "rotationZ": -42.0 },
						"neck": { "rotationX": 0.0, "rotationY": 0.0, "rotationZ": -28.0 }
					}
				},
				{
					"frame": 20,
					"elements": {
						"Body": { "offsetX": -7.0, "offsetY": -7.0, "offsetZ": 0.0, "rotationX": 0.0, "rotationY": 0.0, "rotationZ": 14.0 },
						"Right arm": { "offsetX": 0.0, "offsetY": 0.0, "offsetZ": 0.0, "rotationX": 0.0, "rotationY": -25.0, "rotationZ": -100.0 },
						"overradio": { "offsetX": 0.0, "offsetY": 0.0, "offsetZ": 0.0, "rotationX": 0.0, "rotationY": 0.0, "rotationZ": 30.0 },
						"Left Arm": { "offsetX": 0.0, "offsetY": 0.0, "offsetZ": 0.0, "rotationX": 0.0, "rotationY": 39.0, "rotationZ": -86.0 },
						"overradius": { "offsetX": 0.0, "offsetY": 0.0, "offsetZ": 0.0, "rotationX": 0.0, "rotationY": 0.0, "rotationZ": 3.0 },
						"right back leg": { "rotationX": 0.0, "rotationY": 17.0, "rotationZ": 30.0 },
						"right leg back end": { "rotationX": 0.0, "rotationY": 0.0, "rotationZ": 33.0 },
						"left back leg": { "rotationX": 0.0, "rotationY": -14.0, "rotationZ": 28.0 },
						"left leg back end": { "rotationX": 0.0, "rotationY": 0.0, "rotationZ": 33.0 },
						"tail end": { "rotationX": 0.0, "rotationY": 0.0, "rotationZ": 36.0 },
						"neck": { "rotationX": 0.0, "rotationY": 0.0, "rotationZ": -30.0 }
					}
				},
				{
					"frame": 44,
					"elements": {
						"Body": { "offsetX": -7.0, "offsetY": -7.0, "offsetZ": 0.0, "rotationX": 0.0, "rotationY": 0.0, "rotationZ": 14.0 },
						"neck": { "rotationX": 0.0, "rotationY": 0.0, "rotationZ": -30.0 },
						"Right arm": { "offsetX": 0.0, "offsetY": 0.0, "offsetZ": 0.0, "rotationX": 0.0, "rotationY": -25.0, "rotationZ": -100.0 },
						"overradio": { "offsetX": 0.0, "offsetY": 0.0, "offsetZ": 0.0, "rotationX": 0.0, "rotationY": 0.0, "rotationZ": 30.0 },
						"Left Arm": { "rotationX": 0.0, "rotationY": 39.0, "rotationZ": -86.0 },
						"overradius": { "rotationX": 0.0, "rotationY": 0.0, "rotationZ": 3.0 },
						"tail": { "rotationX": 0.0, "rotationY": 0.0, "rotationZ": -10.0 },
						"tail end": { "rotationX": 0.0, "rotationY": 0.0, "rotationZ": 36.0 },
						"right back leg": { "offsetX": 0.0, "offsetY": 0.0, "offsetZ": 0.0, "rotationX": 0.0, "rotationY": 17.0, "rotationZ": 30.0 },
						"right leg back end": { "rotationX": 0.0, "rotationY": 0.0, "rotationZ": 33.0 },
						"left back leg": { "rotationX": 0.0, "rotationY": -14.0, "rotationZ": 28.0 },
						"left leg back end": { "rotationX": 0.0, "rotationY": 0.0, "rotationZ": 33.0 }
					}
				}
			]
		},

		{
			"name": "Attack",
			"code": "attack",
			"quantityframes": 55,
			"onActivityStopped": "PlayTillEnd",
			"onAnimationEnd": "Stop",
			"keyframes": [
				{
					"frame": 0,
					"elements": {
						"Body": { "offsetX": 0.0, "offsetY": 0.0, "offsetZ": 0.0, "rotationX": 0.0, "rotationY": 0.0, "rotationZ": 0.0 },
						"pelvis": { "rotationX": 0.0, "rotationY": 0.0, "rotationZ": 0.0 },
						"right back leg": { "rotationX": 0.0, "rotationY": 0.0, "rotationZ": 0.0 },
						"left back leg": { "rotationX": 0.0, "rotationY": 0.0, "rotationZ": 0.0 },
						"left leg back end": { "rotationX": 0.0, "rotationY": 0.0, "rotationZ": 0.0 },
						"Left Arm": { "rotationX": 0.0, "rotationY": 0.0, "rotationZ": 0.0 },
						"overradius": { "rotationX": 0.0, "rotationY": 0.0, "rotationZ": 0.0 },
						"Right arm": { "rotationX": 0.0, "rotationY": 0.0, "rotationZ": 0.0 },
						"overradio": { "rotationX": 0.0, "rotationY": 0.0, "rotationZ": 0.0 },
						"neck": { "rotationX": 0.0, "rotationY": 0.0, "rotationZ": 0.0 },
						"head": { "rotationX": 0.0, "rotationY": 0.0, "rotationZ": 0.0 },
						"jaw": { "rotationX": 0.0, "rotationY": 0.0, "rotationZ": 0.0 }
					}
				},
				{
					"frame": 15,
					"elements": {
						"Body": { "offsetX": 3.0, "offsetY": -1.0, "offsetZ": 0.0, "rotationX": 0.0, "rotationY": 0.0, "rotationZ": -3.0 },
						"pelvis": { "offsetX": -1.0, "offsetY": 0.0, "offsetZ": 0.0, "rotationX": 0.0, "rotationY": 0.0, "rotationZ": 28.0 },
						"right back leg": { "rotationX": 0.0, "rotationY": 0.0, "rotationZ": -42.0 },
						"right leg back end": { "rotationX": 0.0, "rotationY": 0.0, "rotationZ": 6.0 },
						"left back leg": { "rotationX": 0.0, "rotationY": 0.0, "rotationZ": -36.0 },
						"left leg back end": { "rotationX": 0.0, "rotationY": 0.0, "rotationZ": 0.0 },
						"Left Arm": { "rotationX": 0.0, "rotationY": 0.0, "rotationZ": 22.0 },
						"overradius": { "rotationX": 0.0, "rotationY": 0.0, "rotationZ": -39.0 },
						"Right arm": { "rotationX": 0.0, "rotationY": 0.0, "rotationZ": 17.0 },
						"overradio": { "rotationX": 0.0, "rotationY": 0.0, "rotationZ": -33.0 },
						"neck": { "rotationX": 0.0, "rotationY": 0.0, "rotationZ": 17.0 },
						"head": { "rotationX": 0.0, "rotationY": 0.0, "rotationZ": -42.0 },
						"jaw": { "rotationX": 0.0, "rotationY": 0.0, "rotationZ": -14.0 }
					}
				},
				{
					"frame": 27,
					"elements": {
						"Body": { "offsetX": -9.0, "offsetY": 4.0, "offsetZ": 0.0, "rotationX": 0.0, "rotationY": 0.0, "rotationZ": -28.0 },
						"neck": { "rotationX": 0.0, "rotationY": -3.0, "rotationZ": -19.0 },
						"head": { "offsetX": 0.0, "offsetY": 0.0, "offsetZ": 0.0, "rotationX": 0.0, "rotationY": 0.0, "rotationZ": -28.0 },
						"jaw": { "rotationX": 0.0, "rotationY": 0.0, "rotationZ": 33.0 },
						"Right arm": { "offsetX": -1.0, "offsetY": 0.0, "offsetZ": 0.0, "rotationX": 0.0, "rotationY": 0.0, "rotationZ": 22.0 },
						"overradio": { "rotationX": 0.0, "rotationY": 0.0, "rotationZ": 8.0 },
						"Left Arm": { "rotationX": 0.0, "rotationY": 0.0, "rotationZ": 19.0 },
						"overradius": { "rotationX": 0.0, "rotationY": 0.0, "rotationZ": 6.0 }
					}
				},
				{
					"frame": 35,
					"elements": {
						"Body": { "offsetX": -6.0, "offsetY": -1.0, "offsetZ": 0.0, "rotationX": 0.0, "rotationY": 0.0, "rotationZ": 0.0 },
						"jaw": { "offsetX": 0.0, "offsetY": 0.4, "offsetZ": 0.0, "rotationX": 0.0, "rotationY": 0.0, "rotationZ": -11.0 },
						"Left Arm": { "rotationX": 0.0, "rotationY": 0.0, "rotationZ": 0.0 },
						"overradius": { "rotationX": 0.0, "rotationY": 0.0, "rotationZ": 0.0 }
					}
				}
			]
		},

		{
			"name": "Hurt",
			"code": "hurt",
			"quantityframes": 25,
			"onActivityStopped": "PlayTillEnd",
			"onAnimationEnd": "Stop",
			"keyframes": [
				{
					"frame": 0,
					"elements": {
						"Body": { "rotationX": 0.0, "rotationY": 0.0, "rotationZ": 0.0 },
						"neck": { "offsetX": 0.0, "offsetY": 0.0, "offsetZ": 0.0, "rotationX": 0.0, "rotationY": 0.0, "rotationZ": 0.0 },
						"Abdomen": { "rotationX": 0.0, "rotationY": 0.0, "rotationZ": 0.0 },
						"pelvis": { "offsetX": 0.0, "offsetY": 0.0, "offsetZ": 0.0, "rotationX": 0.0, "rotationY": 0.0, "rotationZ": 0.0 }
					}
				},
				{
					"frame": 3,
					"elements": {
						"Body": { "rotationX": 0.0, "rotationY": -8.0, "rotationZ": 0.0 },
						"neck": { "offsetX": 0.0, "offsetY": 0.0, "offsetZ": 0.0, "rotationX": 0.0, "rotationY": -19.0, "rotationZ": 3.0 },
						"Abdomen": { "rotationX": 0.0, "rotationY": 6.0, "rotationZ": 0.0 },
						"pelvis": { "offsetX": 0.0, "offsetY": -0.5, "offsetZ": 0.0, "rotationX": 0.0, "rotationY": 0.0, "rotationZ": 6.0 }
					}
				},
				{
					"frame": 4,
					"elements": {
						"neck": { "rotationX": 0.0, "rotationY": -25.0, "rotationZ": 3.0 },
						"Abdomen": { "rotationX": 0.0, "rotationY": 8.0, "rotationZ": 0.0 }
					}
				}
			]
		}
	]
}