[
	{
		"op": "addmerge",
		"path": "/server/behaviors/9/aitasks/0/entityCodes",
		"value": ["bandit-*", "deserter-*", "hound-*", "looter", "poacher-*", "yeoman-archer"],
		"side": "Server",
		"dependsOn": [ { "modid": "outlawmod" } ],
		"file": "rustandrotalathra:entities/land/rotten/rotwalker.json"
	},
	{
		"op": "addmerge",
		"path": "/server/behaviors/9/aitasks/1/entityCodes",
		"value": ["bandit-*", "deserter-*", "hound-*", "looter", "poacher-*", "yeoman-archer"],
		"side": "Server",
		"dependsOn": [ { "modid": "outlawmod" } ],
		"file": "rustandrotalathra:entities/land/rotten/rotwalker.json"
	},
	{
		"op": "addmerge",
		"path": "/server/behaviors/9/aitasks/2/entityCodes",
		"value": ["bandit-*", "deserter-*", "hound-*", "looter", "poacher-*", "yeoman-archer"],
		"side": "Server",
		"dependsOn": [ { "modid": "outlawmod" } ],
		"file": "rustandrotalathra:entities/land/rotten/rotwalker.json"
	}
]