{
	code: "rotcrawler",
	class: "EntityAgent",
	hitboxSize: { x: 1.5, y: 1 },
	canClimb: true,
	canClimbAnywhere: true,
	climbTouchDistance: 0.1,
	rotateModelOnClimb: true,
	deadHitboxSize: { x: 1.5, y: 1 },
	eyeHeight: 1.5,
	drops: [],
	client: {
		renderer: "Shape",
		shape: { base: "rustandrotalathra:entity/land/rotten/rotcrawler" },
		texture: { base: "rustandrotalathra:entity/rotten/rotcrawler/rotcrawler" },
		behaviors: [
			{ code: "repulseagents" }, 
			{ code: "controlledphysics", stepHeight: 1.1251 }, 
			{ code: "floatupwhenstuck", onlyWhenDead: true },
			{ code: "interpolateposition" },
			{ code: "harvestable" },
			{ code: "despawn", minPlayerDistance: 16, minSeconds: 300, afterDays: 14 },
		],
		animations: [
			{
				"code": "hurt",
				"animation": "hurt", 
				"animationSpeed": 2.2,
				"weight": 10,
				"blendMode": "AddAverage" 
			},
			{
				"code": "die",
				"animation": "die", 
				"animationSpeed": 1.25,
				"weight": 10,
				"blendMode": "Average",
				"triggeredBy": { "onControls": ["dead"] }
			},
			{ 
				"code": "idle", 
				"animation": "idle",
				"blendMode": "AddAverage",
				"easeOutSpeed": 4,
				"triggeredBy": { "defaultAnim": true }
			}
		]
	},
	server: {
		behaviors: [
			{ code: "repulseagents" }, 
			{ code: "controlledphysics", stepHeight: 1.1251 },
			{ code: "despawn", minPlayerDistance: 8, belowLightLevel: 8, minSeconds: 300 },
			{ code: "health", currenthealth: 25, maxhealth: 25 },
			{ code: "deaddecay", hoursToDecay: 3, decayedBlock: "drycarcass-humanoid1" },
			{ code: "floatupwhenstuck", onlyWhenDead: true },
			{ code: "breathe" },
			{ 
				code: "emotionstates",
				states: [
					{ code: "fleeondamage", duration: 60, chance: 0.30, slot: 2, priority: 5, accumType: "max", whenHealthRelBelow: 0.3 },
					{ code: "aggressiveondamage", duration: 30, chance: 1, slot: 2, priority: 2, accumType: "noaccum" },
				]
			},
			{
				code: "taskai",
				aitasks: [
					{
						code: "meleeattack",
						entityCodes: ["player", "golem-normal", "itinerant", "roamer-normal", "drifter-*"],
						priority: 2,
						damage: 4,
						damageTier: 1,
						damageType: "SlashingAttack",
						slot: 1,
						mincooldown: 1500, 
						maxcooldown: 1500, 
						attackDurationMs: 800,
						damagePlayerAtMs: 500,
						animation: "Attack",
						animationSpeed: 1,
						sound: "rustandrotalathra:creature/rotwalker/attack*"
					},
					{
						code: "seekentity",
						entityCodes: ["player", "golem-normal", "itinerant", "roamer-normal", "drifter-*"],
						priority: 1.49,
						movespeed: 0.015,
						seekingRange: 20,
						animation: "Walk",
						animationSpeed: 2,
						sound: "rustandrotalathra:creature/rotwalker/attack*"
					},
					{
						"code": "seekentity",
						"entityCodes": ["player", "golem-normal", "itinerant", "roamer-normal", "drifter-*"],
						"priority": 1.49,
						"movespeed": 0.015,
						"seekingRange": 20,
						"animation": "Walk",
						"animationSpeed": 2,
						"whenInEmotionState": "aggressiveondamage",
						sound: "rustandrotalathra:creature/rotwalker/attack*"
					},
					{
						code: "idle",
						priority: 1.3,
						priorityForCancel: 1.35,
						minduration: 2500,
						maxduration: 2500,
						mincooldown: 6000,
						maxcooldown: 20000,
						animation: "Idle",
						animationSpeed: 1.25,
						whenNotInEmotionState: "aggressiveondamage"
					},
					{
						"code": "getoutofwater",
						"priority": 1.4,
						"movespeed": 0.015,
						"animation": "Walk",
						"animationSpeed": 2.2
					},
					{
						"code": "wander", 
						"priority": 1.0, 
						"priorityForCancel": 1.35,
						"movespeed": 0.006,
						"animation": "Walk",
						"preferredLightLevel": 20
					},
					{ 
						"code": "lookaround", 
						"priority": 0.5
					}
				]
			},
			{ "code":
				"harvestable",
				"duration": 2,
				"dropsByType": {
					"rotcrawler": [
						{
							"type": "item",
							"code": "rot",
							"quantity": { "avg": 1, "var": 0 }
						},
						{
							"type": "item",
							"code": "bone",
							"quantity": { "avg": 3, "var": 0.5 }
						},
						{
							"type": "item",
							"code": "rustandrotalathra:rottenskin",
							"quantity": { "dist":"uniform", "avg": 0.025, "var": 0.5 }
						},
						{
							"type": "item",
							"code": "insect-grub",
							"quantity": { "avg": 1, "var": 0.25 }
						}
					]
				}
			}
		],
		
		"spawnconditions": {
			"runtime": {
				"group": "hostile",
				"chance": 0.0003,
				"maxQuantity": 3,
				"maxLightLevel": 4,
				"minLightLevel": 0,
				"lightLevelType": "onlyBlockLight",
				"groupSize": { "dist": "invexp", "avg": 1, "var": 0 },
				"insideBlockCodes": ["game:air", "game:tallgrass-*", "game:snowlayer-1"],
				"minY":0,
				"maxY": 2,
				"companions": ["parasitic-fly", "parasitic-fly"]
				}
			},
	sounds: {
		hurt: "rustandrotalathra:creature/rotwalker/hurt*",
		death: "rustandrotalathra:creature/rotwalker/death",
		idle: "rustandrotalathra:creature/rotwalker/idle*"
	},
	"idleSoundchance": 0.45,
}
}