{
	"code": "thrownskullp",
	"class": "EntityProjectile",
	"hitboxSize": { "x": 0.125, "y": 0.125 },
	"client": {
	  "renderer": "Shape",
	  "shape": {
		"base": "game:item/clutter/skull/humanoid",
		"offsetX": 0
	  },
	  "behaviors": [
		{ 
		  "code": "passivephysics", 
		  "groundDragFactor": 1,
		  "airDragFactor": 0.25,
		  "gravityFactor": 0.75
		}, 
		{ "code": "interpolateposition" }
	  ]
	},
	"server": {
	  "behaviors": [
		{ 
		  "code": "passivephysics", 
		  "groundDragFactor": 1,
		  "airDragFactor": 0.25,
		  "gravityFactor": 0.75
		}, 
		{ "code": "despawn", "minSeconds": 600 }
	  ]
	},
	"sounds": {}
  }
  