{
	"editor": {
		"collapsedPaths": "Root/root/LowerTorso/UpperTorso,Root/root/UpperTorso/origin/Cube8,Root/root/UpperTorso/LowerArmR2,Root/root/UpperTorso/UpperArmR4,Root/root/UpperTorso/origin/body,Root/origin,Root/root/UpperTorso/origin/body1/glow,Root/root/UpperTorso/origin/Cube2,Root/root/origin,Root/root/UpperTorso/Head,Root/root/UpperTorso/origin/Cube5",
		"allAngles": true,
		"entityTextureMode": false
	},
	"textureWidth": 16,
	"textureHeight": 16,
	"textureSizes": {
	},
	"textures": {
	},
	"elements": [
		{
			"name": "root",
			"from": [ -22.0, -18.0, -13.0 ],
			"to": [ -22.0, -18.0, -13.0 ],
			"rotationOrigin": [ 2.0, 0.0, 11.0 ],
			"faces": {
			},
			"children": [
				{
					"name": "LowerTorso",
					"from": [ 13.5, 39.0, 13.2 ],
					"to": [ 32.4, 60.0, 37.2 ],
					"rotationOrigin": [ 19.5, 39.0, 22.2 ],
					"rotationX": -6.0,
					"rotationZ": 3.0,
					"faces": {
						"north": { "texture": "#seraph", "uv": [ 3.75, 9.25, 8.75, 14.25 ], "autoUv": false, "windMode": [-1,-1,-1,-1] },
						"east": { "texture": "#seraph", "uv": [ 1.5, 9.25, 7.5, 14.25 ], "autoUv": false },
						"south": { "texture": "#seraph", "uv": [ 3.0, 8.25, 8.0, 13.25 ], "autoUv": false },
						"west": { "texture": "#seraph", "uv": [ 1.0, 9.5, 7.0, 14.5 ], "autoUv": false },
						"up": { "texture": "#seraph", "uv": [ 3.25, 3.5, 9.25, 8.5 ], "rotation": 90, "autoUv": false },
						"down": { "texture": "#seraph", "uv": [ 9.75, 10.25, 15.75, 15.25 ], "rotation": 90, "autoUv": false }
					}
				},
				{
					"name": "UpperTorso",
					"from": [ 17.2149, 54.87, 15.3 ],
					"to": [ 32.2149, 72.87, 33.9 ],
					"rotationOrigin": [ 23.2149, 56.9793, 24.6 ],
					"rotationX": -25.0,
					"rotationZ": -3.0,
					"faces": {
						"north": { "texture": "#seraph", "uv": [ 1.0, 4.0, 6.0, 9.0 ], "autoUv": false },
						"east": { "texture": "#seraph", "uv": [ 1.25, 4.25, 7.25, 9.25 ], "autoUv": false },
						"south": { "texture": "#seraph", "uv": [ 1.75, 3.25, 6.75, 8.25 ], "autoUv": false },
						"west": { "texture": "#seraph", "uv": [ 1.75, 3.25, 7.75, 8.25 ], "autoUv": false },
						"up": { "texture": "#seraph", "uv": [ 2.5, 2.75, 8.5, 7.75 ], "rotation": 90, "autoUv": false },
						"down": { "texture": "#seraph", "uv": [ 1.75, 4.25, 7.75, 9.25 ], "rotation": 90, "autoUv": false }
					},
					"children": [
						{
							"name": "Head",
							"from": [ -5.76, 8.04, 5.46 ],
							"to": [ 8.64, 23.04, 12.36 ],
							"rotationOrigin": [ 0.3618, 8.0055, 9.96 ],
							"rotationX": 14.0,
							"rotationZ": 5.0,
							"faces": {
								"north": { "texture": "#seraph", "uv": [ 10.75, 10.5, 15.5, 15.5 ], "autoUv": false },
								"east": { "texture": "#seraph", "uv": [ 10.5, 10.0, 12.75, 15.0 ], "autoUv": false },
								"south": { "texture": "#seraph", "uv": [ 9.75, 10.5, 14.5, 15.5 ], "autoUv": false },
								"west": { "texture": "#seraph", "uv": [ 10.75, 10.0, 13.0, 15.0 ], "autoUv": false },
								"up": { "texture": "#seraph", "uv": [ 9.5, 10.5, 11.5, 15.0 ], "rotation": 90, "autoUv": false },
								"down": { "texture": "#seraph", "uv": [ 9.5, 10.0, 11.5, 14.5 ], "rotation": 90, "autoUv": false }
							},
							"children": [
								{
									"name": "Cube12",
									"from": [ -0.9, 5.4, 0.3 ],
									"to": [ 0.9, 8.4, 3.6 ],
									"rotationOrigin": [ -0.9, 5.4, 0.3 ],
									"faces": {
										"north": { "texture": "#charred", "uv": [ 0.0, 0.0, 0.5, 1.0 ], "autoUv": false },
										"east": { "texture": "#charred", "uv": [ 0.0, 0.0, 1.0, 1.0 ], "autoUv": false, "windMode": [-1,-1,-1,-1] },
										"south": { "texture": "#charred", "uv": [ 0.0, 0.0, 0.5, 1.0 ], "autoUv": false, "windMode": [-1,-1,-1,-1] },
										"west": { "texture": "#charred", "uv": [ 0.0, 0.0, 1.0, 1.0 ], "autoUv": false, "windMode": [-1,-1,-1,-1] },
										"up": { "texture": "#charred", "uv": [ 0.0, 0.0, 0.5, 1.0 ], "autoUv": false, "windMode": [-1,-1,-1,-1] },
										"down": { "texture": "#charred", "uv": [ 0.0, 0.0, 0.5, 1.0 ], "autoUv": false, "windMode": [-1,-1,-1,-1] }
									},
									"children": [
										{
											"name": "LowerArmR10",
											"from": [ -0.3, 0.9, 0.9 ],
											"to": [ 1.8, 2.1, 2.4 ],
											"rotationOrigin": [ 8.6007, 8.8617, 23.7186 ],
											"faces": {
												"north": { "texture": "#rustyglow", "uv": [ 10.5, 11.5, 11.0, 12.0 ], "glow": 255, "autoUv": false },
												"east": { "texture": "#rustyglow", "uv": [ 12.5, 12.0, 13.0, 12.5 ], "autoUv": false },
												"south": { "texture": "#rustyglow", "uv": [ 11.5, 12.0, 12.0, 12.5 ], "glow": 255, "autoUv": false },
												"west": { "texture": "#rustyglow", "uv": [ 1.0, 7.5, 1.5, 8.0 ], "glow": 255, "autoUv": false },
												"up": { "texture": "#rustyglow", "uv": [ 10.5, 12.0, 11.0, 12.5 ], "rotation": 90, "glow": 255, "autoUv": false },
												"down": { "texture": "#rustyglow", "uv": [ 12.5, 12.5, 13.0, 13.0 ], "rotation": 90, "glow": 255, "autoUv": false }
											}
										}
									]
								},
								{
									"name": "Cube13",
									"from": [ -0.9, 9.9, 3.3 ],
									"to": [ 0.9, 12.9, 6.6 ],
									"rotationOrigin": [ -0.9, 9.9, 3.3 ],
									"faces": {
										"north": { "texture": "#charred", "uv": [ 0.0, 0.0, 0.5, 1.0 ], "autoUv": false },
										"east": { "texture": "#charred", "uv": [ 0.0, 0.0, 1.0, 1.0 ], "autoUv": false },
										"south": { "texture": "#charred", "uv": [ 0.0, 0.0, 0.5, 1.0 ], "autoUv": false },
										"west": { "texture": "#charred", "uv": [ 0.0, 0.0, 1.0, 1.0 ], "autoUv": false },
										"up": { "texture": "#charred", "uv": [ 0.0, 0.0, 0.5, 1.0 ], "autoUv": false },
										"down": { "texture": "#charred", "uv": [ 0.0, 0.0, 0.5, 1.0 ], "autoUv": false }
									},
									"children": [
										{
											"name": "LowerArmR11",
											"from": [ -0.3, 0.9, 0.9 ],
											"to": [ 1.8, 2.1, 2.4 ],
											"rotationOrigin": [ 8.6007, 8.8617, 23.7186 ],
											"faces": {
												"north": { "texture": "#rustyglow", "uv": [ 10.5, 11.5, 11.0, 12.0 ], "glow": 255, "autoUv": false },
												"east": { "texture": "#rustyglow", "uv": [ 12.5, 12.0, 13.0, 12.5 ], "autoUv": false },
												"south": { "texture": "#rustyglow", "uv": [ 11.5, 12.0, 12.0, 12.5 ], "glow": 255, "autoUv": false },
												"west": { "texture": "#rustyglow", "uv": [ 1.0, 7.5, 1.5, 8.0 ], "glow": 255, "autoUv": false },
												"up": { "texture": "#rustyglow", "uv": [ 10.5, 12.0, 11.0, 12.5 ], "rotation": 90, "glow": 255, "autoUv": false },
												"down": { "texture": "#rustyglow", "uv": [ 12.5, 12.5, 13.0, 13.0 ], "rotation": 90, "glow": 255, "autoUv": false }
											}
										}
									]
								},
								{
									"name": "Cube14",
									"from": [ -0.9, 0.9, 3.3 ],
									"to": [ 0.9, 3.9, 6.6 ],
									"rotationOrigin": [ -0.9, 0.9, 3.3 ],
									"faces": {
										"north": { "texture": "#charred", "uv": [ 0.0, 0.0, 0.5, 1.0 ], "autoUv": false },
										"east": { "texture": "#charred", "uv": [ 0.0, 0.0, 1.0, 1.0 ], "autoUv": false },
										"south": { "texture": "#charred", "uv": [ 0.0, 0.0, 0.5, 1.0 ], "autoUv": false },
										"west": { "texture": "#charred", "uv": [ 0.0, 0.0, 1.0, 1.0 ], "autoUv": false },
										"up": { "texture": "#charred", "uv": [ 0.0, 0.0, 0.5, 1.0 ], "autoUv": false },
										"down": { "texture": "#charred", "uv": [ 0.0, 0.0, 0.5, 1.0 ], "autoUv": false }
									},
									"children": [
										{
											"name": "LowerArmR12",
											"from": [ -0.3, 0.9, 0.9 ],
											"to": [ 1.8, 2.1, 2.4 ],
											"rotationOrigin": [ 8.6007, 8.8617, 23.7186 ],
											"faces": {
												"north": { "texture": "#rustyglow", "uv": [ 10.5, 11.5, 11.0, 12.0 ], "glow": 255, "autoUv": false },
												"east": { "texture": "#rustyglow", "uv": [ 12.5, 12.0, 13.0, 12.5 ], "autoUv": false },
												"south": { "texture": "#rustyglow", "uv": [ 11.5, 12.0, 12.0, 12.5 ], "glow": 255, "autoUv": false },
												"west": { "texture": "#rustyglow", "uv": [ 1.0, 7.5, 1.5, 8.0 ], "glow": 255, "autoUv": false },
												"up": { "texture": "#rustyglow", "uv": [ 10.5, 12.0, 11.0, 12.5 ], "rotation": 90, "glow": 255, "autoUv": false },
												"down": { "texture": "#rustyglow", "uv": [ 12.5, 12.5, 13.0, 13.0 ], "rotation": 90, "glow": 255, "autoUv": false }
											}
										}
									]
								}
							],
							"attachmentpoints": [
								{
									"code": "Eyes",
									"posX": "1.3","posY": "3.5","posZ": "2.5",
									"rotationX": "0.0","rotationY": "-90.0","rotationZ": "0.0"
								}
							]
						},
						{
							"name": "UpperArmR2",
							"from": [ 9.3, -2.1, 12.6 ],
							"to": [ 17.4, 12.9, 19.8 ],
							"rotationOrigin": [ 12.3, 18.3, 18.6 ],
							"rotationX": -47.0,
							"rotationY": 25.0,
							"rotationZ": -47.0,
							"faces": {
								"north": { "texture": "#seraph", "uv": [ 10.75, 10.75, 13.25, 15.75 ], "autoUv": false },
								"east": { "texture": "#seraph", "uv": [ 11.5, 10.25, 13.75, 15.25 ], "autoUv": false },
								"south": { "texture": "#seraph", "uv": [ 10.25, 10.25, 12.75, 15.25 ], "autoUv": false },
								"west": { "texture": "#seraph", "uv": [ 11.0, 10.5, 13.25, 15.5 ], "autoUv": false },
								"up": { "texture": "#seraph", "uv": [ 12.0, 12.0, 14.0, 14.5 ], "rotation": 90, "autoUv": false },
								"down": { "texture": "#seraph", "uv": [ 11.0, 11.0, 13.0, 13.5 ], "rotation": 90, "autoUv": false }
							},
							"children": [
								{
									"name": "Shoulder",
									"from": [ -2.4606, 10.5975, -0.408 ],
									"to": [ 8.0394, 14.4975, 8.592 ],
									"rotationOrigin": [ 0.5394, 12.9975, 5.592 ],
									"rotationX": 17.535,
									"rotationY": 17.82,
									"rotationZ": 32.778,
									"faces": {
										"north": { "texture": "#seraph", "uv": [ 11.25, 0.25, 14.75, 1.5 ], "autoUv": false },
										"east": { "texture": "#seraph", "uv": [ 1.25, 7.25, 4.25, 8.5 ], "autoUv": false },
										"south": { "texture": "#seraph", "uv": [ 4.25, 8.5, 7.75, 9.75 ], "autoUv": false },
										"west": { "texture": "#seraph", "uv": [ 8.75, 3.75, 11.75, 5.0 ], "autoUv": false },
										"up": { "texture": "#seraph", "uv": [ 5.0, 5.0, 8.0, 8.5 ], "rotation": 90, "autoUv": false },
										"down": { "texture": "#seraph", "uv": [ 1.0, 1.0, 4.0, 4.5 ], "rotation": 90, "autoUv": false }
									}
								},
								{
									"name": "LowerArmR2",
									"from": [ 1.8615, -16.647, 1.2213 ],
									"to": [ 8.4615, 4.053, 6.9213 ],
									"rotationOrigin": [ 5.4615, 4.353, 4.2213 ],
									"rotationX": 8.0,
									"rotationY": 6.0,
									"rotationZ": -17.0,
									"faces": {
										"north": { "texture": "#seraph", "uv": [ 11.5, 9.0, 13.5, 15.75 ], "autoUv": false },
										"east": { "texture": "#seraph", "uv": [ 12.0, 8.0, 13.75, 14.75 ], "autoUv": false },
										"south": { "texture": "#seraph", "uv": [ 11.75, 8.25, 13.75, 15.0 ], "autoUv": false },
										"west": { "texture": "#seraph", "uv": [ 12.0, 8.25, 13.75, 15.0 ], "autoUv": false },
										"up": { "texture": "#seraph", "uv": [ 13.0, 10.5, 14.5, 12.5 ], "rotation": 90, "autoUv": false },
										"down": { "texture": "#seraph", "uv": [ 13.0, 11.5, 14.5, 13.5 ], "rotation": 90, "autoUv": false }
									},
									"children": [
										{
											"name": "String",
											"from": [ -0.5676, 6.3639, -0.6324 ],
											"to": [ 7.2324, 7.8639, 6.2676 ],
											"rotationOrigin": [ 3.0324, 27.3639, 2.3676 ],
											"faces": {
												"north": { "texture": "#seraph", "uv": [ 4.0, 6.0, 6.5, 6.5 ], "autoUv": false },
												"east": { "texture": "#seraph", "uv": [ 11.25, 3.75, 13.5, 4.25 ], "autoUv": false },
												"south": { "texture": "#seraph", "uv": [ 5.5, 7.75, 8.0, 8.25 ], "autoUv": false },
												"west": { "texture": "#seraph", "uv": [ 4.0, 5.75, 6.25, 6.25 ], "autoUv": false },
												"up": { "texture": "#seraph", "uv": [ 5.5, 6.0, 7.5, 8.5 ], "rotation": 90, "autoUv": false },
												"down": { "texture": "#seraph", "uv": [ 12.5, 2.5, 14.5, 5.0 ], "rotation": 90, "autoUv": false }
											},
											"children": [
												{
													"name": "String2",
													"from": [ 0.0891, -4.0335, -0.1098 ],
													"to": [ 7.8891, -2.5335, 6.7902 ],
													"rotationOrigin": [ 3.6891, 16.9665, 2.8902 ],
													"faces": {
														"north": { "texture": "#seraph", "uv": [ 8.0, 5.5, 10.5, 6.0 ], "autoUv": false },
														"east": { "texture": "#seraph", "uv": [ 10.75, 4.75, 13.0, 5.25 ], "autoUv": false },
														"south": { "texture": "#seraph", "uv": [ 6.0, 7.75, 8.5, 8.25 ], "autoUv": false },
														"west": { "texture": "#seraph", "uv": [ 6.0, 7.5, 8.25, 8.0 ], "autoUv": false },
														"up": { "texture": "#seraph", "uv": [ 5.5, 7.5, 7.5, 10.0 ], "rotation": 90, "autoUv": false },
														"down": { "texture": "#seraph", "uv": [ 10.5, 2.5, 12.5, 5.0 ], "rotation": 90, "autoUv": false }
													}
												},
												{
													"name": "String3",
													"from": [ 0.1944, -2.0247, -0.0549 ],
													"to": [ 7.9944, -0.5247, 6.8451 ],
													"rotationOrigin": [ 3.7944, 18.9753, 2.9451 ],
													"faces": {
														"north": { "texture": "#seraph", "uv": [ 9.0, 9.0, 11.5, 9.5 ], "autoUv": false },
														"east": { "texture": "#seraph", "uv": [ 12.5, 4.25, 14.75, 4.75 ], "autoUv": false },
														"south": { "texture": "#seraph", "uv": [ 4.5, 7.75, 7.0, 8.25 ], "autoUv": false },
														"west": { "texture": "#seraph", "uv": [ 9.0, 5.5, 11.25, 6.0 ], "autoUv": false },
														"up": { "texture": "#seraph", "uv": [ 5.5, 8.0, 7.5, 10.5 ], "rotation": 90, "autoUv": false },
														"down": { "texture": "#seraph", "uv": [ 11.5, 3.0, 13.5, 5.5 ], "rotation": 90, "autoUv": false }
													}
												}
											]
										}
									]
								}
							]
						},
						{
							"name": "UpperArmR4",
							"from": [ 8.1, -4.5, -0.3 ],
							"to": [ 16.2, 10.5, 6.9 ],
							"rotationOrigin": [ 11.1, 15.9, 5.7 ],
							"rotationX": 47.0,
							"rotationY": -36.0,
							"rotationZ": -17.0,
							"faces": {
								"north": { "texture": "#seraph", "uv": [ 11.75, 10.75, 14.25, 15.75 ], "autoUv": false },
								"east": { "texture": "#seraph", "uv": [ 11.25, 10.0, 13.5, 15.0 ], "autoUv": false },
								"south": { "texture": "#seraph", "uv": [ 11.0, 10.0, 13.5, 15.0 ], "autoUv": false },
								"west": { "texture": "#seraph", "uv": [ 10.75, 10.25, 13.0, 15.25 ], "autoUv": false },
								"up": { "texture": "#seraph", "uv": [ 11.5, 12.5, 13.5, 15.0 ], "rotation": 90, "autoUv": false },
								"down": { "texture": "#seraph", "uv": [ 9.5, 10.5, 11.5, 13.0 ], "rotation": 90, "autoUv": false }
							},
							"children": [
								{
									"name": "LowerArmR3",
									"from": [ 0.6, -17.7, 0.0 ],
									"to": [ 7.2, 3.0, 5.7 ],
									"rotationOrigin": [ 4.2, 3.3, 3.0 ],
									"rotationX": -25.0,
									"rotationZ": 3.0,
									"faces": {
										"north": { "texture": "#seraph", "uv": [ 11.25, 9.0, 13.25, 15.75 ], "autoUv": false },
										"east": { "texture": "#seraph", "uv": [ 11.75, 8.5, 13.5, 15.25 ], "autoUv": false },
										"south": { "texture": "#seraph", "uv": [ 12.75, 9.0, 14.75, 15.75 ], "autoUv": false },
										"west": { "texture": "#seraph", "uv": [ 12.0, 8.75, 13.75, 15.5 ], "autoUv": false },
										"up": { "texture": "#seraph", "uv": [ 10.0, 10.0, 11.5, 12.0 ], "rotation": 90, "autoUv": false },
										"down": { "texture": "#seraph", "uv": [ 11.5, 9.5, 13.0, 11.5 ], "rotation": 90, "autoUv": false }
									},
									"children": [
										{
											"name": "LowerArmR4",
											"from": [ -0.7242, 3.3771, -0.7623 ],
											"to": [ 6.7758, 10.8771, 6.4377 ],
											"rotationOrigin": [ 2.8758, 24.3771, 2.2377 ],
											"faces": {
												"north": { "texture": "#seraph", "uv": [ 4.25, 6.25, 6.75, 8.75 ], "autoUv": false },
												"east": { "texture": "#seraph", "uv": [ 8.0, 2.0, 10.25, 4.5 ], "autoUv": false },
												"south": { "texture": "#seraph", "uv": [ 3.75, 7.0, 6.25, 9.5 ], "autoUv": false },
												"west": { "texture": "#seraph", "uv": [ 4.75, 6.0, 7.0, 8.5 ], "autoUv": false },
												"up": { "texture": "#seraph", "uv": [ 4.5, 4.0, 6.5, 6.5 ], "rotation": 90, "autoUv": false },
												"down": { "texture": "#seraph", "uv": [ 11.5, 3.0, 13.5, 5.5 ], "rotation": 90, "autoUv": false }
											},
											"children": [
												{
													"name": "LowerArmR5",
													"from": [ 2.6673, 7.9164, 0.2169 ],
													"to": [ 4.1673, 19.0164, 1.7169 ],
													"rotationOrigin": [ 7.1673, 8.8164, 1.7169 ],
													"rotationX": -169.866,
													"rotationY": -36.0,
													"rotationZ": -55.0,
													"faces": {
														"north": { "texture": "#seraph", "uv": [ 6.75, 4.5, 7.25, 8.0 ], "autoUv": false },
														"east": { "texture": "#seraph", "uv": [ 8.25, 2.75, 8.75, 6.25 ], "autoUv": false },
														"south": { "texture": "#seraph", "uv": [ 4.25, 3.5, 4.75, 7.0 ], "autoUv": false },
														"west": { "texture": "#seraph", "uv": [ 3.75, 4.5, 4.25, 8.0 ], "autoUv": false },
														"up": { "texture": "#seraph", "uv": [ 5.0, 6.5, 5.5, 7.0 ], "rotation": 90, "autoUv": false },
														"down": { "texture": "#seraph", "uv": [ 11.5, 2.5, 12.0, 3.0 ], "rotation": 90, "autoUv": false }
													},
													"children": [
														{
															"name": "LowerArmR6",
															"from": [ 0.0912, 10.6041, 0.0696 ],
															"to": [ 1.5912, 21.7041, 1.5696 ],
															"rotationOrigin": [ 0.3912, 10.6041, 1.5696 ],
															"rotationX": -21.868,
															"rotationY": 7.308,
															"rotationZ": 6.414,
															"faces": {
																"north": { "texture": "#seraph", "uv": [ 2.75, 4.5, 3.25, 8.0 ], "autoUv": false },
																"east": { "texture": "#seraph", "uv": [ 9.25, 4.0, 9.75, 7.5 ], "autoUv": false },
																"south": { "texture": "#seraph", "uv": [ 6.25, 5.5, 6.75, 9.0 ], "autoUv": false },
																"west": { "texture": "#seraph", "uv": [ 3.5, 3.75, 4.0, 7.25 ], "autoUv": false },
																"up": { "texture": "#seraph", "uv": [ 5.5, 8.0, 6.0, 8.5 ], "rotation": 90, "autoUv": false },
																"down": { "texture": "#seraph", "uv": [ 14.0, 2.5, 14.5, 3.0 ], "rotation": 90, "autoUv": false }
															},
															"children": [
																{
																	"name": "LowerArmR7",
																	"from": [ 0.3129, 10.6359, -0.039 ],
																	"to": [ 1.8129, 18.4359, 1.461 ],
																	"rotationOrigin": [ 0.6129, 10.6359, 1.461 ],
																	"rotationX": 10.989,
																	"rotationY": -4.851,
																	"rotationZ": -16.533,
																	"faces": {
																		"north": { "texture": "#seraph", "uv": [ 6.75, 7.5, 7.25, 10.0 ], "autoUv": false },
																		"east": { "texture": "#seraph", "uv": [ 12.25, 4.25, 12.75, 6.75 ], "autoUv": false },
																		"south": { "texture": "#seraph", "uv": [ 5.0, 6.5, 5.5, 9.0 ], "autoUv": false },
																		"west": { "texture": "#seraph", "uv": [ 4.5, 6.0, 5.0, 8.5 ], "autoUv": false },
																		"up": { "texture": "#seraph", "uv": [ 5.5, 8.0, 6.0, 8.5 ], "rotation": 90, "autoUv": false },
																		"down": { "texture": "#seraph", "uv": [ 14.0, 2.5, 14.5, 3.0 ], "rotation": 90, "autoUv": false }
																	},
																	"children": [
																		{
																			"name": "LowerArmR8",
																			"from": [ 0.2442, 7.2828, -0.0516 ],
																			"to": [ 1.7442, 15.0828, 1.4484 ],
																			"rotationOrigin": [ 0.5442, 7.2828, 1.4484 ],
																			"rotationZ": -28.0,
																			"faces": {
																				"north": { "texture": "#seraph", "uv": [ 3.75, 4.25, 4.25, 6.75 ], "autoUv": false },
																				"east": { "texture": "#seraph", "uv": [ 10.5, 4.25, 11.0, 6.75 ], "autoUv": false },
																				"south": { "texture": "#seraph", "uv": [ 6.0, 7.75, 6.5, 10.25 ], "autoUv": false },
																				"west": { "texture": "#seraph", "uv": [ 6.0, 4.75, 6.5, 7.25 ], "autoUv": false },
																				"up": { "texture": "#seraph", "uv": [ 5.5, 8.0, 6.0, 8.5 ], "rotation": 90, "autoUv": false },
																				"down": { "texture": "#seraph", "uv": [ 14.0, 2.5, 14.5, 3.0 ], "rotation": 90, "autoUv": false }
																			}
																		}
																	]
																}
															]
														}
													]
												}
											]
										}
									]
								},
								{
									"name": "Shoulder2",
									"from": [ -3.4632, 11.4357, -1.8729 ],
									"to": [ 7.0368, 15.3357, 7.1271 ],
									"rotationOrigin": [ -0.4632, 13.8357, 4.1271 ],
									"rotationX": -11.378,
									"rotationY": -9.602,
									"rotationZ": 30.022,
									"faces": {
										"north": { "texture": "#seraph", "uv": [ 11.25, 0.25, 14.75, 1.5 ], "autoUv": false },
										"east": { "texture": "#seraph", "uv": [ 1.25, 7.25, 4.25, 8.5 ], "autoUv": false },
										"south": { "texture": "#seraph", "uv": [ 4.25, 8.5, 7.75, 9.75 ], "autoUv": false },
										"west": { "texture": "#seraph", "uv": [ 8.75, 3.75, 11.75, 5.0 ], "autoUv": false },
										"up": { "texture": "#seraph", "uv": [ 2.5, 5.0, 5.5, 8.5 ], "rotation": 90, "autoUv": false },
										"down": { "texture": "#seraph", "uv": [ 1.0, 2.0, 4.0, 5.5 ], "rotation": 90, "autoUv": false }
									}
								}
							]
						},
						{
							"name": "origin",
							"from": [ 10.977, 13.8579, 6.0432 ],
							"to": [ 10.977, 13.8579, 6.0432 ],
							"rotationOrigin": [ 10.977, 13.8579, 6.0432 ],
							"rotationX": 0.157,
							"rotationY": -2.996,
							"rotationZ": -18.996,
							"faces": {
							},
							"children": [
								{
									"name": "body1",
									"from": [ -8.4, 2.1, -12.6 ],
									"to": [ 8.4, 10.5, 21.6 ],
									"rotationOrigin": [ 0.0, 2.1, 0.0 ],
									"faces": {
										"north": { "texture": "#rusty-iron", "uv": [ 6.5, 7.0, 12.0, 9.5 ], "autoUv": false },
										"east": { "texture": "#rusty-iron", "uv": [ 3.0, 7.5, 14.0, 10.0 ], "autoUv": false },
										"south": { "texture": "#rusty-iron", "uv": [ 6.5, 11.0, 12.0, 13.5 ], "autoUv": false },
										"west": { "texture": "#rusty-iron", "uv": [ 3.5, 7.5, 14.5, 10.0 ], "autoUv": false },
										"up": { "texture": "#rusty-iron", "uv": [ 7.5, 0.0, 13.0, 11.0 ], "autoUv": false },
										"down": { "texture": "#rusty-iron", "uv": [ 0.0, 2.0, 5.5, 13.0 ], "autoUv": false }
									},
									"children": [
										{
											"name": "glow",
											"from": [ 2.1, 8.4, 8.4 ],
											"to": [ 14.7, 14.7, 23.1 ],
											"rotationOrigin": [ 8.4, 8.4, 16.8 ],
											"faces": {
												"east": { "texture": "#rustyglow", "uv": [ 6.0, 12.0, 10.9, 14.1 ], "glow": 128, "autoUv": false },
												"west": { "texture": "#rustyglow", "uv": [ 1.0, 1.5, 5.9, 3.6 ], "glow": 128, "autoUv": false },
												"up": { "texture": "#rustyglow", "uv": [ 7.5, 4.0, 11.7, 8.9 ], "glow": 128, "autoUv": false }
											},
											"children": [
												{
													"name": "rib-ns1",
													"from": [ 2.1, 5.25, 0.0 ],
													"to": [ 4.2, 7.35, 23.7 ],
													"rotationOrigin": [ 3.15, 5.25, 0.0 ],
													"faces": {
														"east": { "texture": "#rusty-iron", "uv": [ 3.0, 11.0, 10.5, 11.5 ], "autoUv": false },
														"west": { "texture": "#rusty-iron", "uv": [ 1.5, 6.5, 9.0, 7.0 ], "autoUv": false },
														"up": { "texture": "#rusty-iron", "uv": [ 14.5, 2.0, 15.0, 9.5 ], "autoUv": false }
													}
												},
												{
													"name": "rib-ns2",
													"from": [ 8.4, 5.25, 0.0 ],
													"to": [ 10.5, 7.35, 17.4 ],
													"rotationOrigin": [ 9.45, 5.25, 0.0 ],
													"faces": {
														"east": { "texture": "#rusty-iron", "uv": [ 6.5, 0.0, 12.0, 0.5 ], "autoUv": false },
														"west": { "texture": "#rusty-iron", "uv": [ 3.0, 10.5, 8.5, 11.0 ], "autoUv": false },
														"up": { "texture": "#rusty-iron", "uv": [ 10.0, 0.0, 10.5, 5.5 ], "autoUv": false }
													}
												},
												{
													"name": "rib-ns3",
													"from": [ 11.55, 2.1, 4.2 ],
													"to": [ 13.65, 4.2, 23.7 ],
													"rotationOrigin": [ 12.6, 2.1, 0.0 ],
													"faces": {
														"east": { "texture": "#rusty-iron", "uv": [ 8.0, 12.0, 14.5, 12.5 ], "autoUv": false },
														"up": { "texture": "#rusty-iron", "uv": [ 6.0, 7.0, 6.5, 13.5 ], "autoUv": false },
														"down": { "texture": "#rusty-iron", "uv": [ 13.0, 4.0, 13.5, 10.5 ], "autoUv": false }
													}
												},
												{
													"name": "rib-ns4",
													"from": [ -1.05, 2.1, 0.0 ],
													"to": [ 1.05, 4.2, 23.7 ],
													"rotationOrigin": [ 0.0, 2.1, 0.0 ],
													"faces": {
														"west": { "texture": "#rusty-iron", "uv": [ 5.5, 0.0, 13.0, 0.5 ], "autoUv": false },
														"up": { "texture": "#rusty-iron", "uv": [ 4.0, 0.5, 4.5, 8.0 ], "autoUv": false },
														"down": { "texture": "#rusty-iron", "uv": [ 5.5, 8.5, 6.0, 16.0 ], "autoUv": false }
													}
												}
											]
										},
										{
											"name": "rib1",
											"from": [ 0.0, 8.4, 23.1 ],
											"to": [ 16.8, 16.8, 25.2 ],
											"rotationOrigin": [ 8.4, 8.4, 23.1 ],
											"faces": {
												"north": { "texture": "#rusty-iron", "uv": [ 7.0, 8.5, 12.6, 11.3 ], "autoUv": false },
												"east": { "texture": "#rusty-iron", "uv": [ 6.5, 6.0, 7.2, 8.8 ], "autoUv": false },
												"south": { "texture": "#rusty-iron", "uv": [ 0.0, 2.5, 5.6, 5.3 ], "autoUv": false },
												"west": { "texture": "#rusty-iron", "uv": [ 3.0, 1.0, 3.7, 3.8 ], "autoUv": false },
												"up": { "texture": "#rusty-iron", "uv": [ 2.5, 4.5, 8.1, 5.2 ], "autoUv": false }
											}
										},
										{
											"name": "rib2",
											"from": [ 0.0, 8.4, 18.9 ],
											"to": [ 16.4, 16.8, 21.0 ],
											"rotationOrigin": [ 10.5, 8.4, 18.9 ],
											"faces": {
												"north": { "texture": "#rusty-iron", "uv": [ 4.5, 10.0, 7.3, 12.8 ], "autoUv": false },
												"east": { "texture": "#rusty-iron", "uv": [ 13.5, 9.5, 14.2, 12.3 ], "autoUv": false },
												"south": { "texture": "#rusty-iron", "uv": [ 4.0, 0.0, 6.8, 2.8 ], "autoUv": false },
												"west": { "texture": "#rusty-iron", "uv": [ 10.5, 2.0, 11.2, 4.8 ], "autoUv": false },
												"up": { "texture": "#rusty-iron", "uv": [ 4.0, 13.5, 6.8, 14.2 ], "autoUv": false }
											}
										},
										{
											"name": "rib3",
											"from": [ 0.0, 8.4, 14.7 ],
											"to": [ 16.8, 16.8, 16.8 ],
											"rotationOrigin": [ 10.5, 8.4, 14.7 ],
											"faces": {
												"north": { "texture": "#rusty-iron", "uv": [ 3.5, 10.5, 9.1, 13.3 ], "autoUv": false },
												"east": { "texture": "#rusty-iron", "uv": [ 7.5, 8.0, 8.2, 10.8 ], "autoUv": false },
												"south": { "texture": "#rusty-iron", "uv": [ 0.5, 6.5, 6.1, 9.3 ], "autoUv": false },
												"west": { "texture": "#rusty-iron", "uv": [ 9.0, 7.0, 9.7, 9.8 ], "autoUv": false },
												"up": { "texture": "#rusty-iron", "uv": [ 6.5, 0.0, 12.1, 0.7 ], "autoUv": false }
											}
										},
										{
											"name": "rib4",
											"from": [ 0.0, 8.4, 10.5 ],
											"to": [ 16.8, 16.8, 12.6 ],
											"rotationOrigin": [ 10.5, 8.4, 10.5 ],
											"faces": {
												"north": { "texture": "#rusty-iron", "uv": [ 7.5, 1.5, 13.1, 4.3 ], "autoUv": false },
												"east": { "texture": "#rusty-iron", "uv": [ 1.0, 0.5, 1.7, 3.3 ], "autoUv": false },
												"south": { "texture": "#rusty-iron", "uv": [ 1.5, 10.0, 7.1, 12.8 ], "autoUv": false },
												"west": { "texture": "#rusty-iron", "uv": [ 10.5, 4.5, 11.2, 7.3 ], "autoUv": false },
												"up": { "texture": "#rusty-iron", "uv": [ 0.5, 9.5, 6.1, 10.2 ], "autoUv": false }
											}
										},
										{
											"name": "rib5",
											"from": [ 0.0, 8.4, 0.0 ],
											"to": [ 16.8, 16.8, 8.4 ],
											"rotationOrigin": [ 10.5, 8.4, 0.0 ],
											"faces": {
												"north": { "texture": "#rusty-iron", "uv": [ 1.0, 3.0, 6.6, 5.8 ], "autoUv": false },
												"east": { "texture": "#rusty-iron", "uv": [ 6.0, 2.0, 8.8, 4.8 ], "autoUv": false },
												"south": { "texture": "#rusty-iron", "uv": [ 3.5, 11.5, 9.1, 14.3 ], "autoUv": false },
												"west": { "texture": "#rusty-iron", "uv": [ 1.5, 9.0, 4.3, 11.8 ], "autoUv": false },
												"up": { "texture": "#rusty-iron", "uv": [ 0.0, 10.0, 5.6, 12.8 ], "autoUv": false }
											}
										},
										{
											"name": "mid-slot",
											"from": [ 4.2, 4.2, -2.1 ],
											"to": [ 12.6, 12.6, 36.3 ],
											"rotationOrigin": [ 8.4, 8.4, -2.1 ],
											"faces": {
												"north": { "texture": "#rusty-iron", "uv": [ 3.5, 4.0, 6.0, 6.5 ], "autoUv": false },
												"east": { "texture": "#rusty-iron", "uv": [ 0.5, 6.5, 13.0, 9.0 ], "autoUv": false },
												"south": { "texture": "#rusty-iron", "uv": [ 8.5, 11.5, 11.0, 14.0 ], "autoUv": false },
												"west": { "texture": "#rusty-iron", "uv": [ 0.0, 4.0, 12.5, 6.5 ], "autoUv": false },
												"up": { "texture": "#rusty-iron", "uv": [ 9.5, 1.0, 12.0, 13.5 ], "autoUv": false },
												"down": { "texture": "#rusty-iron", "uv": [ 9.5, 1.0, 12.0, 13.5 ], "autoUv": false }
											},
											"children": [
												{
													"name": "rotor",
													"from": [ 2.1, 2.1, -2.1 ],
													"to": [ 6.3, 6.3, 40.5 ],
													"rotationOrigin": [ 4.2, 4.2, -2.1 ],
													"rotationZ": -45.0,
													"faces": {
														"north": { "texture": "#steel", "uv": [ 9.0, 11.5, 10.0, 12.5 ], "autoUv": false },
														"east": { "texture": "#steel", "uv": [ 0.0, 12.0, 14.0, 13.0 ], "autoUv": false },
														"south": { "texture": "#steel", "uv": [ 3.0, 5.0, 4.0, 6.0 ], "autoUv": false },
														"west": { "texture": "#steel", "uv": [ 0.0, 0.0, 14.0, 1.0 ], "autoUv": false },
														"up": { "texture": "#steel", "uv": [ 5.0, 0.0, 6.0, 14.0 ], "autoUv": false },
														"down": { "texture": "#steel", "uv": [ 2.5, 0.0, 3.5, 14.0 ], "autoUv": false }
													}
												}
											]
										},
										{
											"name": "screw1",
											"from": [ -1.05, 2.1, 2.1 ],
											"to": [ 17.85, 3.78, 3.78 ],
											"rotationOrigin": [ 8.4, 2.94, 2.94 ],
											"rotationX": -45.0,
											"faces": {
												"north": { "texture": "#steel", "uv": [ 1.5, 4.5, 7.8, 4.85 ], "autoUv": false },
												"east": { "texture": "#steel", "uv": [ 15.0, 11.5, 15.35, 11.85 ], "autoUv": false },
												"south": { "texture": "#steel", "uv": [ 3.0, 2.5, 9.3, 2.85 ], "autoUv": false },
												"west": { "texture": "#steel", "uv": [ 4.5, 2.0, 4.85, 2.35 ], "autoUv": false },
												"up": { "texture": "#steel", "uv": [ 5.0, 1.5, 11.3, 1.85 ], "autoUv": false },
												"down": { "texture": "#steel", "uv": [ 6.0, 3.5, 12.3, 3.85 ], "autoUv": false }
											}
										},
										{
											"name": "screw2",
											"from": [ -1.05, 2.1, 11.55 ],
											"to": [ 17.85, 3.78, 13.23 ],
											"rotationOrigin": [ 8.4, 2.94, 12.39 ],
											"rotationX": -45.0,
											"faces": {
												"north": { "texture": "#steel", "uv": [ 4.0, 8.5, 10.3, 8.85 ], "autoUv": false },
												"east": { "texture": "#steel", "uv": [ 13.0, 13.0, 13.35, 13.35 ], "autoUv": false },
												"south": { "texture": "#steel", "uv": [ 3.0, 0.0, 9.3, 0.35 ], "autoUv": false },
												"west": { "texture": "#steel", "uv": [ 13.5, 6.5, 13.85, 6.85 ], "autoUv": false },
												"up": { "texture": "#steel", "uv": [ 3.5, 9.5, 9.8, 9.85 ], "autoUv": false },
												"down": { "texture": "#steel", "uv": [ 5.5, 12.5, 11.8, 12.85 ], "autoUv": false }
											}
										},
										{
											"name": "screw3",
											"from": [ -1.05, 2.1, 21.0 ],
											"to": [ 17.85, 3.78, 22.68 ],
											"rotationOrigin": [ 8.4, 2.94, 21.84 ],
											"rotationX": -45.0,
											"faces": {
												"north": { "texture": "#steel", "uv": [ 3.0, 4.5, 9.3, 4.85 ], "autoUv": false },
												"east": { "texture": "#steel", "uv": [ 13.5, 12.5, 13.85, 12.85 ], "autoUv": false },
												"south": { "texture": "#steel", "uv": [ 2.5, 11.5, 8.8, 11.85 ], "autoUv": false },
												"west": { "texture": "#steel", "uv": [ 1.5, 0.0, 1.85, 0.35 ], "autoUv": false },
												"up": { "texture": "#steel", "uv": [ 6.0, 5.5, 12.3, 5.85 ], "autoUv": false },
												"down": { "texture": "#steel", "uv": [ 4.5, 5.5, 10.8, 5.85 ], "autoUv": false }
											}
										},
										{
											"name": "screw4",
											"from": [ -1.05, 12.6, 2.1 ],
											"to": [ 17.85, 14.28, 3.78 ],
											"rotationOrigin": [ 8.4, 13.44, 2.94 ],
											"rotationX": -45.0,
											"faces": {
												"north": { "texture": "#steel", "uv": [ 5.5, 8.5, 11.8, 8.85 ], "autoUv": false },
												"east": { "texture": "#steel", "uv": [ 11.5, 14.5, 11.85, 14.85 ], "autoUv": false },
												"south": { "texture": "#steel", "uv": [ 2.0, 3.5, 8.3, 3.85 ], "autoUv": false },
												"west": { "texture": "#steel", "uv": [ 13.5, 9.0, 13.85, 9.35 ], "autoUv": false },
												"up": { "texture": "#steel", "uv": [ 6.0, 14.5, 12.3, 14.85 ], "autoUv": false },
												"down": { "texture": "#steel", "uv": [ 6.5, 4.0, 12.8, 4.35 ], "autoUv": false }
											}
										},
										{
											"name": "screw5",
											"from": [ 1.05, 2.1, -1.05 ],
											"to": [ 2.73, 3.78, 35.25 ],
											"rotationOrigin": [ 1.89, 2.94, 25.2 ],
											"rotationZ": -45.0,
											"faces": {
												"north": { "texture": "#steel", "uv": [ 6.5, 6.5, 7.0, 7.0 ], "autoUv": false },
												"east": { "texture": "#steel", "uv": [ 2.5, 6.0, 14.5, 6.5 ], "autoUv": false },
												"south": { "texture": "#steel", "uv": [ 13.0, 2.0, 13.5, 2.5 ], "autoUv": false },
												"west": { "texture": "#steel", "uv": [ 2.0, 5.0, 14.0, 5.5 ], "autoUv": false },
												"up": { "texture": "#steel", "uv": [ 14.5, 0.0, 15.0, 12.0 ], "autoUv": false },
												"down": { "texture": "#steel", "uv": [ 5.0, 0.0, 5.5, 12.0 ], "autoUv": false }
											}
										},
										{
											"name": "screw6",
											"from": [ 13.65, 2.1, -1.05 ],
											"to": [ 15.33, 3.78, 35.25 ],
											"rotationOrigin": [ 14.49, 2.94, 25.2 ],
											"rotationZ": -45.0,
											"faces": {
												"north": { "texture": "#steel", "uv": [ 8.5, 15.0, 9.0, 15.5 ], "autoUv": false },
												"east": { "texture": "#steel", "uv": [ 1.0, 14.5, 13.0, 15.0 ], "autoUv": false },
												"south": { "texture": "#steel", "uv": [ 4.5, 7.5, 5.0, 8.0 ], "autoUv": false },
												"west": { "texture": "#steel", "uv": [ 2.0, 10.0, 14.0, 10.5 ], "autoUv": false },
												"up": { "texture": "#steel", "uv": [ 2.0, 1.0, 2.5, 13.0 ], "autoUv": false },
												"down": { "texture": "#steel", "uv": [ 4.0, 2.5, 4.5, 14.5 ], "autoUv": false }
											}
										},
										{
											"name": "screw7",
											"from": [ 13.65, 12.6, 25.2 ],
											"to": [ 15.33, 14.28, 35.25 ],
											"rotationOrigin": [ 14.49, 13.44, 25.2 ],
											"rotationZ": -45.0,
											"faces": {
												"east": { "texture": "#steel", "uv": [ 4.5, 6.5, 7.5, 7.0 ], "autoUv": false },
												"south": { "texture": "#steel", "uv": [ 3.0, 11.5, 3.5, 12.0 ], "autoUv": false },
												"west": { "texture": "#steel", "uv": [ 9.5, 3.5, 12.5, 4.0 ], "autoUv": false },
												"up": { "texture": "#steel", "uv": [ 12.5, 0.0, 13.0, 3.0 ], "autoUv": false },
												"down": { "texture": "#steel", "uv": [ 11.5, 3.0, 12.0, 6.0 ], "autoUv": false }
											}
										},
										{
											"name": "screw8",
											"from": [ 1.05, 12.6, 25.2 ],
											"to": [ 2.73, 14.28, 35.25 ],
											"rotationOrigin": [ 1.89, 13.44, 25.2 ],
											"rotationZ": -45.0,
											"faces": {
												"east": { "texture": "#steel", "uv": [ 2.0, 12.5, 5.0, 13.0 ], "autoUv": false },
												"south": { "texture": "#steel", "uv": [ 7.5, 11.0, 8.0, 11.5 ], "autoUv": false },
												"west": { "texture": "#steel", "uv": [ 1.0, 15.0, 4.0, 15.5 ], "autoUv": false },
												"up": { "texture": "#steel", "uv": [ 15.0, 6.5, 15.5, 9.5 ], "autoUv": false },
												"down": { "texture": "#steel", "uv": [ 8.5, 6.5, 9.0, 9.5 ], "autoUv": false }
											}
										},
										{
											"name": "screw9",
											"from": [ 1.05, 12.6, -1.05 ],
											"to": [ 2.73, 14.28, 0.0 ],
											"rotationOrigin": [ 1.89, 13.44, -1.05 ],
											"rotationZ": -45.0,
											"faces": {
												"north": { "texture": "#steel", "uv": [ 7.0, 4.0, 7.35, 4.35 ], "autoUv": false },
												"east": { "texture": "#steel", "uv": [ 3.0, 11.5, 3.35, 11.85 ], "autoUv": false },
												"west": { "texture": "#steel", "uv": [ 12.0, 4.0, 12.35, 4.35 ], "autoUv": false },
												"up": { "texture": "#steel", "uv": [ 3.0, 8.0, 3.35, 8.35 ], "autoUv": false },
												"down": { "texture": "#steel", "uv": [ 11.5, 8.5, 11.85, 8.85 ], "autoUv": false }
											}
										},
										{
											"name": "screw10",
											"from": [ 13.65, 12.6, -1.05 ],
											"to": [ 15.33, 14.28, 0.0 ],
											"rotationOrigin": [ 14.49, 13.44, -1.05 ],
											"rotationZ": -45.0,
											"faces": {
												"north": { "texture": "#steel", "uv": [ 14.0, 5.0, 14.35, 5.35 ], "autoUv": false },
												"east": { "texture": "#steel", "uv": [ 0.5, 3.0, 0.85, 3.35 ], "autoUv": false },
												"west": { "texture": "#steel", "uv": [ 4.5, 14.5, 4.85, 14.85 ], "autoUv": false },
												"up": { "texture": "#steel", "uv": [ 0.5, 7.5, 0.85, 7.85 ], "autoUv": false },
												"down": { "texture": "#steel", "uv": [ 10.5, 2.5, 10.85, 2.85 ], "autoUv": false }
											}
										},
										{
											"name": "rib6",
											"from": [ 0.0, 8.4, 27.3 ],
											"to": [ 16.8, 16.8, 29.4 ],
											"rotationOrigin": [ 8.4, 8.4, 27.3 ],
											"faces": {
												"north": { "texture": "#rusty-iron", "uv": [ 7.0, 8.5, 12.5, 11.0 ], "autoUv": false },
												"east": { "texture": "#rusty-iron", "uv": [ 6.5, 6.0, 7.0, 8.5 ], "autoUv": false },
												"south": { "texture": "#rusty-iron", "uv": [ 0.0, 2.5, 5.5, 5.0 ], "autoUv": false },
												"west": { "texture": "#rusty-iron", "uv": [ 3.0, 1.0, 3.5, 3.5 ], "autoUv": false },
												"up": { "texture": "#rusty-iron", "uv": [ 2.5, 4.5, 8.0, 5.0 ], "autoUv": false }
											}
										},
										{
											"name": "rib7",
											"from": [ 0.0, 8.4, 32.1 ],
											"to": [ 16.8, 16.8, 34.2 ],
											"rotationOrigin": [ 8.4, 8.4, 32.1 ],
											"faces": {
												"north": { "texture": "#rusty-iron", "uv": [ 7.0, 8.5, 12.5, 11.0 ], "autoUv": false },
												"east": { "texture": "#rusty-iron", "uv": [ 6.5, 6.0, 7.0, 8.5 ], "autoUv": false },
												"south": { "texture": "#rusty-iron", "uv": [ 0.0, 2.5, 5.5, 5.0 ], "autoUv": false },
												"west": { "texture": "#rusty-iron", "uv": [ 3.0, 1.0, 3.5, 3.5 ], "autoUv": false },
												"up": { "texture": "#rusty-iron", "uv": [ 2.5, 4.5, 8.0, 5.0 ], "autoUv": false }
											}
										}
									]
								},
								{
									"name": "Cube2",
									"from": [ -0.9, 11.4, 24.0 ],
									"to": [ 0.6, 21.9, 25.5 ],
									"rotationOrigin": [ -0.9, 11.4, 24.0 ],
									"rotationX": 8.0,
									"rotationY": 36.0,
									"rotationZ": 138.0,
									"faces": {
										"north": { "texture": "#seraph", "uv": [ 0.0, 0.0, 0.5, 3.5 ], "autoUv": false },
										"east": { "texture": "#seraph", "uv": [ 0.0, 0.0, 0.5, 3.5 ], "autoUv": false },
										"south": { "texture": "#seraph", "uv": [ 0.0, 0.0, 0.5, 3.5 ], "autoUv": false },
										"west": { "texture": "#seraph", "uv": [ 0.0, 0.0, 0.5, 3.5 ], "autoUv": false },
										"up": { "texture": "#seraph", "uv": [ 0.0, 0.0, 0.5, 0.5 ], "autoUv": false },
										"down": { "texture": "#seraph", "uv": [ 0.0, 0.0, 0.5, 0.5 ], "autoUv": false }
									},
									"children": [
										{
											"name": "Cube3",
											"from": [ -0.2547, 10.7457, 0.4494 ],
											"to": [ 1.2453, 18.2457, 1.9494 ],
											"rotationOrigin": [ -0.2547, 10.7457, 0.4494 ],
											"rotationX": 5.061,
											"rotationY": 21.082,
											"rotationZ": -10.288,
											"faces": {
												"north": { "texture": "#seraph", "uv": [ 0.0, 0.0, 0.5, 2.5 ], "autoUv": false },
												"east": { "texture": "#seraph", "uv": [ 0.0, 0.0, 0.5, 2.5 ], "autoUv": false },
												"south": { "texture": "#seraph", "uv": [ 0.0, 0.0, 0.5, 2.5 ], "autoUv": false },
												"west": { "texture": "#seraph", "uv": [ 0.0, 0.0, 0.5, 2.5 ], "autoUv": false },
												"up": { "texture": "#seraph", "uv": [ 0.0, 0.0, 0.5, 0.5 ], "autoUv": false },
												"down": { "texture": "#seraph", "uv": [ 0.0, 0.0, 0.5, 0.5 ], "autoUv": false }
											},
											"children": [
												{
													"name": "Cube4",
													"from": [ 0.0861, 7.1109, -0.0774 ],
													"to": [ 1.5861, 17.6109, 1.4226 ],
													"rotationOrigin": [ 0.0861, 7.1109, -0.0774 ],
													"rotationX": -5.465,
													"rotationY": 1.772,
													"rotationZ": 1.087,
													"faces": {
														"north": { "texture": "#seraph", "uv": [ 0.0, 0.0, 0.5, 3.5 ], "autoUv": false },
														"east": { "texture": "#seraph", "uv": [ 0.0, 0.0, 0.5, 3.5 ], "autoUv": false },
														"south": { "texture": "#seraph", "uv": [ 0.0, 0.0, 0.5, 3.5 ], "autoUv": false },
														"west": { "texture": "#seraph", "uv": [ 0.0, 0.0, 0.5, 3.5 ], "autoUv": false },
														"up": { "texture": "#seraph", "uv": [ 0.0, 0.0, 0.5, 0.5 ], "autoUv": false },
														"down": { "texture": "#seraph", "uv": [ 0.0, 0.0, 0.5, 0.5 ], "autoUv": false }
													}
												}
											]
										}
									]
								},
								{
									"name": "Cube5",
									"from": [ 1.8, 11.7, 23.1 ],
									"to": [ 3.3, 22.2, 24.6 ],
									"rotationOrigin": [ 1.8, 11.7, 24.3 ],
									"rotationX": -8.0,
									"rotationY": 19.0,
									"rotationZ": 133.0,
									"faces": {
										"north": { "texture": "#seraph", "uv": [ 0.0, 0.0, 0.5, 3.5 ], "autoUv": false },
										"east": { "texture": "#seraph", "uv": [ 0.0, 0.0, 0.5, 3.5 ], "autoUv": false },
										"south": { "texture": "#seraph", "uv": [ 0.0, 0.0, 0.5, 3.5 ], "autoUv": false },
										"west": { "texture": "#seraph", "uv": [ 0.0, 0.0, 0.5, 3.5 ], "autoUv": false },
										"up": { "texture": "#seraph", "uv": [ 0.0, 0.0, 0.5, 0.5 ], "autoUv": false },
										"down": { "texture": "#seraph", "uv": [ 0.0, 0.0, 0.5, 0.5 ], "autoUv": false }
									},
									"children": [
										{
											"name": "Cube6",
											"from": [ -0.2547, 10.7457, 0.4494 ],
											"to": [ 1.2453, 18.2457, 1.9494 ],
											"rotationOrigin": [ -0.2547, 10.7457, 0.4494 ],
											"rotationX": 5.061,
											"rotationY": 21.082,
											"rotationZ": -10.288,
											"faces": {
												"north": { "texture": "#seraph", "uv": [ 0.0, 0.0, 0.5, 2.5 ], "autoUv": false },
												"east": { "texture": "#seraph", "uv": [ 0.0, 0.0, 0.5, 2.5 ], "autoUv": false },
												"south": { "texture": "#seraph", "uv": [ 0.0, 0.0, 0.5, 2.5 ], "autoUv": false },
												"west": { "texture": "#seraph", "uv": [ 0.0, 0.0, 0.5, 2.5 ], "autoUv": false },
												"up": { "texture": "#seraph", "uv": [ 0.0, 0.0, 0.5, 0.5 ], "autoUv": false },
												"down": { "texture": "#seraph", "uv": [ 0.0, 0.0, 0.5, 0.5 ], "autoUv": false }
											},
											"children": [
												{
													"name": "Cube7",
													"from": [ 0.0861, 7.1109, -0.0774 ],
													"to": [ 1.5861, 17.6109, 1.4226 ],
													"rotationOrigin": [ 0.0861, 7.1109, -0.0774 ],
													"rotationX": -19.0,
													"rotationY": 8.0,
													"rotationZ": 19.0,
													"faces": {
														"north": { "texture": "#seraph", "uv": [ 0.0, 0.0, 0.5, 3.5 ], "autoUv": false },
														"east": { "texture": "#seraph", "uv": [ 0.0, 0.0, 0.5, 3.5 ], "autoUv": false },
														"south": { "texture": "#seraph", "uv": [ 0.0, 0.0, 0.5, 3.5 ], "autoUv": false },
														"west": { "texture": "#seraph", "uv": [ 0.0, 0.0, 0.5, 3.5 ], "autoUv": false },
														"up": { "texture": "#seraph", "uv": [ 0.0, 0.0, 0.5, 0.5 ], "autoUv": false },
														"down": { "texture": "#seraph", "uv": [ 0.0, 0.0, 0.5, 0.5 ], "autoUv": false }
													}
												}
											]
										}
									]
								},
								{
									"name": "Cube8",
									"from": [ 2.1, 11.4, 24.0 ],
									"to": [ 3.6, 21.9, 25.5 ],
									"rotationOrigin": [ 2.1, 11.4, 24.0 ],
									"rotationY": 44.0,
									"rotationZ": 147.0,
									"faces": {
										"north": { "texture": "#seraph", "uv": [ 0.0, 0.0, 0.5, 3.5 ], "autoUv": false },
										"east": { "texture": "#seraph", "uv": [ 0.0, 0.0, 0.5, 3.5 ], "autoUv": false },
										"south": { "texture": "#seraph", "uv": [ 0.0, 0.0, 0.5, 3.5 ], "autoUv": false },
										"west": { "texture": "#seraph", "uv": [ 0.0, 0.0, 0.5, 3.5 ], "autoUv": false },
										"up": { "texture": "#seraph", "uv": [ 0.0, 0.0, 0.5, 0.5 ], "autoUv": false },
										"down": { "texture": "#seraph", "uv": [ 0.0, 0.0, 0.5, 0.5 ], "autoUv": false }
									},
									"children": [
										{
											"name": "Cube9",
											"from": [ -0.2547, 10.7457, 0.4494 ],
											"to": [ 1.2453, 18.2457, 1.9494 ],
											"rotationOrigin": [ -0.2547, 10.7457, 0.4494 ],
											"rotationX": 5.061,
											"rotationY": 21.082,
											"rotationZ": -10.288,
											"faces": {
												"north": { "texture": "#seraph", "uv": [ 0.0, 0.0, 0.5, 2.5 ], "autoUv": false },
												"east": { "texture": "#seraph", "uv": [ 0.0, 0.0, 0.5, 2.5 ], "autoUv": false },
												"south": { "texture": "#seraph", "uv": [ 0.0, 0.0, 0.5, 2.5 ], "autoUv": false },
												"west": { "texture": "#seraph", "uv": [ 0.0, 0.0, 0.5, 2.5 ], "autoUv": false },
												"up": { "texture": "#seraph", "uv": [ 0.0, 0.0, 0.5, 0.5 ], "autoUv": false },
												"down": { "texture": "#seraph", "uv": [ 0.0, 0.0, 0.5, 0.5 ], "autoUv": false }
											},
											"children": [
												{
													"name": "Cube10",
													"from": [ 0.0861, 7.1109, -0.0774 ],
													"to": [ 1.5861, 17.6109, 1.4226 ],
													"rotationOrigin": [ 0.0861, 7.1109, -0.0774 ],
													"rotationX": -5.465,
													"rotationY": 1.772,
													"rotationZ": 1.087,
													"faces": {
														"north": { "texture": "#seraph", "uv": [ 0.0, 0.0, 0.5, 3.5 ], "autoUv": false },
														"east": { "texture": "#seraph", "uv": [ 0.0, 0.0, 0.5, 3.5 ], "autoUv": false },
														"south": { "texture": "#seraph", "uv": [ 0.0, 0.0, 0.5, 3.5 ], "autoUv": false },
														"west": { "texture": "#seraph", "uv": [ 0.0, 0.0, 0.5, 3.5 ], "autoUv": false },
														"up": { "texture": "#seraph", "uv": [ 0.0, 0.0, 0.5, 0.5 ], "autoUv": false },
														"down": { "texture": "#seraph", "uv": [ 0.0, 0.0, 0.5, 0.5 ], "autoUv": false }
													},
													"children": [
														{
															"name": "Cube11",
															"from": [ 0.1665, 10.1514, 0.9582 ],
															"to": [ 1.6665, 17.9514, 2.4582 ],
															"rotationOrigin": [ 0.1626, 10.1523, 0.9708 ],
															"rotationX": -11.869,
															"rotationY": 48.51,
															"rotationZ": -41.221,
															"faces": {
																"north": { "texture": "#seraph", "uv": [ 0.0, 0.0, 0.5, 2.5 ], "autoUv": false },
																"east": { "texture": "#seraph", "uv": [ 0.0, 0.0, 0.5, 2.5 ], "autoUv": false },
																"south": { "texture": "#seraph", "uv": [ 0.0, 0.0, 0.5, 2.5 ], "autoUv": false },
																"west": { "texture": "#seraph", "uv": [ 0.0, 0.0, 0.5, 2.5 ], "autoUv": false },
																"up": { "texture": "#seraph", "uv": [ 0.0, 0.0, 0.5, 0.5 ], "autoUv": false },
																"down": { "texture": "#seraph", "uv": [ 0.0, 0.0, 0.5, 0.5 ], "autoUv": false }
															}
														}
													]
												}
											]
										}
									]
								}
							]
						}
					],
					"attachmentpoints": [
						{
							"code": "Back",
							"posX": "5.0","posY": "3.0","posZ": "3.0",
							"rotationX": "0.0","rotationY": "0.0","rotationZ": "0.0"
						}
					]
				},
				{
					"name": "UpperFootL",
					"from": [ 25.11, 29.91, 27.3 ],
					"to": [ 37.71, 44.91, 36.9 ],
					"rotationOrigin": [ 28.4235, 49.4193, 31.2 ],
					"rotationX": -2.996,
					"rotationY": 28.0,
					"rotationZ": -33.0,
					"faces": {
						"north": { "texture": "#seraph", "uv": [ 3.0, 8.5, 7.0, 13.5 ], "rotation": 180, "autoUv": false, "windMode": [-1,-1,-1,-1] },
						"east": { "texture": "#seraph", "uv": [ 4.0, 8.5, 7.0, 13.5 ], "rotation": 180, "autoUv": false },
						"south": { "texture": "#seraph", "uv": [ 2.5, 8.5, 6.5, 13.5 ], "rotation": 180, "autoUv": false },
						"west": { "texture": "#seraph", "uv": [ 4.0, 8.5, 7.0, 13.5 ], "rotation": 180, "autoUv": false },
						"up": { "texture": "#seraph", "uv": [ 10.5, 10.0, 13.5, 14.0 ], "rotation": 90, "autoUv": false },
						"down": { "texture": "#seraph", "uv": [ 1.5, 3.5, 4.5, 7.5 ], "rotation": 90, "autoUv": false }
					},
					"children": [
						{
							"name": "LowerFootL",
							"from": [ 0.3, -14.1, 0.3 ],
							"to": [ 12.3, 3.9, 9.3 ],
							"rotationOrigin": [ 6.3, 5.4, 4.2 ],
							"rotationX": 2.0,
							"rotationZ": 42.0,
							"faces": {
								"north": { "texture": "#seraph", "uv": [ 2.75, 3.5, 6.75, 9.5 ], "autoUv": false, "windMode": [-1,-1,-1,-1] },
								"east": { "texture": "#seraph", "uv": [ 3.5, 2.25, 6.5, 8.25 ], "autoUv": false },
								"south": { "texture": "#seraph", "uv": [ 0.75, 3.5, 4.75, 9.5 ], "autoUv": false },
								"west": { "texture": "#seraph", "uv": [ 3.5, 2.5, 6.5, 8.5 ], "autoUv": false },
								"up": { "texture": "#seraph", "uv": [ 3.0, 4.0, 6.0, 8.0 ], "rotation": 90, "autoUv": false },
								"down": { "texture": "#seraph", "uv": [ 2.5, 3.5, 5.5, 7.5 ], "rotation": 90, "autoUv": false }
							}
						}
					]
				},
				{
					"name": "UpperFootL2",
					"from": [ 25.11, 29.91, 12.3 ],
					"to": [ 37.71, 44.91, 21.9 ],
					"rotationOrigin": [ 28.4235, 49.4193, 16.2 ],
					"rotationY": -33.0,
					"rotationZ": -33.0,
					"faces": {
						"north": { "texture": "#seraph", "uv": [ 2.5, 8.5, 6.5, 13.5 ], "rotation": 180, "autoUv": false },
						"east": { "texture": "#seraph", "uv": [ 3.5, 8.5, 6.5, 13.5 ], "rotation": 180, "autoUv": false },
						"south": { "texture": "#seraph", "uv": [ 2.5, 8.0, 6.5, 13.0 ], "rotation": 180, "autoUv": false },
						"west": { "texture": "#seraph", "uv": [ 3.0, 8.5, 6.0, 13.5 ], "rotation": 180, "autoUv": false },
						"up": { "texture": "#seraph", "uv": [ 10.0, 9.5, 13.0, 13.5 ], "rotation": 90, "autoUv": false },
						"down": { "texture": "#seraph", "uv": [ 5.5, 4.0, 8.5, 8.0 ], "rotation": 90, "autoUv": false }
					},
					"children": [
						{
							"name": "LowerFootL2",
							"from": [ 0.3, -14.1, 0.3 ],
							"to": [ 12.3, 3.9, 9.3 ],
							"rotationOrigin": [ 6.3, 5.4, 4.2 ],
							"rotationX": 2.0,
							"rotationZ": 42.0,
							"faces": {
								"north": { "texture": "#seraph", "uv": [ 2.5, 3.5, 6.5, 9.5 ], "autoUv": false },
								"east": { "texture": "#seraph", "uv": [ 3.25, 3.25, 6.25, 9.25 ], "autoUv": false },
								"south": { "texture": "#seraph", "uv": [ 3.75, 1.0, 7.75, 7.0 ], "autoUv": false },
								"west": { "texture": "#seraph", "uv": [ 2.25, 3.0, 5.25, 9.0 ], "autoUv": false },
								"up": { "texture": "#seraph", "uv": [ 3.5, 5.5, 6.5, 9.5 ], "rotation": 90, "autoUv": false },
								"down": { "texture": "#seraph", "uv": [ 3.0, 5.0, 6.0, 9.0 ], "rotation": 90, "autoUv": false }
							}
						}
					]
				}
			]
		}
	],
	"animations": [
		{
			"name": "Walk",
			"code": "walk",
			"quantityframes": 30,
			"onActivityStopped": "EaseOut",
			"onAnimationEnd": "Repeat",
			"keyframes": [
				{
					"frame": 0,
					"elements": {
						"root": { "rotationX": 3.0, "rotationY": 0.0, "rotationZ": -3.0 },
						"LowerTorso": { "rotationX": 3.0, "rotationY": 6.0, "rotationZ": 3.0 },
						"UpperFootL": { "offsetX": 1.5, "offsetY": 0.0, "offsetZ": 0.0, "rotationX": -3.0, "rotationY": -3.0, "rotationZ": 18.0 },
						"LowerFootL": { "rotationX": 0.0, "rotationY": 0.0, "rotationZ": 8.0 },
						"UpperTorso": { "rotationX": 0.0, "rotationY": 3.0, "rotationZ": 0.0 },
						"Head": { "rotationX": 0.0, "rotationY": -3.0, "rotationZ": 0.0 },
						"UpperFootL2": { "offsetX": 0.0, "offsetY": 0.0, "offsetZ": 0.0, "rotationX": 0.0, "rotationY": 0.0, "rotationZ": -36.0 },
						"LowerFootL2": { "rotationX": 0.0, "rotationY": 0.0, "rotationZ": 22.0 }
					}
				},
				{
					"frame": 5,
					"elements": {
						"root": { "rotationX": -3.0, "rotationY": 3.0, "rotationZ": 0.0 },
						"UpperFootL": { "offsetX": 0.0, "offsetY": 0.0, "offsetZ": 0.0 },
						"LowerFootL": { "rotationX": 0.0, "rotationY": 0.0, "rotationZ": 45.0 },
						"UpperFootL2": { "offsetX": -6.6000000000000005, "offsetY": -4.199999999999999, "offsetZ": 3.0, "rotationX": 0.0, "rotationY": 0.0, "rotationZ": 0.0 },
						"LowerFootL2": { "rotationX": 0.0, "rotationY": 0.0, "rotationZ": -11.0 }
					}
				},
				{
					"frame": 10,
					"elements": {
						"root": { "rotationX": 0.0, "rotationY": -11.0, "rotationZ": -6.0 },
						"UpperFootL": { "rotationX": 1.5, "rotationY": 0.0, "rotationZ": -30.0 },
						"LowerFootL": { "rotationX": 0.0, "rotationY": 0.0, "rotationZ": 11.0 },
						"UpperFootL2": { "offsetX": 0.0, "offsetY": 0.0, "offsetZ": 0.0, "rotationX": 0.0, "rotationY": 0.0, "rotationZ": 14.0 },
						"LowerFootL2": { "offsetX": 0.0, "offsetY": 0.0, "offsetZ": 0.0, "rotationX": 0.0, "rotationY": 0.0, "rotationZ": 11.0 }
					}
				},
				{
					"frame": 13,
					"elements": {
						"root": { "rotationX": 0.0, "rotationY": -8.0, "rotationZ": 0.0 },
						"LowerTorso": { "rotationX": -3.0, "rotationY": -6.0, "rotationZ": 3.0 },
						"UpperTorso": { "rotationX": 0.0, "rotationY": -3.0, "rotationZ": 0.0 },
						"Head": { "rotationX": 0.0, "rotationY": 3.0, "rotationZ": 0.0 },
						"UpperFootL": { "rotationX": 3.0, "rotationY": 5.0, "rotationZ": -32.0 },
						"LowerFootL": { "rotationX": 0.0, "rotationY": 0.0, "rotationZ": 10.0 }
					}
				},
				{
					"frame": 16,
					"elements": {
						"root": { "rotationX": 0.0, "rotationY": -11.0, "rotationZ": 6.0 },
						"UpperFootL": { "offsetX": 0.0, "offsetY": -6.0, "offsetZ": 0.0, "rotationX": 0.0, "rotationY": 3.0, "rotationZ": -30.0 },
						"LowerFootL": { "rotationX": 0.0, "rotationY": 0.0, "rotationZ": 17.0 }
					}
				},
				{
					"frame": 22,
					"elements": {
						"root": { "rotationX": 0.0, "rotationY": 0.0, "rotationZ": 0.0 },
						"UpperFootL": { "offsetX": 0.0, "offsetY": 0.0, "offsetZ": 0.0 }
					}
				}
			]
		},

		{
			"name": "Idle",
			"code": "idle",
			"quantityframes": 40,
			"onActivityStopped": "EaseOut",
			"onAnimationEnd": "Repeat",
			"keyframes": [
				{
					"frame": 0,
					"elements": {
						"UpperTorso": { "offsetX": 0.0, "offsetY": 0.30000000000000004, "offsetZ": 0.0, "rotationX": 0.0, "rotationY": 0.0, "rotationZ": 0.0 }
					}
				},
				{
					"frame": 10,
					"elements": {
						"UpperTorso": { "offsetX": 0.0, "offsetY": 0.0, "offsetZ": 0.0, "rotationX": 0.0, "rotationY": 0.0, "rotationZ": -1.0 }
					}
				},
				{
					"frame": 20,
					"elements": {
						"UpperTorso": { "offsetX": 0.0, "offsetY": -0.30000000000000004, "offsetZ": 0.0, "rotationX": 0.0, "rotationY": 0.0, "rotationZ": 0.0 }
					}
				},
				{
					"frame": 30,
					"elements": {
						"UpperTorso": { "offsetX": 0.0, "offsetY": 0.0, "offsetZ": 0.0, "rotationX": 0.0, "rotationY": 0.0, "rotationZ": 1.0 }
					}
				}
			]
		},

		{
			"name": "Die",
			"code": "die",
			"quantityframes": 71,
			"onActivityStopped": "PlayTillEnd",
			"onAnimationEnd": "Hold",
			"keyframes": [
				{
					"frame": 0,
					"elements": {
						"root": { "offsetX": 0.0, "offsetY": 0.0, "offsetZ": 0.0, "rotationX": 0.0, "rotationY": 0.0, "rotationZ": 0.0 },
						"LowerFootL2": { "rotationX": 0.0, "rotationY": 0.0, "rotationZ": 0.0 },
						"LowerFootL": { "rotationX": 0.0, "rotationY": 0.0, "rotationZ": 0.0 },
						"Head": { "offsetX": 0.0, "offsetY": 0.0, "offsetZ": 0.0, "rotationX": 0.0, "rotationY": 0.0, "rotationZ": 0.0 },
						"origin": { "offsetX": 0.0, "offsetY": 0.0, "offsetZ": 0.0, "rotationX": 0.0, "rotationY": 0.0, "rotationZ": 0.0 },
						"Cube2": { "rotationX": 0.0, "rotationY": 0.0, "rotationZ": 0.0 },
						"Cube3": { "rotationX": 0.0, "rotationY": 0.0, "rotationZ": 0.0 },
						"Cube5": { "rotationX": 0.0, "rotationY": 0.0, "rotationZ": 0.0 },
						"Cube6": { "rotationX": 0.0, "rotationY": 0.0, "rotationZ": 0.0 },
						"Cube8": { "rotationX": 0.0, "rotationY": 0.0, "rotationZ": 0.0 },
						"Cube9": { "rotationX": 0.0, "rotationY": 0.0, "rotationZ": 0.0 },
						"Cube10": { "rotationX": 0.0, "rotationY": 0.0, "rotationZ": 0.0 },
						"Cube11": { "rotationX": 0.0, "rotationY": 0.0, "rotationZ": 0.0 },
						"LowerArmR5": { "rotationX": 0.0, "rotationY": 0.0, "rotationZ": 8.0 },
						"LowerArmR6": { "rotationX": 0.0, "rotationY": 0.0, "rotationZ": 0.0 },
						"LowerArmR8": { "rotationX": 0.0, "rotationY": 0.0, "rotationZ": 0.0 },
						"UpperArmR2": { "rotationX": 0.0, "rotationY": 0.0, "rotationZ": 0.0 },
						"LowerArmR2": { "rotationX": 0.0, "rotationY": 0.0, "rotationZ": 0.0 }
					}
				},
				{
					"frame": 30,
					"elements": {
						"root": { "offsetX": 1.0, "offsetY": -10.8, "offsetZ": 0.0, "rotationX": 0.0, "rotationY": 0.0, "rotationZ": 6.0 },
						"LowerFootL": { "rotationX": 17.0, "rotationY": -28.0, "rotationZ": 80.0 },
						"LowerFootL2": { "rotationX": 0.0, "rotationY": 8.0, "rotationZ": 80.0 },
						"Head": { "offsetX": 0.0, "offsetY": 0.0, "offsetZ": 0.0, "rotationX": 0.0, "rotationY": 0.0, "rotationZ": 0.0 },
						"origin": { "offsetX": 0.0, "offsetY": 0.0, "offsetZ": 0.0, "rotationX": 0.0, "rotationY": 0.0, "rotationZ": 0.0 },
						"Cube2": { "rotationX": 0.0, "rotationY": 0.0, "rotationZ": 0.0 },
						"Cube3": { "rotationX": 0.0, "rotationY": 0.0, "rotationZ": 0.0 },
						"Cube5": { "rotationX": 0.0, "rotationY": 0.0, "rotationZ": 0.0 },
						"Cube6": { "rotationX": 0.0, "rotationY": 0.0, "rotationZ": 0.0 },
						"Cube8": { "rotationX": 0.0, "rotationY": 0.0, "rotationZ": 0.0 },
						"Cube9": { "rotationX": 0.0, "rotationY": 0.0, "rotationZ": 0.0 },
						"Cube10": { "rotationX": 0.0, "rotationY": 0.0, "rotationZ": 0.0 },
						"Cube11": { "rotationX": 0.0, "rotationY": 0.0, "rotationZ": 0.0 },
						"LowerArmR5": { "rotationX": 0.0, "rotationY": 0.0, "rotationZ": 0.0 },
						"LowerArmR6": { "rotationX": 0.0, "rotationY": 0.0, "rotationZ": -17.0 },
						"LowerArmR8": { "rotationX": 0.0, "rotationY": 0.0, "rotationZ": 22.0 },
						"UpperArmR2": { "rotationX": 0.0, "rotationY": 0.0, "rotationZ": 0.0 },
						"LowerArmR2": { "rotationX": 0.0, "rotationY": 0.0, "rotationZ": 0.0 }
					}
				},
				{
					"frame": 40,
					"elements": {
						"root": { "offsetX": 1.0, "offsetY": -10.8, "offsetZ": 0.0, "rotationX": 0.0, "rotationY": 0.0, "rotationZ": 8.0 },
						"UpperTorso": { "rotationX": 0.0, "rotationY": 0.0, "rotationZ": 17.0 },
						"Head": { "offsetX": 0.0, "offsetY": 0.0, "offsetZ": 0.0, "rotationX": 0.0, "rotationY": 0.0, "rotationZ": 0.0 },
						"UpperArmR2": { "rotationX": 0.0, "rotationY": 0.0, "rotationZ": 0.0 },
						"LowerArmR2": { "rotationX": 0.0, "rotationY": 0.0, "rotationZ": 0.0 },
						"LowerArmR5": { "rotationX": 0.0, "rotationY": 0.0, "rotationZ": 0.0 },
						"LowerArmR6": { "rotationX": 0.0, "rotationY": 0.0, "rotationZ": -17.0 },
						"LowerArmR8": { "rotationX": 0.0, "rotationY": 0.0, "rotationZ": 22.0 },
						"origin": { "offsetX": 0.0, "offsetY": 0.0, "offsetZ": 0.0, "rotationX": 0.0, "rotationY": 0.0, "rotationZ": 11.0 },
						"Cube2": { "rotationX": 0.0, "rotationY": 0.0, "rotationZ": 0.0 },
						"Cube3": { "rotationX": 0.0, "rotationY": 0.0, "rotationZ": 0.0 },
						"Cube5": { "rotationX": 0.0, "rotationY": 0.0, "rotationZ": 0.0 },
						"Cube6": { "rotationX": 0.0, "rotationY": 0.0, "rotationZ": 0.0 },
						"Cube8": { "rotationX": 0.0, "rotationY": 0.0, "rotationZ": 0.0 },
						"Cube9": { "rotationX": 0.0, "rotationY": 0.0, "rotationZ": 0.0 },
						"Cube10": { "rotationX": 0.0, "rotationY": 0.0, "rotationZ": 0.0 },
						"Cube11": { "rotationX": 0.0, "rotationY": 0.0, "rotationZ": 0.0 },
						"LowerFootL": { "rotationX": 17.0, "rotationY": -28.0, "rotationZ": 80.0 },
						"LowerFootL2": { "rotationX": 0.0, "rotationY": 8.0, "rotationZ": 80.0 }
					}
				},
				{
					"frame": 55,
					"elements": {
						"root": { "offsetX": 11.4, "offsetY": -19.0, "offsetZ": 0.0, "rotationX": 0.0, "rotationY": 0.0, "rotationZ": 39.2 },
						"UpperTorso": { "rotationX": 0.0, "rotationY": 0.0, "rotationZ": 14.0 },
						"Head": { "offsetX": 0.0, "offsetY": 0.0, "offsetZ": 0.0, "rotationX": 0.0, "rotationY": 0.0, "rotationZ": -33.2 },
						"LowerArmR5": { "rotationX": 0.0, "rotationY": -8.0, "rotationZ": 0.0 },
						"LowerArmR6": { "rotationX": 0.0, "rotationY": 0.0, "rotationZ": 28.0 },
						"origin": { "offsetX": -24.0, "offsetY": 24.0, "offsetZ": 3.0, "rotationX": 0.0, "rotationY": -19.0, "rotationZ": 50.0 },
						"Cube8": { "rotationX": -30.0, "rotationY": 14.0, "rotationZ": 61.0 },
						"Cube9": { "rotationX": 0.0, "rotationY": 0.0, "rotationZ": 19.0 },
						"Cube10": { "rotationX": 0.0, "rotationY": 0.0, "rotationZ": 0.0 },
						"Cube11": { "rotationX": 0.0, "rotationY": 0.0, "rotationZ": 0.0 },
						"Cube5": { "rotationX": 0.0, "rotationY": 0.0, "rotationZ": 66.0 },
						"Cube6": { "rotationX": 0.0, "rotationY": 0.0, "rotationZ": 0.0 },
						"Cube2": { "rotationX": 0.0, "rotationY": 0.0, "rotationZ": 58.0 },
						"Cube3": { "rotationX": 0.0, "rotationY": 0.0, "rotationZ": 0.0 },
						"UpperArmR2": { "rotationX": 0.0, "rotationY": -11.0, "rotationZ": -6.0 },
						"LowerArmR2": { "rotationX": 33.0, "rotationY": 0.0, "rotationZ": -28.0 },
						"LowerFootL": { "rotationX": 10.2, "rotationY": -16.8, "rotationZ": 41.2 },
						"LowerFootL2": { "rotationX": 0.0, "rotationY": 4.8, "rotationZ": 40.4 }
					}
				},
				{
					"frame": 70,
					"elements": {
						"root": { "offsetX": 9.0, "offsetY": -22.0, "offsetZ": 0.0, "rotationX": 0.0, "rotationY": 0.0, "rotationZ": 89.0 },
						"UpperTorso": { "rotationX": 0.0, "rotationY": 0.0, "rotationZ": 14.0 },
						"Head": { "offsetX": -5.699999999999999, "offsetY": 3.0, "offsetZ": 0.0, "rotationX": 0.0, "rotationY": 0.0, "rotationZ": -78.0 },
						"origin": { "offsetX": -4.5, "offsetY": 12.899999999999999, "offsetZ": -7.800000000000001, "rotationX": -14.0, "rotationY": 0.0, "rotationZ": 8.0 },
						"Cube3": { "rotationX": 108.0, "rotationY": -17.0, "rotationZ": -8.0 },
						"Cube6": { "rotationX": 3.0, "rotationY": 83.0, "rotationZ": 64.0 },
						"Cube8": { "rotationX": 78.0, "rotationY": -19.0, "rotationZ": 17.0 },
						"Cube9": { "rotationX": 0.0, "rotationY": -61.0, "rotationZ": -28.0 },
						"Cube10": { "rotationX": 0.0, "rotationY": 0.0, "rotationZ": -97.0 },
						"Cube11": { "rotationX": 0.0, "rotationY": 0.0, "rotationZ": 83.0 },
						"UpperArmR2": { "rotationX": 0.0, "rotationY": 66.0, "rotationZ": -17.0 },
						"LowerArmR2": { "rotationX": 11.0, "rotationY": 3.0, "rotationZ": -42.0 },
						"LowerArmR5": { "rotationX": 0.0, "rotationY": 0.0, "rotationZ": 50.0 },
						"LowerFootL": { "rotationX": 0.0, "rotationY": 0.0, "rotationZ": -17.0 },
						"LowerFootL2": { "rotationX": 0.0, "rotationY": 0.0, "rotationZ": -19.0 }
					}
				}
			]
		},

		{
			"name": "Attack1",
			"code": "attack1",
			"quantityframes": 200,
			"onActivityStopped": "Stop",
			"onAnimationEnd": "EaseOut",
			"keyframes": [
				{
					"frame": 0,
					"elements": {
						"root": { "rotationX": 0.0, "rotationY": 0.0, "rotationZ": 0.0 },
						"origin": { "offsetX": 0.0, "offsetY": 0.0, "offsetZ": 0.0, "rotationX": 0.0, "rotationY": 0.0, "rotationZ": 0.0 },
						"Cube2": { "rotationX": 0.0, "rotationY": 0.0, "rotationZ": -17.0 },
						"Cube3": { "rotationX": 0.0, "rotationY": 0.0, "rotationZ": 8.0 },
						"Cube4": { "rotationX": 0.0, "rotationY": 0.0, "rotationZ": 0.0 },
						"Cube8": { "rotationX": 0.0, "rotationY": 3.0, "rotationZ": -11.0 },
						"Cube9": { "rotationX": -11.0, "rotationY": 3.0, "rotationZ": 8.0 },
						"Cube10": { "rotationX": 0.0, "rotationY": 0.0, "rotationZ": 0.0 },
						"Cube11": { "rotationX": 0.0, "rotationY": 0.0, "rotationZ": -39.0 },
						"Cube5": { "rotationX": 0.0, "rotationY": 11.0, "rotationZ": -8.0 },
						"Cube6": { "rotationX": 0.0, "rotationY": 0.0, "rotationZ": 0.0 },
						"Cube7": { "rotationX": 0.0, "rotationY": 0.0, "rotationZ": 0.0 },
						"UpperArmR2": { "rotationX": 0.0, "rotationY": 8.0, "rotationZ": -3.0 },
						"LowerArmR2": { "rotationX": 0.0, "rotationY": 0.0, "rotationZ": 0.0 },
						"LowerArmR3": { "rotationX": 0.0, "rotationY": 0.0, "rotationZ": 0.0 },
						"LowerArmR5": { "offsetX": 0.0, "offsetY": 0.0, "offsetZ": 0.0, "rotationX": 0.0, "rotationY": 0.0, "rotationZ": 0.0 },
						"LowerArmR6": { "rotationX": 0.0, "rotationY": 0.0, "rotationZ": 0.0 },
						"LowerArmR7": { "rotationX": 0.0, "rotationY": 0.0, "rotationZ": 0.0 },
						"LowerArmR8": { "rotationX": 0.0, "rotationY": 0.0, "rotationZ": 0.0 },
						"Head": { "rotationX": 0.0, "rotationY": 0.0, "rotationZ": 0.0 },
						"UpperFootL": { "offsetX": 0.0, "offsetY": 0.0, "offsetZ": 0.0, "rotationX": 0.0, "rotationY": 0.0, "rotationZ": 0.0 },
						"LowerFootL": { "rotationX": 0.0, "rotationY": 0.0, "rotationZ": 0.0 }
					}
				},
				{
					"frame": 10,
					"elements": {
						"Cube4": { "rotationX": -17.0, "rotationY": -44.0, "rotationZ": 72.0 },
						"Cube7": { "rotationX": 0.0, "rotationY": 0.0, "rotationZ": 39.0 },
						"Head": { "rotationX": 0.0, "rotationY": -14.0, "rotationZ": 0.0 },
						"UpperArmR2": { "rotationX": 0.0, "rotationY": 11.0, "rotationZ": -3.0 },
						"UpperArmR4": { "rotationX": 0.0, "rotationY": 0.0, "rotationZ": 0.0 },
						"LowerArmR3": { "rotationX": 0.0, "rotationY": 0.0, "rotationZ": 0.0 },
						"LowerArmR5": { "rotationX": 0.0, "rotationY": 0.0, "rotationZ": 0.0 },
						"LowerArmR7": { "rotationX": 0.0, "rotationY": 0.0, "rotationZ": 0.0 },
						"LowerArmR8": { "rotationX": 0.0, "rotationY": 0.0, "rotationZ": 0.0 },
						"UpperFootL": { "offsetX": 0.0, "offsetY": 0.0, "offsetZ": 0.0, "rotationX": 0.0, "rotationY": 0.0, "rotationZ": 0.0 },
						"LowerFootL": { "rotationX": 0.0, "rotationY": 0.0, "rotationZ": 0.0 }
					}
				},
				{
					"frame": 20,
					"elements": {
						"root": { "rotationX": 0.0, "rotationY": 33.0, "rotationZ": -14.0 },
						"Head": { "rotationX": 0.0, "rotationY": -36.0, "rotationZ": 0.0 },
						"UpperArmR2": { "rotationX": 0.0, "rotationY": 11.0, "rotationZ": -6.0 },
						"LowerArmR2": { "rotationX": -30.0, "rotationY": 47.0, "rotationZ": 6.0 },
						"UpperArmR4": { "rotationX": 0.0, "rotationY": 0.0, "rotationZ": 0.0 },
						"LowerArmR3": { "rotationX": 0.0, "rotationY": 0.0, "rotationZ": 0.0 },
						"LowerArmR6": { "rotationX": 0.0, "rotationY": 0.0, "rotationZ": -25.0 },
						"LowerArmR7": { "rotationX": 0.0, "rotationY": 0.0, "rotationZ": 0.0 },
						"origin": { "offsetX": 12.0, "offsetY": 3.0, "offsetZ": 3.0, "rotationX": -6.0, "rotationY": -36.0, "rotationZ": -3.0 },
						"Cube2": { "rotationX": -78.0, "rotationY": 50.0, "rotationZ": 0.0 },
						"Cube3": { "rotationX": 8.0, "rotationY": -55.0, "rotationZ": 17.0 },
						"Cube4": { "rotationX": 0.0, "rotationY": 0.0, "rotationZ": 147.0 },
						"Cube5": { "rotationX": -89.0, "rotationY": 0.0, "rotationZ": 0.0 },
						"Cube6": { "rotationX": -61.0, "rotationY": 0.0, "rotationZ": 0.0 },
						"Cube7": { "rotationX": -80.0, "rotationY": 0.0, "rotationZ": 0.0 },
						"Cube8": { "rotationX": 0.0, "rotationY": 86.0, "rotationZ": 3.0 },
						"Cube9": { "rotationX": 0.0, "rotationY": 0.0, "rotationZ": -33.0 },
						"Cube10": { "rotationX": -78.0, "rotationY": -3.0, "rotationZ": 0.0 },
						"Cube11": { "rotationX": 0.0, "rotationY": 0.0, "rotationZ": -33.0 },
						"UpperFootL": { "offsetX": 0.0, "offsetY": 0.0, "offsetZ": 0.0, "rotationX": 0.0, "rotationY": 0.0, "rotationZ": 0.0 },
						"LowerFootL": { "rotationX": 0.0, "rotationY": 0.0, "rotationZ": 0.0 }
					}
				},
				{
					"frame": 25,
					"elements": {
						"LowerArmR2": { "rotationX": 25.0, "rotationY": -14.0, "rotationZ": -11.0 },
						"origin": { "offsetX": 45.0, "offsetY": 12.0, "offsetZ": -42.0 },
						"UpperArmR4": { "rotationX": 0.0, "rotationY": 0.0, "rotationZ": 0.0 },
						"LowerArmR3": { "rotationX": 0.0, "rotationY": 0.0, "rotationZ": 0.0 },
						"LowerArmR5": { "rotationX": 0.0, "rotationY": 0.0, "rotationZ": 0.0 },
						"LowerArmR6": { "rotationX": 0.0, "rotationY": 0.0, "rotationZ": 28.0 },
						"LowerArmR7": { "rotationX": 0.0, "rotationY": 0.0, "rotationZ": 0.0 },
						"UpperFootL": { "offsetX": 0.0, "offsetY": 0.0, "offsetZ": 0.0, "rotationX": 0.0, "rotationY": 0.0, "rotationZ": 0.0 },
						"LowerFootL": { "rotationX": 0.0, "rotationY": 0.0, "rotationZ": 0.0 }
					}
				},
				{
					"frame": 26,
					"elements": {
						"LowerArmR2": { "rotationX": 0.0, "rotationY": -44.0, "rotationZ": 0.0 },
						"UpperArmR4": { "rotationX": 0.0, "rotationY": 0.0, "rotationZ": 0.0 },
						"LowerArmR3": { "rotationX": 0.0, "rotationY": 0.0, "rotationZ": 0.0 },
						"LowerArmR6": { "rotationX": 0.0, "rotationY": 0.0, "rotationZ": 30.0 },
						"LowerArmR7": { "rotationX": 0.0, "rotationY": 0.0, "rotationZ": 0.0 },
						"UpperFootL": { "offsetX": 0.0, "offsetY": 0.0, "offsetZ": 0.0, "rotationX": 0.0, "rotationY": 0.0, "rotationZ": -47.0 },
						"LowerFootL": { "rotationX": 0.0, "rotationY": 0.0, "rotationZ": 0.0 }
					}
				},
				{
					"frame": 28,
					"elements": {
						"root": { "rotationX": 0.0, "rotationY": -17.0, "rotationZ": 42.0 },
						"UpperTorso": { "rotationX": 0.0, "rotationY": 0.0, "rotationZ": 3.0 },
						"Head": { "offsetX": -3.0, "offsetY": 0.0, "offsetZ": 0.0, "rotationX": 3.0, "rotationY": 3.0, "rotationZ": -28.0 },
						"UpperArmR2": { "rotationX": 0.0, "rotationY": 0.0, "rotationZ": 0.0 },
						"LowerArmR2": { "rotationX": 0.0, "rotationY": -17.0, "rotationZ": 3.0 },
						"UpperArmR4": { "rotationX": 0.0, "rotationY": 0.0, "rotationZ": 0.0 },
						"LowerArmR3": { "rotationX": 0.0, "rotationY": 0.0, "rotationZ": 0.0 },
						"LowerArmR6": { "rotationX": 0.0, "rotationY": 0.0, "rotationZ": 39.0 },
						"LowerArmR8": { "rotationX": 0.0, "rotationY": 0.0, "rotationZ": 0.0 },
						"origin": { "offsetX": 39.0, "offsetY": 12.299999999999999, "offsetZ": -57.300000000000004, "rotationX": -78.0, "rotationY": -230.0, "rotationZ": -53.0 },
						"Cube2": { "rotationX": 0.0, "rotationY": 0.0, "rotationZ": -19.0 },
						"Cube3": { "rotationX": 0.0, "rotationY": 8.0, "rotationZ": 30.0 },
						"Cube4": { "rotationX": 0.0, "rotationY": 0.0, "rotationZ": 33.0 },
						"Cube5": { "rotationX": 3.0, "rotationY": 14.0, "rotationZ": 11.0 },
						"Cube6": { "rotationX": 6.0, "rotationY": -8.0, "rotationZ": 17.0 },
						"Cube7": { "rotationX": 30.0, "rotationY": 0.0, "rotationZ": 0.0 },
						"Cube10": { "rotationX": -36.0, "rotationY": -64.0, "rotationZ": 69.0 },
						"Cube11": { "rotationX": 64.0, "rotationY": 0.0, "rotationZ": -36.0 },
						"LowerTorso": { "rotationX": 0.0, "rotationY": 0.0, "rotationZ": 6.0 },
						"UpperFootL": { "offsetX": -5.4, "offsetY": -3.0, "offsetZ": 0.0, "rotationX": 0.0, "rotationY": 0.0, "rotationZ": -61.0 },
						"LowerFootL": { "offsetX": 0.0, "offsetY": 0.0, "offsetZ": 0.0, "rotationX": 14.0, "rotationY": 0.0, "rotationZ": 11.0 }
					}
				},
				{
					"frame": 48,
					"elements": {
						"root": { "rotationX": 0.0, "rotationY": -17.0, "rotationZ": 39.0 },
						"Head": { "offsetX": -3.0, "offsetY": 0.0, "offsetZ": 0.0, "rotationX": 3.0, "rotationY": 3.0, "rotationZ": -28.0 },
						"UpperArmR2": { "rotationX": 0.0, "rotationY": 0.0, "rotationZ": 0.0 },
						"LowerArmR2": { "rotationX": 0.0, "rotationY": -17.0, "rotationZ": 3.0 },
						"UpperArmR4": { "rotationX": 0.0, "rotationY": 0.0, "rotationZ": 0.0 },
						"LowerArmR3": { "rotationX": 0.0, "rotationY": 0.0, "rotationZ": 0.0 },
						"LowerArmR5": { "rotationX": 0.0, "rotationY": 0.0, "rotationZ": 0.0 },
						"LowerArmR6": { "rotationX": 0.0, "rotationY": 0.0, "rotationZ": 39.0 },
						"LowerArmR8": { "rotationX": 0.0, "rotationY": 0.0, "rotationZ": 0.0 },
						"origin": { "offsetX": 39.0, "offsetY": 12.299999999999999, "offsetZ": -57.300000000000004, "rotationX": -72.0, "rotationY": -230.0, "rotationZ": -53.0 },
						"Cube2": { "rotationX": 0.0, "rotationY": 0.0, "rotationZ": -19.0 },
						"Cube3": { "rotationX": 0.0, "rotationY": 8.0, "rotationZ": 30.0 },
						"Cube4": { "rotationX": 0.0, "rotationY": 0.0, "rotationZ": 33.0 },
						"Cube5": { "rotationX": 3.0, "rotationY": 14.0, "rotationZ": 11.0 },
						"Cube6": { "rotationX": 6.0, "rotationY": -8.0, "rotationZ": 17.0 },
						"Cube7": { "rotationX": 30.0, "rotationY": 0.0, "rotationZ": 0.0 },
						"Cube8": { "rotationX": 0.0, "rotationY": 83.177, "rotationZ": 2.524 },
						"Cube9": { "rotationX": -0.374, "rotationY": 0.102, "rotationZ": -31.605 },
						"Cube10": { "rotationX": -36.0, "rotationY": -64.0, "rotationZ": 69.0 },
						"Cube11": { "rotationX": 64.0, "rotationY": 0.0, "rotationZ": -36.0 },
						"UpperFootL": { "offsetX": -5.4, "offsetY": -3.0, "offsetZ": 0.0, "rotationX": 0.0, "rotationY": 0.0, "rotationZ": -61.0 },
						"LowerFootL": { "offsetX": 0.0, "offsetY": -1.7999999999999998, "offsetZ": 0.0, "rotationX": 14.0, "rotationY": 0.0, "rotationZ": 11.0 }
					}
				},
				{
					"frame": 60,
					"elements": {
						"UpperArmR2": { "offsetX": 0.0, "offsetY": 6.0, "offsetZ": -6.0 },
						"LowerArmR2": { "rotationX": 0.0, "rotationY": -8.0, "rotationZ": -66.0 },
						"LowerArmR6": { "rotationX": 0.0, "rotationY": 0.0, "rotationZ": -19.0 },
						"LowerArmR7": { "rotationX": 0.0, "rotationY": 0.0, "rotationZ": 0.0 },
						"LowerArmR8": { "rotationX": 0.0, "rotationY": 0.0, "rotationZ": 0.0 },
						"UpperFootL": { "rotationX": 0.0, "rotationY": 0.0, "rotationZ": 0.0 },
						"LowerFootL": { "rotationX": 0.0, "rotationY": 0.0, "rotationZ": 0.0 }
					}
				},
				{
					"frame": 62,
					"elements": {
						"root": { "rotationX": 0.0, "rotationY": 30.0, "rotationZ": 8.0 },
						"Head": { "offsetX": -3.0, "offsetY": 0.0, "offsetZ": 0.0, "rotationX": 2.537, "rotationY": 2.537, "rotationZ": -23.676 },
						"UpperArmR2": { "rotationX": 0.0, "rotationY": -19.0, "rotationZ": 125.0 },
						"LowerArmR2": { "rotationX": -8.0, "rotationY": -36.0, "rotationZ": -42.0 },
						"UpperArmR4": { "rotationX": 0.0, "rotationY": 0.0, "rotationZ": 0.0 },
						"LowerArmR3": { "rotationX": 0.0, "rotationY": 0.0, "rotationZ": -50.0 },
						"LowerArmR6": { "rotationX": 0.0, "rotationY": 0.0, "rotationZ": -17.0 },
						"LowerArmR8": { "rotationX": 0.0, "rotationY": 0.0, "rotationZ": 0.0 },
						"origin": { "offsetX": 12.0, "offsetY": 19.5, "offsetZ": -12.0, "rotationX": -147.0, "rotationY": -250.0, "rotationZ": -39.0 },
						"Cube2": { "rotationX": 0.0, "rotationY": 0.0, "rotationZ": -18.691 },
						"Cube3": { "rotationX": 0.0, "rotationY": 6.76, "rotationZ": 26.6 },
						"Cube4": { "rotationX": 0.0, "rotationY": 0.0, "rotationZ": 27.904 },
						"Cube5": { "rotationX": 2.537, "rotationY": 13.537, "rotationZ": 8.066 },
						"Cube6": { "rotationX": 5.074, "rotationY": -6.765, "rotationZ": 14.375 },
						"Cube7": { "rotationX": 25.37, "rotationY": 0.0, "rotationZ": 0.0 },
						"Cube8": { "rotationX": 0.0, "rotationY": 71.179, "rotationZ": 0.5 },
						"Cube9": { "rotationX": -1.964, "rotationY": 0.536, "rotationZ": -25.679 },
						"Cube10": { "rotationX": -30.441, "rotationY": -54.118, "rotationZ": 58.346 },
						"Cube11": { "rotationX": 54.118, "rotationY": 0.0, "rotationZ": -36.463 }
					}
				},
				{
					"frame": 72,
					"elements": {
						"Cube10": { "rotationX": 53.0, "rotationY": -11.0, "rotationZ": -6.0 },
						"Cube7": { "rotationX": -11.0, "rotationY": 0.0, "rotationZ": -36.0 },
						"LowerArmR6": { "rotationX": 0.0, "rotationY": 0.0, "rotationZ": -28.0 },
						"LowerArmR7": { "rotationX": 0.0, "rotationY": 0.0, "rotationZ": 17.0 },
						"LowerArmR8": { "rotationX": 0.0, "rotationY": 0.0, "rotationZ": 33.0 }
					}
				},
				{
					"frame": 85,
					"elements": {
						"UpperArmR2": { "rotationX": 17.0, "rotationY": 8.0, "rotationZ": 72.0 },
						"LowerArmR3": { "rotationX": -30.0, "rotationY": 33.0, "rotationZ": -39.0 },
						"LowerArmR5": { "rotationX": 0.0, "rotationY": 25.0, "rotationZ": 0.0 },
						"Cube8": { "rotationX": 0.0, "rotationY": -141.0, "rotationZ": 44.0 },
						"Cube9": { "rotationX": 42.0, "rotationY": -8.0, "rotationZ": 0.0 },
						"Cube10": { "rotationX": -28.0, "rotationY": -6.0, "rotationZ": 0.0 },
						"Cube11": { "rotationX": -78.0, "rotationY": -28.0, "rotationZ": -11.0 }
					}
				},
				{
					"frame": 105,
					"elements": {
						"UpperArmR4": { "rotationX": 0.0, "rotationY": -47.0, "rotationZ": -47.0 },
						"LowerArmR5": { "rotationX": -6.0, "rotationY": 33.0, "rotationZ": -47.0 },
						"UpperArmR2": { "rotationX": 17.0, "rotationY": -36.0, "rotationZ": 3.0 },
						"Cube9": { "rotationX": 0.0, "rotationY": 0.0, "rotationZ": 0.0 },
						"Cube10": { "rotationX": -11.0, "rotationY": 19.0, "rotationZ": 116.0 },
						"Cube11": { "rotationX": 14.0, "rotationY": 86.0, "rotationZ": 0.0 },
						"Cube6": { "rotationX": 11.0, "rotationY": 19.0, "rotationZ": 91.0 },
						"Cube7": { "rotationX": 0.0, "rotationY": -17.0, "rotationZ": 19.0 },
						"Cube3": { "rotationX": 25.0, "rotationY": 14.0, "rotationZ": 108.0 }
					}
				},
				{
					"frame": 130,
					"elements": {
						"UpperArmR4": { "rotationX": 78.0, "rotationY": -125.0, "rotationZ": -6.0 },
						"LowerArmR5": { "rotationX": 0.0, "rotationY": 0.0, "rotationZ": -127.0 },
						"UpperArmR2": { "offsetX": 3.0, "offsetY": -3.0, "offsetZ": 0.0, "rotationX": 0.0, "rotationY": -50.0, "rotationZ": -28.0 },
						"LowerArmR2": { "rotationX": 0.0, "rotationY": -11.0, "rotationZ": -28.0 }
					}
				},
				{
					"frame": 150,
					"elements": {
						"UpperArmR4": { "rotationX": 36.0, "rotationY": -130.0, "rotationZ": -19.0 },
						"LowerArmR3": { "rotationX": -97.0, "rotationY": 0.0, "rotationZ": 0.0 },
						"LowerArmR2": { "offsetX": 0.0, "offsetY": -3.0, "offsetZ": 0.0, "rotationX": 0.0, "rotationY": -28.0, "rotationZ": -44.0 }
					}
				},
				{
					"frame": 182,
					"elements": {
						"UpperArmR4": { "rotationX": 11.0, "rotationY": -125.0, "rotationZ": -28.0 },
						"LowerArmR3": { "rotationX": -72.0, "rotationY": -22.0, "rotationZ": -33.0 },
						"LowerArmR5": { "offsetX": 0.0, "offsetY": -3.0, "offsetZ": 0.0, "rotationX": 0.0, "rotationY": -53.0, "rotationZ": -75.0 },
						"LowerArmR2": { "offsetX": 0.0, "offsetY": -3.0, "offsetZ": 0.0, "rotationX": 0.0, "rotationY": -14.0, "rotationZ": -47.0 }
					}
				}
			]
		},

		{
			"name": "Attack2",
			"code": "attack2",
			"quantityframes": 45,
			"onActivityStopped": "Stop",
			"onAnimationEnd": "EaseOut",
			"keyframes": [
				{
					"frame": 0,
					"elements": {
						"root": { "offsetX": 0.0, "offsetY": 0.0, "offsetZ": 0.0, "rotationX": 0.0, "rotationY": 0.0, "rotationZ": 0.0 },
						"UpperArmR4": { "rotationX": 0.0, "rotationY": 0.0, "rotationZ": 0.0 },
						"LowerArmR5": { "offsetX": 0.0, "offsetY": 0.0, "offsetZ": 0.0, "rotationX": 0.0, "rotationY": 0.0, "rotationZ": 0.0 },
						"LowerArmR6": { "rotationX": 0.0, "rotationY": 0.0, "rotationZ": 0.0 },
						"UpperFootL": { "offsetX": 0.0, "offsetY": 0.0, "offsetZ": 0.0, "rotationX": 0.0, "rotationY": 0.0, "rotationZ": 0.0 },
						"UpperFootL2": { "rotationX": 0.0, "rotationY": 0.0, "rotationZ": 0.0 },
						"LowerFootL2": { "rotationX": 0.0, "rotationY": 0.0, "rotationZ": 0.0 },
						"LowerTorso": { "rotationX": 0.0, "rotationY": 0.0, "rotationZ": 0.0 }
					}
				},
				{
					"frame": 15,
					"elements": {
						"root": { "offsetX": 0.0, "offsetY": 3.0, "offsetZ": 0.0, "rotationX": 8.0, "rotationY": -36.0, "rotationZ": -11.0 },
						"LowerTorso": { "rotationX": 0.0, "rotationY": 0.0, "rotationZ": 0.0 },
						"UpperArmR4": { "rotationX": 0.0, "rotationY": -105.0, "rotationZ": -30.0 },
						"LowerArmR5": { "offsetX": 0.0, "offsetY": 0.0, "offsetZ": 3.0, "rotationX": 0.0, "rotationY": -55.0, "rotationZ": -6.0 },
						"LowerArmR6": { "rotationX": 53.0, "rotationY": -8.0, "rotationZ": -19.0 },
						"UpperFootL": { "offsetX": 1.7999999999999998, "offsetY": 1.2000000000000002, "offsetZ": 1.2000000000000002, "rotationX": 0.0, "rotationY": 42.0, "rotationZ": 0.0 },
						"UpperFootL2": { "rotationX": 0.0, "rotationY": 0.0, "rotationZ": -28.0 },
						"LowerFootL2": { "rotationX": 0.0, "rotationY": 0.0, "rotationZ": 25.0 }
					}
				},
				{
					"frame": 25,
					"elements": {
						"root": { "offsetX": 0.0, "offsetY": 0.0, "offsetZ": 0.0, "rotationX": 0.0, "rotationY": 102.0, "rotationZ": 0.0 },
						"LowerTorso": { "rotationX": 0.0, "rotationY": -39.0, "rotationZ": 0.0 },
						"UpperArmR4": { "rotationX": 0.0, "rotationY": 25.0, "rotationZ": -55.0 },
						"LowerArmR5": { "offsetX": 0.6000000000000001, "offsetY": 5.1, "offsetZ": 3.0, "rotationX": 0.0, "rotationY": 0.0, "rotationZ": 47.0 }
					}
				},
				{
					"frame": 38,
					"elements": {
						"LowerArmR5": { "rotationX": 0.0, "rotationY": 30.0, "rotationZ": -6.0 },
						"UpperFootL2": { "rotationX": 0.0, "rotationY": 0.0, "rotationZ": -22.0 },
						"LowerFootL2": { "rotationX": 0.0, "rotationY": 0.0, "rotationZ": -14.0 }
					}
				}
			]
		}
	]
}