{
	code: "drifterorgan",
	maxstacksize: 32,
	shape: { base: "rustandrot:item/resource/drifterorgan" },
	creativeinventory: { "general": ["*"], "items": ["*"], "rustandrot": ["*"]  },
	attributes: {
		displaycaseable: true, 
		shelvable: true,
		"juiceablePropertiesByType": {
			"*": {
				"litresPerItem": 0.4,
				"liquidStack": {
					"type": "item",
					"code": "sludgeportion",
					"stacksize": 1
				},
				"pressedStack": {
					"type": "item",
					"code": "pressedorgan",
					"stacksize": 1
				}
			}
			
		}
	},
	materialDensity: 700,
	
	guiTransform: {
		translation: { x: 3, y: 4, z: 0 },
		rotation: { x: -24, y: -138, z: -161 },
		origin: { x: 0.5, y: 0.1, z: 0.52 },
		scale: 2.72
	},
	fpHandTransform: {
		translation: { x: 0.25, y: 0, z: 0 },
		rotation: { x: 150, y: 0, z: -87 },
		origin: { x: 0.6, y: 0.3, z: 0.5 },
		scale: 1.82
	},
	tpHandTransform: {
		translation: { x: -1, y: -1.2, z: -1.35 },
		rotation: { x: 80, y: 161, z: 173 },
		scale: 0.52
	},
	groundTransform: {
		translation: { x: 0, y: 0.25, z: 0 },
		rotation: { x: 0, y: 0, z: 0 },
		origin: { x: 0.5, y: 0.32, z: 0.5299 },
		scale: 4
	}
}