{
	code: "miasma",
	class: "EntityAgent",
	hitboxSize: { x: 1.2, y: 1 },
	deadHitboxSize: { x: 1.5, y: 0.4 },
	eyeHeight: 1.5,
	drops: [],
	client: {
		renderer: "Shape",
		shape: { base: "rustandrot:entity/land/rotten/miasma" },
		texture: { base: "rustandrot:entity/rotten/miasma/miasma" },
		behaviors: [
			{ code: "repulseagents" }, 
			{ code: "controlledphysics", stepHeight: 1.1251 }, 
			{ code: "floatupwhenstuck", onlyWhenDead: true },
			{ code: "interpolateposition" },
			{ code: "harvestable" },
			{ code: "despawn", minPlayerDistance: 16, minSeconds: 300, afterDays: 14 },
		],
		animations: [
			{
				code: "hurt",
				animation: "hurt", 
				animationSpeed: 2.2,
				weight: 10,
				blendMode: "AddAverage" 
			},
			{
				code: "bellalarm",
				animation: "attack", 
				animationSpeed: 1,
				weight: 10,
				blendMode: "Average"
			},
			{
				code: "die",
				animation: "die", 
				animationSpeed: 1.25,
				weight: 10,
				blendMode: "Average",
				triggeredBy: { onControls: ["dead"] }
			},
			{ 
				code: "idle", 
				animation: "idle",
				blendMode: "AddAverage",
				easeOutSpeed: 4,
				triggeredBy: { defaultAnim: true }
			}
		]
	},
	server: {
		behaviors: [
			{ code: "repulseagents" }, 
			{ code: "controlledphysics", stepHeight: 1.1251 },
			{ code: "despawn", minPlayerDistance: 8, belowLightLevel: 8, minSeconds: 300 },
			{ code: "health", currenthealth: 50, maxhealth: 50 },
			{ code: "deaddecay", hoursToDecay: 3, decayedBlock: "drycarcass-humanoid1" },
			{ code: "floatupwhenstuck", onlyWhenDead: true },
			{ code: "breathe" },
			{ 
				code: "emotionstates",
				states: [
					{ code: "fleeondamage", duration: 60, chance: 0.30, slot: 2, priority: 5, accumType: "max", whenHealthRelBelow: 0.3 },
					{ code: "aggressiveondamage", duration: 30, chance: 1, slot: 2, priority: 2, accumType: "noaccum" },
					{ code: "alarmherdondamage", chance: 1, slot: 1, priority: 1, accumType: "max" }
				]
			},
			{
				code: "taskai",
				aitasks: [
					{
						"code": "bellalarm",
						"onNearbyEntityCodes": ["player", "golem-normal", "itinerant", "roamer-normal", "drifter-*"],
						"spawnMobs": [
							"rustandrot:parasitic-flies"
						],
						"spawnMaxQuantity": 3,
						"spawnIntervalMsMin": 800,
						"spawnIntervalMsMax": 1000,
						"spawnRange": 1,
						"priority": 10,
						"seekingRange": 20,
						"animationSpeed": 1.5,
						"animation": "attack",
					},
					{
						code: "fleeentity",
						entityCodes: ["player", "golem-normal", "itinerant", "roamer-normal", "drifter-*"],
						priority: 1.6,
						movespeed: 0.024,
						seekingRange: 15,
						animation: "Walk",
						animationSpeed: 2,
						whenInEmotionState: "fleeondamage",
					},
					{
						code: "getoutofwater",
						priority: 1.4,
						movespeed: 0.015,
						animation: "Walk",
						animationSpeed: 2.2
					},
					{
						code: "wander", 
						priority: 1.0, 
						priorityForCancel: 1.35,
						movespeed: 0.006,
						animation: "walk",
						preferredLightLevel: 20
					},
					{
						code: "idle",
						priority: 0.9,
						minduration: 5000,
						maxduration: 30000,
						mincooldown: 2000,
						maxcooldown: 120000,
						priorityForCancel: 1.33,
						animation: "idle",
						whenNotInEmotionState: "aggressiveondamage",
						stopOnNearbyEntityCodes: ["player"],
						stopRange: 5
					},
					{ 
						code: "lookaround", 
						priority: 0.5
					}
				]
			},
			{ "code":
				"harvestable",
				"duration": 2,
				"dropsByType": {
					"miasma": [
						{
							"type": "item",
							"code": "rot",
							"quantity": { "avg": 1, "var": 0 }
						},
						{
							"type": "item",
							"code": "rustandrot:miasmawarts",
							"quantity": { "avg": 1, "var": 0 }
						},
						{
							"type": "item",
							"code": "insect-grub",
							"quantity": { "avg": 1, "var": 0.25 }
						}
					]
				}
			}
		],
		
		"spawnconditions": {
			"runtime": {
				"group": "hostile",
				"chance": 0.0001,
				"maxQuantity": 1,
				"maxLightLevel": 4,
				"minLightLevel": 0,
				"lightLevelType": "onlyBlockLight",
				"groupSize": { "dist": "invexp", "avg": 1, "var": 0 },
				"insideBlockCodes": ["game:air", "game:tallgrass-*", "game:snowlayer-1"],
				"minY":0,
				"maxY": 2,
				"companions": ["parasitic-fly", "parasitic-fly"]
				}
			},
	sounds: {
	},
	idleSoundChance: 0.05
}
}