{
	"editor": {
		"collapsedPaths": "Root/bandN/toothR1,Root/bandN/toothL1",
		"allAngles": true,
		"entityTextureMode": true
	},
	"textureWidth": 64,
	"textureHeight": 64,
	"textureSizes": {
		"material": [64,64],
		"gland": [16,16]
	},
	"textures": {
	},
	"elements": [
		{
			"name": "GamUpperTorso",
			"stepParentName": "UpperTorso",
			"from": [ -0.5, -0.2, -0.5 ],
			"to": [ 5.5, 5.2, 6.7 ],
			"uv": [ 0.0, 0.0 ],
			"rotationOrigin": [ -0.5, -0.2, -0.5 ],
			"faces": {
				"north": { "texture": "#material", "uv": [ 0.0, 7.0, 6.0, 12.0 ] },
				"east": { "texture": "#material", "uv": [ 6.0, 7.0, 13.0, 12.0 ] },
				"south": { "texture": "#material", "uv": [ 13.0, 7.0, 19.0, 12.0 ] },
				"west": { "texture": "#material", "uv": [ 19.0, 7.0, 26.0, 12.0 ] },
				"up": { "texture": "#material", "uv": [ 0.0, 0.0, 6.0, 7.0 ] },
				"down": { "texture": "#material", "uv": [ 6.0, 0.0, 12.0, 7.0 ] }
			},
			"children": [
				{
					"name": "GamCollarR",
					"from": [ 0.3, 5.4, 0.6 ],
					"to": [ 5.3, 6.7, 1.4 ],
					"unwrapMode": 5,
					"uv": [ 49.0, 18.5 ],
					"rotationOrigin": [ 0.3, 5.4, 1.4 ],
					"rotationX": -25.0,
					"faces": {
						"north": { "texture": "#material", "uv": [ 50.0, 18.5, 55.0, 19.5 ], "rotation": 180 },
						"east": { "texture": "#material", "uv": [ 55.0, 19.5, 56.0, 20.0 ], "rotation": 90 },
						"south": { "texture": "#material", "uv": [ 50.0, 20.0, 55.0, 21.0 ] },
						"west": { "texture": "#material", "uv": [ 49.0, 19.5, 50.0, 20.0 ], "rotation": 270 },
						"up": { "texture": "#material", "uv": [ 50.0, 19.5, 55.0, 20.0 ] }
					}
				},
				{
					"name": "GamCollarL",
					"from": [ 0.3, 5.4, 5.8 ],
					"to": [ 5.3, 6.7, 6.6 ],
					"unwrapMode": 5,
					"uv": [ 49.0, 16.0 ],
					"rotationOrigin": [ 0.3, 5.4, 5.8 ],
					"rotationX": 25.0,
					"faces": {
						"north": { "texture": "#material", "uv": [ 50.0, 16.0, 55.0, 17.0 ], "rotation": 180 },
						"east": { "texture": "#material", "uv": [ 55.0, 17.0, 56.0, 17.5 ], "rotation": 90 },
						"south": { "texture": "#material", "uv": [ 50.0, 17.5, 55.0, 18.5 ] },
						"west": { "texture": "#material", "uv": [ 49.0, 17.0, 50.0, 17.5 ], "rotation": 270 },
						"up": { "texture": "#material", "uv": [ 50.0, 17.0, 55.0, 17.5 ] }
					}
				},
				{
					"name": "GamCollarRear",
					"from": [ 4.7, 5.4, 0.6 ],
					"to": [ 5.5, 6.7, 6.6 ],
					"unwrapMode": 5,
					"uv": [ 61.5, 20.0 ],
					"rotationOrigin": [ 4.7, 5.4, 0.6 ],
					"rotationZ": -25.0,
					"faces": {
						"north": { "texture": "#material", "uv": [ 62.5, 20.0, 63.0, 21.0 ], "rotation": 180 },
						"east": { "texture": "#material", "uv": [ 63.0, 21.0, 64.0, 27.0 ], "rotation": 90 },
						"south": { "texture": "#material", "uv": [ 62.5, 27.0, 63.0, 28.0 ] },
						"west": { "texture": "#material", "uv": [ 61.5, 21.0, 62.5, 27.0 ], "rotation": 270 },
						"up": { "texture": "#material", "uv": [ 62.5, 21.0, 63.0, 27.0 ] }
					}
				},
				{
					"name": "Rot3",
					"from": [ -0.9, 0.2, 0.5 ],
					"to": [ 1.3, 4.6, 6.8 ],
					"autoUnwrap": false,
					"uv": [ 22.0, 14.0 ],
					"rotationOrigin": [ -0.9, 0.2, 0.5 ],
					"faces": {
						"north": { "texture": "#gland", "uv": [ 4.0, 0.5, 6.0, 4.5 ] },
						"east": { "texture": "#gland", "uv": [ 6.0, 2.5, 12.0, 6.5 ] },
						"south": { "texture": "#gland", "uv": [ 0.0, 3.5, 2.0, 7.5 ] },
						"west": { "texture": "#gland", "uv": [ 7.0, 1.5, 13.0, 5.5 ] },
						"up": { "texture": "#gland", "uv": [ 11.5, 10.0, 13.5, 16.0 ] },
						"down": { "texture": "#gland", "uv": [ 10.5, 1.5, 12.5, 7.5 ] }
					},
					"children": [
						{
							"name": "string4",
							"from": [ -0.2, 2.0, -0.4 ],
							"to": [ 4.6, 2.6, 6.6 ],
							"uv": [ 0.0, 51.0 ],
							"rotationOrigin": [ -0.2, 2.0, -0.4 ],
							"faces": {
								"north": { "texture": "#material", "uv": [ 0.0, 58.0, 4.5, 58.5 ] },
								"east": { "texture": "#material", "uv": [ 4.5, 58.0, 11.5, 58.5 ] },
								"south": { "texture": "#material", "uv": [ 11.5, 58.0, 16.0, 58.5 ] },
								"west": { "texture": "#material", "uv": [ 16.0, 58.0, 23.0, 58.5 ] },
								"up": { "texture": "#material", "uv": [ 0.0, 51.0, 4.5, 58.0 ] },
								"down": { "texture": "#material", "uv": [ 4.5, 51.0, 9.0, 58.0 ] }
							}
						}
					]
				}
			]
		},
		{
			"name": "GamLowerTorso",
			"stepParentName": "LowerTorso",
			"from": [ -0.5, -0.5, -0.5 ],
			"to": [ 5.5, 5.4, 6.5 ],
			"uv": [ 0.0, 12.0 ],
			"rotationOrigin": [ -0.5, -0.5, -0.5 ],
			"faces": {
				"north": { "texture": "#material", "uv": [ 0.0, 19.0, 6.0, 24.5 ] },
				"east": { "texture": "#material", "uv": [ 6.0, 19.0, 13.0, 24.5 ] },
				"south": { "texture": "#material", "uv": [ 13.0, 19.0, 19.0, 24.5 ] },
				"west": { "texture": "#material", "uv": [ 19.0, 19.0, 26.0, 24.5 ] },
				"up": { "texture": "#material", "uv": [ 0.0, 12.0, 6.0, 19.0 ] },
				"down": { "texture": "#material", "uv": [ 6.0, 12.0, 12.0, 19.0 ] }
			}
		},
		{
			"name": "GamUpperArmR",
			"stepParentName": "UpperArmR",
			"from": [ -0.2, -0.2, -0.3 ],
			"to": [ 3.2, 7.2, 2.1 ],
			"uv": [ 36.0, 0.0 ],
			"rotationOrigin": [ -0.2, -0.2, -0.3 ],
			"faces": {
				"north": { "texture": "#material", "uv": [ 36.0, 2.0, 39.0, 9.0 ] },
				"east": { "texture": "#material", "uv": [ 39.0, 2.0, 41.0, 9.0 ] },
				"south": { "texture": "#material", "uv": [ 41.0, 2.0, 44.0, 9.0 ] },
				"west": { "texture": "#material", "uv": [ 44.0, 2.0, 46.0, 9.0 ] },
				"up": { "texture": "#material", "uv": [ 36.0, 0.0, 39.0, 2.0 ] },
				"down": { "texture": "#material", "uv": [ 39.0, 0.0, 42.0, 2.0 ] }
			},
			"children": [
				{
					"name": "Rot",
					"from": [ -0.5, 0.2, -0.3 ],
					"to": [ 3.8, 7.6, 1.4 ],
					"autoUnwrap": false,
					"uv": [ 22.0, 14.0 ],
					"rotationOrigin": [ -0.5, 0.2, -0.3 ],
					"faces": {
						"north": { "texture": "#gland", "uv": [ 4.0, 0.5, 8.0, 7.5 ] },
						"east": { "texture": "#gland", "uv": [ 6.0, 2.5, 7.5, 9.5 ], "windMode": [-1,-1,-1,-1], "windData": [0,1,1,0] },
						"south": { "texture": "#gland", "uv": [ 0.0, 3.5, 4.0, 10.5 ], "windMode": [-1,-1,-1,-1], "windData": [0,0,1,1] },
						"west": { "texture": "#gland", "uv": [ 7.0, 1.5, 8.5, 8.5 ], "windMode": [-1,-1,-1,-1], "windData": [0,0,1,1] },
						"up": { "texture": "#gland", "uv": [ 11.5, 10.0, 15.5, 11.5 ], "windMode": [-1,-1,-1,-1], "windData": [1,1,1,1] },
						"down": { "texture": "#gland", "uv": [ 10.5, 1.5, 14.5, 3.0 ], "windMode": [-1,-1,-1,-1] }
					},
					"children": [
						{
							"name": "string1",
							"from": [ -0.2, 3.0, -0.4 ],
							"to": [ 4.6, 3.6, 3.3 ],
							"uv": [ 26.0, 9.0 ],
							"rotationOrigin": [ -0.2, 3.0, -0.4 ],
							"rotationX": 8.0,
							"faces": {
								"north": { "texture": "#material", "uv": [ 26.0, 12.5, 30.5, 13.0 ] },
								"east": { "texture": "#material", "uv": [ 30.5, 12.5, 34.0, 13.0 ] },
								"south": { "texture": "#material", "uv": [ 34.0, 12.5, 38.5, 13.0 ] },
								"west": { "texture": "#material", "uv": [ 38.5, 12.5, 42.0, 13.0 ] },
								"up": { "texture": "#material", "uv": [ 26.0, 9.0, 30.5, 12.5 ] },
								"down": { "texture": "#material", "uv": [ 30.5, 9.0, 35.0, 12.5 ] }
							}
						}
					]
				}
			]
		},
		{
			"name": "GamUpperArmL",
			"stepParentName": "UpperArmL",
			"from": [ -0.2, -0.2, -0.2 ],
			"to": [ 3.2, 7.2, 2.2 ],
			"uv": [ 26.0, 0.0 ],
			"rotationOrigin": [ -0.2, -0.2, -0.2 ],
			"faces": {
				"north": { "texture": "#material", "uv": [ 26.0, 2.0, 29.0, 9.0 ] },
				"east": { "texture": "#material", "uv": [ 29.0, 2.0, 31.0, 9.0 ] },
				"south": { "texture": "#material", "uv": [ 31.0, 2.0, 34.0, 9.0 ] },
				"west": { "texture": "#material", "uv": [ 34.0, 2.0, 36.0, 9.0 ] },
				"up": { "texture": "#material", "uv": [ 26.0, 0.0, 29.0, 2.0 ] },
				"down": { "texture": "#material", "uv": [ 29.0, 0.0, 32.0, 2.0 ] }
			},
			"children": [
				{
					"name": "Rot2",
					"from": [ -0.4, 0.2, 0.9 ],
					"to": [ 3.9, 7.6, 2.6 ],
					"autoUnwrap": false,
					"uv": [ 22.0, 14.0 ],
					"rotationOrigin": [ -0.4, 0.2, 0.9 ],
					"faces": {
						"north": { "texture": "#gland", "uv": [ 4.0, 0.5, 8.0, 7.5 ] },
						"east": { "texture": "#gland", "uv": [ 6.0, 2.5, 7.5, 9.5 ] },
						"south": { "texture": "#gland", "uv": [ 0.0, 3.5, 4.0, 10.5 ] },
						"west": { "texture": "#gland", "uv": [ 7.0, 1.5, 8.5, 8.5 ] },
						"up": { "texture": "#gland", "uv": [ 11.5, 10.0, 15.5, 11.5 ] },
						"down": { "texture": "#gland", "uv": [ 10.5, 1.5, 14.5, 3.0 ] }
					},
					"children": [
						{
							"name": "string2",
							"from": [ -0.3, 4.0, -1.7 ],
							"to": [ 4.5, 4.6, 2.0 ],
							"uv": [ 26.0, 9.0 ],
							"rotationOrigin": [ -0.3, 4.0, -1.7 ],
							"rotationX": -8.0,
							"faces": {
								"north": { "texture": "#material", "uv": [ 26.0, 12.5, 30.5, 13.0 ] },
								"east": { "texture": "#material", "uv": [ 30.5, 12.5, 34.0, 13.0 ] },
								"south": { "texture": "#material", "uv": [ 34.0, 12.5, 38.5, 13.0 ] },
								"west": { "texture": "#material", "uv": [ 38.5, 12.5, 42.0, 13.0 ] },
								"up": { "texture": "#material", "uv": [ 26.0, 9.0, 30.5, 12.5 ] },
								"down": { "texture": "#material", "uv": [ 30.5, 9.0, 35.0, 12.5 ] }
							}
						},
						{
							"name": "string3",
							"from": [ -0.3, 2.0, -1.5 ],
							"to": [ 4.5, 2.6, 2.2 ],
							"uv": [ 26.0, 9.0 ],
							"rotationOrigin": [ -0.3, 2.0, -1.5 ],
							"rotationX": -8.0,
							"faces": {
								"north": { "texture": "#material", "uv": [ 26.0, 12.5, 30.5, 13.0 ] },
								"east": { "texture": "#material", "uv": [ 30.5, 12.5, 34.0, 13.0 ] },
								"south": { "texture": "#material", "uv": [ 34.0, 12.5, 38.5, 13.0 ] },
								"west": { "texture": "#material", "uv": [ 38.5, 12.5, 42.0, 13.0 ] },
								"up": { "texture": "#material", "uv": [ 26.0, 9.0, 30.5, 12.5 ] },
								"down": { "texture": "#material", "uv": [ 30.5, 9.0, 35.0, 12.5 ] }
							}
						}
					]
				}
			]
		},
		{
			"name": "GamLowerArmR",
			"stepParentName": "LowerArmR",
			"from": [ -0.2, 1.8, -0.25 ],
			"to": [ 2.7, 8.2, 2.25 ],
			"uv": [ 36.0, 9.0 ],
			"rotationOrigin": [ -0.2, 1.8, -0.4 ],
			"faces": {
				"north": { "texture": "#material", "uv": [ 36.0, 11.5, 38.5, 17.5 ] },
				"east": { "texture": "#material", "uv": [ 38.5, 11.5, 41.0, 17.5 ] },
				"south": { "texture": "#material", "uv": [ 41.0, 11.5, 43.5, 17.5 ] },
				"west": { "texture": "#material", "uv": [ 43.5, 11.5, 46.0, 17.5 ] },
				"up": { "texture": "#material", "uv": [ 36.0, 9.0, 38.5, 11.5 ] },
				"down": { "texture": "#material", "uv": [ 38.5, 9.0, 41.0, 11.5 ] }
			}
		},
		{
			"name": "GamLowerArmL",
			"stepParentName": "LowerArmL",
			"from": [ -0.2, 1.8, -0.25 ],
			"to": [ 2.7, 8.2, 2.25 ],
			"uv": [ 26.0, 9.0 ],
			"rotationOrigin": [ -0.2, 1.8, -0.3 ],
			"faces": {
				"north": { "texture": "#material", "uv": [ 26.0, 11.5, 28.5, 17.5 ] },
				"east": { "texture": "#material", "uv": [ 28.5, 11.5, 31.0, 17.5 ] },
				"south": { "texture": "#material", "uv": [ 31.0, 11.5, 33.5, 17.5 ] },
				"west": { "texture": "#material", "uv": [ 33.5, 11.5, 36.0, 17.5 ] },
				"up": { "texture": "#material", "uv": [ 26.0, 9.0, 28.5, 11.5 ] },
				"down": { "texture": "#material", "uv": [ 28.5, 9.0, 31.0, 11.5 ] }
			}
		},
		{
			"name": "GamCoatR",
			"stepParentName": "UpperFootR",
			"from": [ -0.7, 0.2, -0.45 ],
			"to": [ 4.9, 7.2, 3.05 ],
			"autoUnwrap": false,
			"uv": [ 18.0, 24.5 ],
			"rotationOrigin": [ -0.7, 0.2, -0.6 ],
			"faces": {
				"north": { "texture": "#material", "uv": [ 18.0, 28.0, 23.5, 35.0 ] },
				"east": { "texture": "#material", "uv": [ 23.5, 28.0, 27.0, 35.0 ] },
				"south": { "texture": "#material", "uv": [ 27.0, 28.0, 32.5, 35.0 ] },
				"west": { "texture": "#material", "uv": [ 32.5, 28.0, 36.0, 35.0 ] },
				"up": { "texture": "#material", "uv": [ 18.0, 24.5, 23.5, 28.0 ], "rotation": 180 },
				"down": { "texture": "#material", "uv": [ 23.5, 24.5, 29.0, 28.0 ], "rotation": 180 }
			},
			"children": [
				{
					"name": "LegCoverR",
					"from": [ 0.6, 0.1, 0.3 ],
					"to": [ 5.1, 8.9, 3.7 ],
					"autoUnwrap": false,
					"uv": [ 49.5, 45.5 ],
					"rotationOrigin": [ 0.6, 0.1, 0.3 ],
					"faces": {
						"north": { "texture": "#material", "uv": [ 54.0, 55.5, 58.5, 64.0 ] },
						"east": { "texture": "#material", "uv": [ 54.0, 52.5, 57.0, 61.0 ] },
						"south": { "texture": "#material", "uv": [ 57.0, 55.5, 61.5, 64.0 ] },
						"west": { "texture": "#material", "uv": [ 61.0, 55.5, 64.0, 64.0 ] },
						"up": { "texture": "#material", "uv": [ 54.0, 49.5, 58.5, 52.5 ] },
						"down": { "texture": "#material", "uv": [ 54.0, 46.5, 58.5, 49.5 ] }
					}
				}
			]
		},
		{
			"name": "GamCoatL",
			"stepParentName": "UpperFootL",
			"from": [ -0.7, 0.2, 0.15 ],
			"to": [ 4.9, 7.2, 3.65 ],
			"uv": [ 0.0, 24.5 ],
			"rotationOrigin": [ -0.7, 0.2, 0.0 ],
			"faces": {
				"north": { "texture": "#material", "uv": [ 0.0, 28.0, 5.5, 35.0 ] },
				"east": { "texture": "#material", "uv": [ 5.5, 28.0, 9.0, 35.0 ] },
				"south": { "texture": "#material", "uv": [ 9.0, 28.0, 14.5, 35.0 ] },
				"west": { "texture": "#material", "uv": [ 14.5, 28.0, 18.0, 35.0 ] },
				"up": { "texture": "#material", "uv": [ 0.0, 24.5, 5.5, 28.0 ] },
				"down": { "texture": "#material", "uv": [ 5.5, 24.5, 11.0, 28.0 ] }
			},
			"children": [
				{
					"name": "LegCoverL",
					"from": [ 0.6, 0.1, -0.2 ],
					"to": [ 5.1, 8.9, 3.2 ],
					"autoUnwrap": false,
					"uv": [ 0.0, 0.0 ],
					"rotationOrigin": [ 0.6, 0.1, -0.2 ],
					"faces": {
						"north": { "texture": "#material", "uv": [ 54.0, 55.5, 58.5, 64.0 ] },
						"east": { "texture": "#material", "uv": [ 54.0, 52.5, 57.0, 61.0 ] },
						"south": { "texture": "#material", "uv": [ 57.0, 55.5, 61.5, 64.0 ] },
						"west": { "texture": "#material", "uv": [ 61.0, 55.5, 64.0, 64.0 ] },
						"up": { "texture": "#material", "uv": [ 54.0, 49.5, 58.5, 52.5 ] },
						"down": { "texture": "#material", "uv": [ 54.0, 46.5, 58.5, 49.5 ] }
					}
				}
			]
		}
	]}