{
	"editor": {
		"collapsedPaths": "Root/bandN/toothR1,Root/bandN/toothL1",
		"allAngles": true,
		"entityTextureMode": true
	},
	"textureWidth": 64,
	"textureHeight": 64,
	"textureSizes": {
	},
	"textures": {
	},
	"elements": [
		{
			"name": "GamUpperTorso",
			"stepParentName": "UpperTorso",
			"from": [ -0.5, -0.2, -0.5 ],
			"to": [ 5.5, 5.2, 6.7 ],
			"unwrapMode": 4,
			"autoUnwrap": false,
			"uv": [ 40.0, -0.5 ],
			"rotationOrigin": [ -0.5, -0.2, -0.5 ],
			"faces": {
				"north": { "texture": "#material", "uv": [ 41.5, 5.5, 47.5, 10.5 ], "windMode": [-1,-1,-1,-1] },
				"east": { "texture": "#material", "uv": [ 57.0, 5.5, 64.0, 10.5 ] },
				"south": { "texture": "#material", "uv": [ 53.0, 5.5, 59.0, 10.5 ] },
				"west": { "texture": "#material", "uv": [ 46.0, 5.5, 53.0, 10.5 ], "windMode": [-1,-1,-1,-1] },
				"up": { "texture": "#material", "uv": [ 45.5, 0.0, 52.5, 6.0 ], "rotation": 90 },
				"down": { "texture": "#material", "uv": [ 56.5, 28.0, 63.5, 34.0 ], "rotation": 90, "windMode": [-1,-1,-1,-1] }
			}
		},
		{
			"name": "GamLowerTorso",
			"stepParentName": "LowerTorso",
			"from": [ -0.5, -0.5, -0.5 ],
			"to": [ 5.5, 5.4, 6.5 ],
			"unwrapMode": 4,
			"autoUnwrap": false,
			"uv": [ 11.0, 10.0 ],
			"rotationOrigin": [ -0.5, -0.5, -0.5 ],
			"faces": {
				"north": { "texture": "#material", "uv": [ 46.0, 8.0, 52.0, 13.5 ] },
				"east": { "texture": "#material", "uv": [ 43.0, 9.5, 50.0, 15.0 ] },
				"south": { "texture": "#material", "uv": [ 54.0, 9.0, 60.0, 14.5 ] },
				"west": { "texture": "#material", "uv": [ 43.5, 1.5, 50.5, 7.0 ] },
				"up": { "texture": "#material", "uv": [ 56.5, 28.0, 63.5, 34.0 ], "rotation": 90, "windMode": [-1,-1,-1,-1] },
				"down": { "texture": "#material", "uv": [ 45.0, 7.0, 52.0, 13.0 ], "rotation": 90 }
			}
		},
		{
			"name": "GamUpperArmR",
			"stepParentName": "UpperArmR",
			"from": [ -0.2, -0.2, -0.3 ],
			"to": [ 3.2, 7.2, 2.1 ],
			"autoUnwrap": false,
			"uv": [ 42.0, 39.5 ],
			"rotationOrigin": [ -0.2, -0.2, -0.3 ],
			"faces": {
				"north": { "texture": "#material", "uv": [ 42.0, 41.5, 45.0, 48.5 ] },
				"east": { "texture": "#material", "uv": [ 45.0, 41.5, 47.0, 48.5 ] },
				"south": { "texture": "#material", "uv": [ 47.0, 41.5, 50.0, 48.5 ] },
				"west": { "texture": "#material", "uv": [ 50.0, 41.5, 52.0, 48.5 ] },
				"up": { "texture": "#material", "uv": [ 43.0, 39.5, 46.0, 41.5 ] },
				"down": { "texture": "#material", "uv": [ 45.0, 39.5, 48.0, 41.5 ] }
			}
		},
		{
			"name": "GamUpperArmL",
			"stepParentName": "UpperArmL",
			"from": [ -0.2, -0.2, -0.2 ],
			"to": [ 3.2, 7.2, 2.2 ],
			"autoUnwrap": false,
			"uv": [ 31.0, 39.5 ],
			"rotationOrigin": [ -0.2, -0.2, -0.2 ],
			"faces": {
				"north": { "texture": "#material", "uv": [ 31.5, 41.5, 34.5, 48.5 ] },
				"east": { "texture": "#material", "uv": [ 34.0, 41.5, 36.0, 48.5 ] },
				"south": { "texture": "#material", "uv": [ 36.0, 41.5, 39.0, 48.5 ] },
				"west": { "texture": "#material", "uv": [ 39.0, 41.5, 41.0, 48.5 ] },
				"up": { "texture": "#material", "uv": [ 36.5, 39.0, 39.5, 41.0 ] },
				"down": { "texture": "#material", "uv": [ 35.5, 48.5, 38.5, 50.5 ] }
			}
		},
		{
			"name": "GamLowerArmR",
			"stepParentName": "LowerArmR",
			"from": [ -0.2, 1.8, -0.25 ],
			"to": [ 2.7, 8.2, 2.25 ],
			"autoUnwrap": false,
			"uv": [ 42.5, 51.5 ],
			"rotationOrigin": [ -0.2, 1.8, -0.4 ],
			"faces": {
				"north": { "texture": "#material", "uv": [ 42.5, 53.5, 45.0, 59.5 ] },
				"east": { "texture": "#material", "uv": [ 45.0, 54.0, 47.5, 60.0 ] },
				"south": { "texture": "#material", "uv": [ 47.5, 54.0, 50.0, 60.0 ] },
				"west": { "texture": "#material", "uv": [ 48.5, 54.0, 51.0, 60.0 ] },
				"up": { "texture": "#material", "uv": [ 42.5, 51.5, 45.0, 54.0 ] },
				"down": { "texture": "#material", "uv": [ 45.0, 51.5, 47.5, 54.0 ] }
			}
		},
		{
			"name": "GamLowerArmL",
			"stepParentName": "LowerArmL",
			"from": [ -0.2, 1.8, -0.25 ],
			"to": [ 2.7, 8.2, 2.25 ],
			"autoUnwrap": false,
			"uv": [ 32.0, 50.5 ],
			"rotationOrigin": [ -0.2, 1.8, -0.3 ],
			"faces": {
				"north": { "texture": "#material", "uv": [ 32.0, 53.0, 34.5, 59.0 ] },
				"east": { "texture": "#material", "uv": [ 34.5, 53.0, 37.0, 59.0 ] },
				"south": { "texture": "#material", "uv": [ 37.0, 53.0, 39.5, 59.0 ] },
				"west": { "texture": "#material", "uv": [ 37.5, 53.0, 40.0, 59.0 ] },
				"up": { "texture": "#material", "uv": [ 32.0, 50.5, 34.5, 53.0 ] },
				"down": { "texture": "#material", "uv": [ 34.5, 50.5, 37.0, 53.0 ] }
			}
		},
		{
			"name": "GamCoatR",
			"stepParentName": "UpperFootR",
			"from": [ -0.7, 0.2, -0.45 ],
			"to": [ 4.9, 7.2, 3.05 ],
			"unwrapMode": 4,
			"autoUnwrap": false,
			"uv": [ 24.5, 16.0 ],
			"rotationOrigin": [ -0.7, 0.2, -0.6 ],
			"faces": {
				"north": { "texture": "#material", "uv": [ 1.0, 37.0, 6.5, 44.0 ] },
				"east": { "texture": "#material", "uv": [ 21.0, 36.5, 24.5, 43.5 ] },
				"south": { "texture": "#material", "uv": [ 21.0, 38.5, 26.5, 45.5 ] },
				"west": { "texture": "#material", "uv": [ 6.5, 39.0, 10.0, 46.0 ] },
				"up": { "texture": "#material", "uv": [ 26.5, 37.5, 30.0, 43.0 ], "rotation": 90 },
				"down": { "texture": "#material", "uv": [ 14.5, 40.5, 18.0, 46.0 ], "rotation": 90 }
			},
			"children": [
				{
					"name": "LegCoverR",
					"from": [ 0.6, 0.1, 0.3 ],
					"to": [ 5.1, 8.9, 3.7 ],
					"autoUnwrap": false,
					"uv": [ 49.5, 45.5 ],
					"rotationOrigin": [ 0.6, 0.1, 0.3 ],
					"faces": {
						"north": { "texture": "#material", "uv": [ 54.0, 55.5, 58.5, 64.0 ] },
						"east": { "texture": "#material", "uv": [ 54.0, 52.5, 57.0, 61.0 ] },
						"south": { "texture": "#material", "uv": [ 57.0, 55.5, 61.5, 64.0 ] },
						"west": { "texture": "#material", "uv": [ 61.0, 55.5, 64.0, 64.0 ] },
						"up": { "texture": "#material", "uv": [ 54.0, 49.5, 58.5, 52.5 ] },
						"down": { "texture": "#material", "uv": [ 54.0, 46.5, 58.5, 49.5 ] }
					}
				}
			]
		},
		{
			"name": "GamCoatL",
			"stepParentName": "UpperFootL",
			"from": [ -0.7, 0.2, 0.15 ],
			"to": [ 4.9, 7.2, 3.65 ],
			"unwrapMode": 4,
			"autoUnwrap": false,
			"uv": [ 4.5, 48.0 ],
			"rotationOrigin": [ -0.7, 0.2, 0.0 ],
			"faces": {
				"north": { "texture": "#material", "uv": [ 5.0, 39.5, 10.5, 46.5 ] },
				"east": { "texture": "#material", "uv": [ 7.0, 37.0, 10.5, 44.0 ] },
				"south": { "texture": "#material", "uv": [ 1.0, 37.0, 6.5, 44.0 ] },
				"west": { "texture": "#material", "uv": [ 19.5, 34.0, 23.0, 41.0 ] },
				"up": { "texture": "#material", "uv": [ 26.5, 37.5, 30.0, 43.0 ], "rotation": 90 },
				"down": { "texture": "#material", "uv": [ 10.5, 40.5, 14.0, 46.0 ], "rotation": 90 }
			},
			"children": [
				{
					"name": "LegCoverL",
					"from": [ 0.6, 0.1, -0.2 ],
					"to": [ 5.1, 8.9, 3.2 ],
					"autoUnwrap": false,
					"uv": [ 0.0, 0.0 ],
					"rotationOrigin": [ 0.6, 0.1, -0.2 ],
					"faces": {
						"north": { "texture": "#material", "uv": [ 54.0, 55.5, 58.5, 64.0 ] },
						"east": { "texture": "#material", "uv": [ 54.0, 52.5, 57.0, 61.0 ] },
						"south": { "texture": "#material", "uv": [ 57.0, 55.5, 61.5, 64.0 ] },
						"west": { "texture": "#material", "uv": [ 61.0, 55.5, 64.0, 64.0 ] },
						"up": { "texture": "#material", "uv": [ 54.0, 49.5, 58.5, 52.5 ] },
						"down": { "texture": "#material", "uv": [ 54.0, 46.5, 58.5, 49.5 ] }
					}
				}
			]
		}
	]}