{
	"code": "heavytar",
	"matterState": "liquid",
	combustibleProps: {
		burnTemperature: 900,
		burnDuration: 60	
	},
	"attributes": {
	  "repairgain": 0.001
	  
	},
	"shape": { "base": "game:item/resin" },
	"textures": {
	  "resin": {
		"base": "game:block/coal/anthracite",
		"alpha": 255
	  }
	},
	"creativeinventory": {
	  "general": [ "*" ],
	  "items": [ "*" ],
	  "rustandrotalathra": [ "*" ]
	},
	"maxstacksize": 64,
	"materialDensity": 200,
	"guiTransform": {
	  "translation": {
		"x": 1,
		"y": 0,
		"z": 0
	  },
	  "rotation": {
		"x": -31,
		"y": -39,
		"z": -180
	  },
	  "origin": {
		"x": 0.5,
		"y": 0.1,
		"z": 0.5
	  },
	  "scale": 3.6
	},
	"fpHandTransform": {
	  "translation": {
		"x": 0,
		"y": 0,
		"z": 0
	  },
	  "rotation": {
		"x": 4,
		"y": 15,
		"z": 0
	  },
	  "origin": {
		"x": 0.5,
		"y": 0.1,
		"z": 0.5
	  },
	  "scale": 1.97
	},
	"groundTransform": {
	  "translation": {
		"x": 0,
		"y": 0,
		"z": 0
	  },
	  "rotation": {
		"x": 0,
		"y": 0,
		"z": 0
	  },
	  "origin": {
		"x": 0.5,
		"y": 0,
		"z": 0.5
	  },
	  "scale": 2.7
	},
	"tpHandTransform": {
	  "translation": {
		"x": -0.73,
		"y": -0.1,
		"z": -0.67
	  },
	  "rotation": {
		"x": -50,
		"y": 27,
		"z": -28
	  },
	  "origin": {
		"x": 0.5,
		"y": 0.1,
		"z": 0.5
	  },
	  "scale": 0.75
	}
  }